time="2026-09-23T15:00:56+02:00" level=info msg="maven wrapper path" mvnwPath=/Users/achim/.appcat/maven-wrapper/mvnw provider=java wrapperPaths="[\"/var/folders/60/f_l92jt16f9d55p9w65prr9r0000gn/T/provider-boundary.vHdjjg/baseline/.mvn\",\"/var/folders/60/f_l92jt16f9d55p9w65prr9r0000gn/T/provider-boundary.vHdjjg/baseline/.mvn/wrapper/maven-wrapper.jar\",\"/var/folders/60/f_l92jt16f9d55p9w65prr9r0000gn/T/provider-boundary.vHdjjg/baseline/.mvn/wrapper/maven-wrapper.properties\"]"
time="2026-09-23T15:00:56+02:00" level=info msg="setting parallelism parameters" java.util.concurrent.ForkJoinPool.common.parallelism=10 provider=java runtime.NumCPU=10
time="2026-09-23T15:00:56+02:00" level=info msg="Stderr pipe created successfully" provider=java
time="2026-09-23T15:00:56+02:00" level=info msg="preparing to start JDTLS language server process" provider=java
time="2026-09-23T15:00:56+02:00" level=info msg="JDTLS process started successfully" provider=java
time="2026-09-23T15:00:56+02:00" level=info msg="configuring RPC concurrency limit" forkJoinParallelism=10 provider=java rpcConcurrencyLimit=7
time="2026-09-23T15:00:56+02:00" level=info msg="Starting RPC connection run loop" provider=java
time="2026-09-23T15:00:57+02:00" level=info msg="[JDTLS]" output="Sept. 23, 2026 3:00:57 PM org.apache.aries.spifly.BaseActivator log" provider=java
time="2026-09-23T15:00:57+02:00" level=info msg="[JDTLS]" output="INFORMATION: Registered provider ch.qos.logback.classic.spi.LogbackServiceProvider of service org.slf4j.spi.SLF4JServiceProvider in bundle ch.qos.logback.classic" provider=java
time="2026-09-23T15:00:57+02:00" level=info msg="inject span info" carrier="{}"
time="2026-09-23T15:00:58+02:00" level=info msg="Adding Carrier span info to context" worker=6
time="2026-09-23T15:00:58+02:00" level=info msg="Adding Carrier span info to context" worker=2
time="2026-09-23T15:00:58+02:00" level=info msg="Adding Carrier span info to context" worker=5
time="2026-09-23T15:00:58+02:00" level=info msg="Adding Carrier span info to context" worker=9
time="2026-09-23T15:00:58+02:00" level=info msg="Adding Carrier span info to context" worker=7
time="2026-09-23T15:00:58+02:00" level=info msg="Adding Carrier span info to context" worker=1
time="2026-09-23T15:00:58+02:00" level=info msg="Adding Carrier span info to context" worker=0
time="2026-09-23T15:00:58+02:00" level=info msg="Adding Carrier span info to context" worker=4
time="2026-09-23T15:00:58+02:00" level=info msg="Adding Carrier span info to context" worker=3
time="2026-09-23T15:00:58+02:00" level=info msg="Adding Carrier span info to context" worker=8
time="2026-09-23T15:00:58+02:00" level=info msg="Adding Carrier span info to context" worker=5
time="2026-09-23T15:00:58+02:00" level=info msg="rule returned" ruleID=hardcoded-ip-address
time="2026-09-23T15:00:58+02:00" level=info msg="processed rule" logger=process-rule processed=1 ruleID=hardcoded-ip-address total=312
time="2026-09-23T15:00:58+02:00" level=info msg="Adding Carrier span info to context" worker=4
time="2026-09-23T15:00:58+02:00" level=info msg="rule returned" ruleID=azure-aws-config-region-02000
time="2026-09-23T15:00:58+02:00" level=info msg="processed rule" logger=process-rule processed=2 ruleID=azure-aws-config-region-02000 total=312
time="2026-09-23T15:00:58+02:00" level=info msg="Adding Carrier span info to context" worker=9
time="2026-09-23T15:00:58+02:00" level=info msg="rule returned" ruleID=azure-aws-config-credential-01000
time="2026-09-23T15:00:58+02:00" level=info msg="processed rule" logger=process-rule processed=3 ruleID=azure-aws-config-credential-01000 total=312
time="2026-09-23T15:00:58+02:00" level=info msg="Adding Carrier span info to context" worker=5
time="2026-09-23T15:00:58+02:00" level=info msg="rule returned" ruleID=azure-aws-config-sqs-04004
time="2026-09-23T15:00:58+02:00" level=info msg="processed rule" logger=process-rule processed=4 ruleID=azure-aws-config-sqs-04004 total=312
time="2026-09-23T15:01:00+02:00" level=info msg="dependency analysis result shared from concurrent request" provider=java
time="2026-09-23T15:01:00+02:00" level=info msg="dependency analysis result shared from concurrent request" provider=java
time="2026-09-23T15:01:00+02:00" level=info msg="dependency analysis result shared from concurrent request" provider=java
time="2026-09-23T15:01:00+02:00" level=info msg="dependency analysis result shared from concurrent request" provider=java
time="2026-09-23T15:01:00+02:00" level=info msg="dependency analysis result shared from concurrent request" provider=java
time="2026-09-23T15:01:00+02:00" level=info msg="rule returned" ruleID=azure-aws-config-s3-03001
time="2026-09-23T15:01:00+02:00" level=info msg="Adding Carrier span info to context" worker=1
time="2026-09-23T15:01:00+02:00" level=info msg="dependency analysis result shared from concurrent request" provider=java
time="2026-09-23T15:01:00+02:00" level=info msg="dependency analysis result shared from concurrent request" provider=java
time="2026-09-23T15:01:00+02:00" level=info msg="processed rule" logger=process-rule processed=5 ruleID=azure-aws-config-s3-03001 total=312
time="2026-09-23T15:01:00+02:00" level=info msg="rule returned" ruleID=azure-aws-config-sqs-04002
time="2026-09-23T15:01:00+02:00" level=info msg="Adding Carrier span info to context" worker=8
time="2026-09-23T15:01:00+02:00" level=info msg="processed rule" logger=process-rule processed=6 ruleID=azure-aws-config-sqs-04002 total=312
time="2026-09-23T15:01:00+02:00" level=info msg="dependency analysis result shared from concurrent request" provider=java
time="2026-09-23T15:01:00+02:00" level=info msg="dependency analysis result shared from concurrent request" provider=java
time="2026-09-23T15:01:00+02:00" level=info msg="rule returned" ruleID=azure-aws-config-sqs-04000
time="2026-09-23T15:01:00+02:00" level=info msg="processed rule" logger=process-rule processed=7 ruleID=azure-aws-config-sqs-04000 total=312
time="2026-09-23T15:01:00+02:00" level=info msg="Adding Carrier span info to context" worker=3
time="2026-09-23T15:01:00+02:00" level=info msg="dependency analysis result shared from concurrent request" provider=java
time="2026-09-23T15:01:00+02:00" level=info msg="dependency analysis result shared from concurrent request" provider=java
time="2026-09-23T15:01:00+02:00" level=info msg="Adding Carrier span info to context" worker=9
time="2026-09-23T15:01:00+02:00" level=info msg="rule returned" ruleID=aws-lambda-to-azure-functions-01000
time="2026-09-23T15:01:00+02:00" level=info msg="processed rule" logger=process-rule processed=8 ruleID=aws-lambda-to-azure-functions-01000 total=312
time="2026-09-23T15:01:00+02:00" level=info msg="Adding Carrier span info to context" worker=5
time="2026-09-23T15:01:00+02:00" level=info msg="rule returned" ruleID=aws-bedrock-to-azure-ai-06000
time="2026-09-23T15:01:00+02:00" level=info msg="processed rule" logger=process-rule processed=9 ruleID=aws-bedrock-to-azure-ai-06000 total=312
time="2026-09-23T15:01:00+02:00" level=info msg="Adding Carrier span info to context" worker=3
time="2026-09-23T15:01:00+02:00" level=info msg="rule returned" ruleID=azure-cache-redis-01000
time="2026-09-23T15:01:00+02:00" level=info msg="processed rule" logger=process-rule processed=10 ruleID=azure-cache-redis-01000 total=312
time="2026-09-23T15:01:00+02:00" level=info msg="Adding Carrier span info to context" worker=9
time="2026-09-23T15:01:00+02:00" level=info msg="rule returned" ruleID=azure-database-config-mongodb-02000
time="2026-09-23T15:01:00+02:00" level=info msg="processed rule" logger=process-rule processed=11 ruleID=azure-database-config-mongodb-02000 total=312
time="2026-09-23T15:01:00+02:00" level=info msg="Adding Carrier span info to context" worker=5
time="2026-09-23T15:01:00+02:00" level=info msg="rule returned" ruleID=azure-file-system-02000
time="2026-09-23T15:01:00+02:00" level=info msg="processed rule" logger=process-rule processed=12 ruleID=azure-file-system-02000 total=312
time="2026-09-23T15:01:00+02:00" level=info msg="rule returned" ruleID=azure-file-system-03000
time="2026-09-23T15:01:00+02:00" level=info msg="processed rule" logger=process-rule processed=13 ruleID=azure-file-system-03000 total=312
time="2026-09-23T15:01:00+02:00" level=info msg="Adding Carrier span info to context" worker=3
time="2026-09-23T15:01:00+02:00" level=info msg="Adding Carrier span info to context" worker=3
time="2026-09-23T15:01:00+02:00" level=info msg="rule returned" ruleID=azure-keystore-certificates-01000
time="2026-09-23T15:01:00+02:00" level=info msg="processed rule" logger=process-rule processed=14 ruleID=azure-keystore-certificates-01000 total=312
time="2026-09-23T15:01:00+02:00" level=info msg="Adding Carrier span info to context" worker=9
time="2026-09-23T15:01:00+02:00" level=info msg="rule returned" ruleID=azure-java-version-01000
time="2026-09-23T15:01:00+02:00" level=info msg="processed rule" logger=process-rule processed=15 ruleID=azure-java-version-01000 total=312
time="2026-09-23T15:01:00+02:00" level=info msg="rule returned" ruleID=azure-java-version-02000
time="2026-09-23T15:01:00+02:00" level=info msg="Adding Carrier span info to context" worker=5
time="2026-09-23T15:01:00+02:00" level=info msg="processed rule" logger=process-rule processed=16 ruleID=azure-java-version-02000 total=312
time="2026-09-23T15:01:00+02:00" level=info msg="Adding Carrier span info to context" worker=9
time="2026-09-23T15:01:00+02:00" level=info msg="rule returned" ruleID=azure-message-queue-config-kafka-01000
time="2026-09-23T15:01:00+02:00" level=info msg="processed rule" logger=process-rule processed=17 ruleID=azure-message-queue-config-kafka-01000 total=312
time="2026-09-23T15:01:00+02:00" level=info msg="Adding Carrier span info to context" worker=5
time="2026-09-23T15:01:00+02:00" level=info msg="rule returned" ruleID=azure-message-queue-config-rabbitmq-01000
time="2026-09-23T15:01:00+02:00" level=info msg="processed rule" logger=process-rule processed=18 ruleID=azure-message-queue-config-rabbitmq-01000 total=312
time="2026-09-23T15:01:00+02:00" level=info msg="Adding Carrier span info to context" worker=9
time="2026-09-23T15:01:00+02:00" level=info msg="rule returned" ruleID=azure-message-queue-config-artemis-01000
time="2026-09-23T15:01:00+02:00" level=info msg="processed rule" logger=process-rule processed=19 ruleID=azure-message-queue-config-artemis-01000 total=312
time="2026-09-23T15:01:00+02:00" level=info msg="Adding Carrier span info to context" worker=9
time="2026-09-23T15:01:00+02:00" level=info msg="rule returned" ruleID=azure-message-queue-amqp-02000
time="2026-09-23T15:01:00+02:00" level=info msg="processed rule" logger=process-rule processed=20 ruleID=azure-message-queue-amqp-02000 total=312
time="2026-09-23T15:01:00+02:00" level=info msg="Adding Carrier span info to context" worker=9
time="2026-09-23T15:01:00+02:00" level=info msg="rule returned" ruleID=azure-message-queue-spring-jms-rabbitmq-01000
time="2026-09-23T15:01:00+02:00" level=info msg="processed rule" logger=process-rule processed=21 ruleID=azure-message-queue-spring-jms-rabbitmq-01000 total=312
time="2026-09-23T15:01:01+02:00" level=info msg="Adding Carrier span info to context" worker=9
time="2026-09-23T15:01:01+02:00" level=info msg="rule returned" ruleID=azure-message-queue-activemq-01000
time="2026-09-23T15:01:01+02:00" level=info msg="processed rule" logger=process-rule processed=22 ruleID=azure-message-queue-activemq-01000 total=312
time="2026-09-23T15:01:03+02:00" level=info msg="language server log" line="!MESSAGE KONVEYOR_LOG: Searching in target project: [Lorg.eclipse.jdt.core.IJavaProject;@4d9a4f99" provider=java
time="2026-09-23T15:01:03+02:00" level=info msg="language server log" line="!MESSAGE KONVEYOR_LOG: source-only analysis mode only scoping to Sources" provider=java
time="2026-09-23T15:01:03+02:00" level=info msg="language server log" line="!MESSAGE KONVEYOR_LOG: found errors: [] warnings: []" provider=java
time="2026-09-23T15:01:03+02:00" level=info msg="language server log" line="!MESSAGE KONVEYOR_LOG: Searching in target project: [Lorg.eclipse.jdt.core.IJavaProject;@538caa8" provider=java
time="2026-09-23T15:01:03+02:00" level=info msg="language server log" line="!MESSAGE KONVEYOR_LOG: Searching in target project: [Lorg.eclipse.jdt.core.IJavaProject;@171f7907" provider=java
time="2026-09-23T15:01:03+02:00" level=info msg="language server log" line="!MESSAGE KONVEYOR_LOG: source-only analysis mode only scoping to Sources" provider=java
time="2026-09-23T15:01:03+02:00" level=info msg="language server log" line="!MESSAGE KONVEYOR_LOG: found errors: [] warnings: []" provider=java
time="2026-09-23T15:01:03+02:00" level=info msg="language server log" line="!MESSAGE KONVEYOR_LOG: source-only analysis mode only scoping to Sources" provider=java
time="2026-09-23T15:01:03+02:00" level=info msg="language server log" line="!MESSAGE KONVEYOR_LOG: found errors: [] warnings: []" provider=java
time="2026-09-23T15:01:03+02:00" level=info msg="language server log" line="!MESSAGE KONVEYOR_LOG: Searching in target project: [Lorg.eclipse.jdt.core.IJavaProject;@1f7d00dc" provider=java
time="2026-09-23T15:01:03+02:00" level=info msg="language server log" line="!MESSAGE KONVEYOR_LOG: Searching in target project: [Lorg.eclipse.jdt.core.IJavaProject;@3ddca5ed" provider=java
time="2026-09-23T15:01:03+02:00" level=info msg="language server log" line="!MESSAGE KONVEYOR_LOG: source-only analysis mode only scoping to Sources" provider=java
time="2026-09-23T15:01:03+02:00" level=info msg="language server log" line="!MESSAGE KONVEYOR_LOG: source-only analysis mode only scoping to Sources" provider=java
time="2026-09-23T15:01:03+02:00" level=info msg="language server log" line="!MESSAGE KONVEYOR_LOG: found errors: [] warnings: []" provider=java
time="2026-09-23T15:01:03+02:00" level=info msg="language server log" line="!MESSAGE KONVEYOR_LOG: Searching in target project: [Lorg.eclipse.jdt.core.IJavaProject;@7fad0dbd" provider=java
time="2026-09-23T15:01:03+02:00" level=info msg="language server log" line="!MESSAGE KONVEYOR_LOG: source-only analysis mode only scoping to Sources" provider=java
time="2026-09-23T15:01:03+02:00" level=info msg="language server log" line="!MESSAGE KONVEYOR_LOG: found errors: [] warnings: []" provider=java
time="2026-09-23T15:01:03+02:00" level=info msg="language server log" line="!MESSAGE KONVEYOR_LOG: pattern: PackageDeclarationPattern: <software.amazon.awssdk.services.s3.presigner*>, pattern match, case insensitive, generic full match, fine grain: none | PackageReferencePattern: <software.amazon.awssdk.services.s3.presigner*>, pattern match, case insensitive, generic full match, fine grain: none" provider=java
time="2026-09-23T15:01:03+02:00" level=info msg="language server log" line="!MESSAGE KONVEYOR_LOG: found errors: [] warnings: []" provider=java
time="2026-09-23T15:01:03+02:00" level=info msg="language server log" line="!MESSAGE KONVEYOR_LOG: pattern: PackageDeclarationPattern: <software.amazon.awssdk.services.sqs*>, pattern match, case insensitive, generic full match, fine grain: none | PackageReferencePattern: <software.amazon.awssdk.services.sqs*>, pattern match, case insensitive, generic full match, fine grain: none" provider=java
time="2026-09-23T15:01:03+02:00" level=info msg="language server log" line="!MESSAGE KONVEYOR_LOG: pattern: PackageDeclarationPattern: <com.amazonaws.services.sqs*>, pattern match, case insensitive, generic full match, fine grain: none | PackageReferencePattern: <com.amazonaws.services.sqs*>, pattern match, case insensitive, generic full match, fine grain: none" provider=java
time="2026-09-23T15:01:03+02:00" level=info msg="language server log" line="!MESSAGE KONVEYOR_LOG: pattern: PackageDeclarationPattern: <com.amazonaws.services.s3*>, pattern match, case insensitive, generic full match, fine grain: none | PackageReferencePattern: <com.amazonaws.services.s3*>, pattern match, case insensitive, generic full match, fine grain: none" provider=java
time="2026-09-23T15:01:03+02:00" level=info msg="language server log" line="!MESSAGE KONVEYOR_LOG: Searching in target project: [Lorg.eclipse.jdt.core.IJavaProject;@2c160614" provider=java
time="2026-09-23T15:01:03+02:00" level=info msg="language server log" line="!MESSAGE KONVEYOR_LOG: source-only analysis mode only scoping to Sources" provider=java
time="2026-09-23T15:01:03+02:00" level=info msg="language server log" line="!MESSAGE KONVEYOR_LOG: pattern: TypeDeclarationPattern: qualification<software.amazon.awssdk.services>, type<bedrockruntime*> TypeDeclarationPattern: pkg<*>, enclosing<*>, type<bedrockruntime*>, pattern match, case insensitive, generic full match, fine grain: none | TypeReferencePattern: qualification<software.amazon.awssdk.services>, type<bedrockruntime*>, pattern match, case insensitive, generic full match, fine grain: none" provider=java
time="2026-09-23T15:01:03+02:00" level=info msg="language server log" line="!MESSAGE KONVEYOR_LOG: found errors: [] warnings: []" provider=java
time="2026-09-23T15:01:03+02:00" level=info msg="language server log" line="!MESSAGE KONVEYOR_LOG: pattern: TypeDeclarationPattern: qualification<software.amazon.awssdk.services>, type<secretsmanager*> TypeDeclarationPattern: pkg<*>, enclosing<*>, type<secretsmanager*>, pattern match, case insensitive, generic full match, fine grain: none | TypeReferencePattern: qualification<software.amazon.awssdk.services>, type<secretsmanager*>, pattern match, case insensitive, generic full match, fine grain: none" provider=java
time="2026-09-23T15:01:03+02:00" level=info msg="language server log" line="!MESSAGE KONVEYOR_LOG: pattern: MethodReferencePattern: software.amazon.awssdk.services.bedrockruntime.bedrockruntimeasyncclient.invokemodelwithresponsestream*(...), pattern match, case insensitive, generic erasure match, fine grain: QUALIFIED_REFERENCE" provider=java
time="2026-09-23T15:01:03+02:00" level=info msg="language server log" line="!MESSAGE KONVEYOR_LOG: Got: 0 Number of search matching the query: \"software.amazon.awssdk.services.bedrockruntime.BedrockRuntimeAsyncClient.invokeModelWithResponseStream*\" and location type: 2" provider=java
time="2026-09-23T15:01:03+02:00" level=info msg="language server log" line="!MESSAGE KONVEYOR_LOG: Results size: 0" provider=java
time="2026-09-23T15:01:03+02:00" level=info msg="Symbols retrieved" cap=referenced conditionInfo="{\"Referenced\":{\"Pattern\":\"software.amazon.awssdk.services.bedrockruntime.BedrockRuntimeAsyncClient.invokeModelWithResponseStream*\",\"Location\":\"METHOD_CALL\",\"annotated\":{\"pattern\":\"\"},\"Filepaths\":null}}" provider=java symbols=0
time="2026-09-23T15:01:03+02:00" level=info msg="language server log" line="!MESSAGE KONVEYOR_LOG: Searching in target project: [Lorg.eclipse.jdt.core.IJavaProject;@6eb606e8" provider=java
time="2026-09-23T15:01:03+02:00" level=info msg="language server log" line="!MESSAGE KONVEYOR_LOG: source-only analysis mode only scoping to Sources" provider=java
time="2026-09-23T15:01:03+02:00" level=info msg="language server log" line="!MESSAGE KONVEYOR_LOG: found errors: [] warnings: []" provider=java
time="2026-09-23T15:01:03+02:00" level=info msg="language server log" line="!MESSAGE KONVEYOR_LOG: pattern: MethodReferencePattern: java.security.keystore.getinstance*(...), pattern match, case insensitive, generic erasure match, fine grain: QUALIFIED_REFERENCE" provider=java
time="2026-09-23T15:01:03+02:00" level=info msg="language server log" line="!MESSAGE KONVEYOR_LOG: Got: 0 Number of search matching the query: \"com.amazonaws.services.s3*\" and location type: 11" provider=java
time="2026-09-23T15:01:03+02:00" level=info msg="language server log" line="!MESSAGE KONVEYOR_LOG: Results size: 0" provider=java
time="2026-09-23T15:01:03+02:00" level=info msg="Symbols retrieved" cap=referenced conditionInfo="{\"Referenced\":{\"Pattern\":\"com.amazonaws.services.s3*\",\"Location\":\"PACKAGE\",\"annotated\":{\"pattern\":\"\"},\"Filepaths\":null}}" provider=java symbols=0
time="2026-09-23T15:01:03+02:00" level=info msg="language server log" line="!MESSAGE KONVEYOR_LOG: Got: 0 Number of search matching the query: \"software.amazon.awssdk.services.sqs*\" and location type: 11" provider=java
time="2026-09-23T15:01:03+02:00" level=info msg="language server log" line="!MESSAGE KONVEYOR_LOG: Results size: 0" provider=java
time="2026-09-23T15:01:03+02:00" level=info msg="Symbols retrieved" cap=referenced conditionInfo="{\"Referenced\":{\"Pattern\":\"software.amazon.awssdk.services.sqs*\",\"Location\":\"PACKAGE\",\"annotated\":{\"pattern\":\"\"},\"Filepaths\":null}}" provider=java symbols=0
time="2026-09-23T15:01:03+02:00" level=info msg="Adding Carrier span info to context" worker=2
time="2026-09-23T15:01:03+02:00" level=info msg="rule returned" ruleID=azure-aws-config-sqs-04003
time="2026-09-23T15:01:03+02:00" level=info msg="processed rule" logger=process-rule processed=23 ruleID=azure-aws-config-sqs-04003 total=312
time="2026-09-23T15:01:03+02:00" level=info msg="Adding Carrier span info to context" worker=2
time="2026-09-23T15:01:03+02:00" level=info msg="rule returned" ruleID=azure-message-queue-ibm-jms-01000
time="2026-09-23T15:01:03+02:00" level=info msg="processed rule" logger=process-rule processed=24 ruleID=azure-message-queue-ibm-jms-01000 total=312
time="2026-09-23T15:01:03+02:00" level=info msg="language server log" line="!MESSAGE KONVEYOR_LOG: Searching in target project: [Lorg.eclipse.jdt.core.IJavaProject;@3edc95e3" provider=java
time="2026-09-23T15:01:03+02:00" level=info msg="language server log" line="!MESSAGE KONVEYOR_LOG: Searching in target project: [Lorg.eclipse.jdt.core.IJavaProject;@533f844f" provider=java
time="2026-09-23T15:01:03+02:00" level=info msg="language server log" line="!MESSAGE KONVEYOR_LOG: source-only analysis mode only scoping to Sources" provider=java
time="2026-09-23T15:01:03+02:00" level=info msg="Adding Carrier span info to context" worker=2
time="2026-09-23T15:01:03+02:00" level=info msg="rule returned" ruleID=amazon-sns-to-azure-servicebus-01000
time="2026-09-23T15:01:03+02:00" level=info msg="processed rule" logger=process-rule processed=25 ruleID=amazon-sns-to-azure-servicebus-01000 total=312
time="2026-09-23T15:01:03+02:00" level=info msg="language server log" line="!MESSAGE KONVEYOR_LOG: source-only analysis mode only scoping to Sources" provider=java
time="2026-09-23T15:01:03+02:00" level=info msg="language server log" line="!MESSAGE KONVEYOR_LOG: found errors: [] warnings: []" provider=java
time="2026-09-23T15:01:03+02:00" level=info msg="language server log" line="!MESSAGE KONVEYOR_LOG: found errors: [] warnings: []" provider=java
time="2026-09-23T15:01:03+02:00" level=info msg="language server log" line="!MESSAGE KONVEYOR_LOG: pattern: PackageDeclarationPattern: <org.springframework.amqp.rabbit*>, pattern match, case insensitive, generic full match, fine grain: none | PackageReferencePattern: <org.springframework.amqp.rabbit*>, pattern match, case insensitive, generic full match, fine grain: none" provider=java
time="2026-09-23T15:01:03+02:00" level=info msg="language server log" line="!MESSAGE KONVEYOR_LOG: pattern: PackageDeclarationPattern: <com.rabbitmq.client*>, pattern match, case insensitive, generic full match, fine grain: none | PackageReferencePattern: <com.rabbitmq.client*>, pattern match, case insensitive, generic full match, fine grain: none" provider=java
time="2026-09-23T15:01:03+02:00" level=info msg="language server log" line="!MESSAGE KONVEYOR_LOG: Got: 0 Number of search matching the query: \"software.amazon.awssdk.services.s3.presigner*\" and location type: 11" provider=java
time="2026-09-23T15:01:03+02:00" level=info msg="language server log" line="!MESSAGE KONVEYOR_LOG: Results size: 0" provider=java
time="2026-09-23T15:01:03+02:00" level=info msg="Symbols retrieved" cap=referenced conditionInfo="{\"Referenced\":{\"Pattern\":\"software.amazon.awssdk.services.s3.presigner*\",\"Location\":\"PACKAGE\",\"annotated\":{\"pattern\":\"\"},\"Filepaths\":null}}" provider=java symbols=0
time="2026-09-23T15:01:03+02:00" level=info msg="language server log" line="!MESSAGE KONVEYOR_LOG: Got: 0 Number of search matching the query: \"com.amazonaws.services.sqs*\" and location type: 11" provider=java
time="2026-09-23T15:01:03+02:00" level=info msg="language server log" line="!MESSAGE KONVEYOR_LOG: Results size: 0" provider=java
time="2026-09-23T15:01:03+02:00" level=info msg="Symbols retrieved" cap=referenced conditionInfo="{\"Referenced\":{\"Pattern\":\"com.amazonaws.services.sqs*\",\"Location\":\"PACKAGE\",\"annotated\":{\"pattern\":\"\"},\"Filepaths\":null}}" provider=java symbols=0
time="2026-09-23T15:01:03+02:00" level=info msg="Adding Carrier span info to context" worker=0
time="2026-09-23T15:01:03+02:00" level=info msg="rule returned" ruleID=azure-aws-config-sqs-04001
time="2026-09-23T15:01:03+02:00" level=info msg="processed rule" logger=process-rule processed=26 ruleID=azure-aws-config-sqs-04001 total=312
time="2026-09-23T15:01:03+02:00" level=info msg="language server log" line="!MESSAGE KONVEYOR_LOG: Searching in target project: [Lorg.eclipse.jdt.core.IJavaProject;@3c47d7f6" provider=java
time="2026-09-23T15:01:03+02:00" level=info msg="language server log" line="!MESSAGE KONVEYOR_LOG: source-only analysis mode only scoping to Sources" provider=java
time="2026-09-23T15:01:03+02:00" level=info msg="language server log" line="!MESSAGE KONVEYOR_LOG: Searching in target project: [Lorg.eclipse.jdt.core.IJavaProject;@66f0ae0f" provider=java
time="2026-09-23T15:01:03+02:00" level=info msg="language server log" line="!MESSAGE KONVEYOR_LOG: found errors: [] warnings: []" provider=java
time="2026-09-23T15:01:03+02:00" level=info msg="language server log" line="!MESSAGE KONVEYOR_LOG: source-only analysis mode only scoping to Sources" provider=java
time="2026-09-23T15:01:03+02:00" level=info msg="language server log" line="!MESSAGE KONVEYOR_LOG: Got: 0 Number of search matching the query: \"com.rabbitmq.client*\" and location type: 11" provider=java
time="2026-09-23T15:01:03+02:00" level=info msg="language server log" line="!MESSAGE KONVEYOR_LOG: found errors: [] warnings: []" provider=java
time="2026-09-23T15:01:03+02:00" level=info msg="language server log" line="!MESSAGE KONVEYOR_LOG: Got: 0 Number of search matching the query: \"org.springframework.amqp.rabbit*\" and location type: 11" provider=java
time="2026-09-23T15:01:03+02:00" level=info msg="language server log" line="!MESSAGE KONVEYOR_LOG: Results size: 0" provider=java
time="2026-09-23T15:01:03+02:00" level=info msg="Symbols retrieved" cap=referenced conditionInfo="{\"Referenced\":{\"Pattern\":\"com.rabbitmq.client*\",\"Location\":\"PACKAGE\",\"annotated\":{\"pattern\":\"\"},\"Filepaths\":null}}" provider=java symbols=0
time="2026-09-23T15:01:03+02:00" level=info msg="language server log" line="!MESSAGE KONVEYOR_LOG: Results size: 0" provider=java
time="2026-09-23T15:01:03+02:00" level=info msg="Symbols retrieved" cap=referenced conditionInfo="{\"Referenced\":{\"Pattern\":\"org.springframework.amqp.rabbit*\",\"Location\":\"PACKAGE\",\"annotated\":{\"pattern\":\"\"},\"Filepaths\":null}}" provider=java symbols=0
time="2026-09-23T15:01:03+02:00" level=info msg="language server log" line="!MESSAGE KONVEYOR_LOG: pattern: MethodReferencePattern: software.amazon.awssdk.services.bedrockruntime.bedrockruntimeasyncclient.conversestream*(...), pattern match, case insensitive, generic erasure match, fine grain: QUALIFIED_REFERENCE" provider=java
time="2026-09-23T15:01:03+02:00" level=info msg="language server log" line="!MESSAGE KONVEYOR_LOG: pattern: PackageDeclarationPattern: <io.awspring.cloud.s3*>, pattern match, case insensitive, generic full match, fine grain: none | PackageReferencePattern: <io.awspring.cloud.s3*>, pattern match, case insensitive, generic full match, fine grain: none" provider=java
time="2026-09-23T15:01:03+02:00" level=info msg="language server log" line="!MESSAGE KONVEYOR_LOG: Searching in target project: [Lorg.eclipse.jdt.core.IJavaProject;@5a192847" provider=java
time="2026-09-23T15:01:03+02:00" level=info msg="language server log" line="!MESSAGE KONVEYOR_LOG: Searching in target project: [Lorg.eclipse.jdt.core.IJavaProject;@3fc83933" provider=java
time="2026-09-23T15:01:03+02:00" level=info msg="language server log" line="!MESSAGE KONVEYOR_LOG: source-only analysis mode only scoping to Sources" provider=java
time="2026-09-23T15:01:03+02:00" level=info msg="language server log" line="!MESSAGE KONVEYOR_LOG: found errors: [] warnings: []" provider=java
time="2026-09-23T15:01:03+02:00" level=info msg="language server log" line="!MESSAGE KONVEYOR_LOG: source-only analysis mode only scoping to Sources" provider=java
time="2026-09-23T15:01:03+02:00" level=info msg="language server log" line="!MESSAGE KONVEYOR_LOG: pattern: TypeDeclarationPattern: qualification<com.solacesystems>, type<jms*> TypeDeclarationPattern: pkg<*>, enclosing<*>, type<jms*>, pattern match, case insensitive, generic full match, fine grain: none | TypeReferencePattern: qualification<com.solacesystems>, type<jms*>, pattern match, case insensitive, generic full match, fine grain: none" provider=java
time="2026-09-23T15:01:03+02:00" level=info msg="language server log" line="!MESSAGE KONVEYOR_LOG: found errors: [] warnings: []" provider=java
time="2026-09-23T15:01:03+02:00" level=info msg="language server log" line="!MESSAGE KONVEYOR_LOG: Got: 0 Number of search matching the query: \"io.awspring.cloud.s3*\" and location type: 11" provider=java
time="2026-09-23T15:01:03+02:00" level=info msg="language server log" line="!MESSAGE KONVEYOR_LOG: pattern: TypeDeclarationPattern: qualification<com.amazonaws.services.s3.model>, type<GeneratePresignedUrlRequest> TypeDeclarationPattern: pkg<*>, enclosing<*>, type<GeneratePresignedUrlRequest>, exact match, case sensitive, generic full match, fine grain: none | TypeReferencePattern: qualification<com.amazonaws.services.s3.model>, type<GeneratePresignedUrlRequest>, exact match, case sensitive, generic full match, fine grain: none | MethodReferencePattern: com.amazonaws.services.s3.model.generatepresignedurlrequest(...), exact match, case insensitive, generic erasure match, fine grain: QUALIFIED_REFERENCE | ConstructorCombinedPattern: com.amazonaws.services.s3.model.GeneratePresignedUrlRequest(...), exact match, case sensitive, generic erasure match, fine grain: none" provider=java
time="2026-09-23T15:01:03+02:00" level=info msg="language server log" line="!MESSAGE KONVEYOR_LOG: Results size: 0" provider=java
time="2026-09-23T15:01:03+02:00" level=info msg="Symbols retrieved" cap=referenced conditionInfo="{\"Referenced\":{\"Pattern\":\"io.awspring.cloud.s3*\",\"Location\":\"PACKAGE\",\"annotated\":{\"pattern\":\"\"},\"Filepaths\":null}}" provider=java symbols=0
time="2026-09-23T15:01:03+02:00" level=info msg="language server log" line="!MESSAGE KONVEYOR_LOG: Searching in target project: [Lorg.eclipse.jdt.core.IJavaProject;@31666434" provider=java
time="2026-09-23T15:01:03+02:00" level=info msg="language server log" line="!MESSAGE KONVEYOR_LOG: source-only analysis mode only scoping to Sources" provider=java
time="2026-09-23T15:01:03+02:00" level=info msg="language server log" line="!MESSAGE KONVEYOR_LOG: found errors: [] warnings: []" provider=java
time="2026-09-23T15:01:03+02:00" level=info msg="language server log" line="!MESSAGE KONVEYOR_LOG: pattern: PackageDeclarationPattern: <org.springframework.amqp.rabbit*>, pattern match, case insensitive, generic full match, fine grain: none | PackageReferencePattern: <org.springframework.amqp.rabbit*>, pattern match, case insensitive, generic full match, fine grain: none" provider=java
time="2026-09-23T15:01:03+02:00" level=info msg="Symbols retrieved" cap=referenced conditionInfo="{\"Referenced\":{\"Pattern\":\"org.springframework.amqp.rabbit*\",\"Location\":\"PACKAGE\",\"annotated\":{\"pattern\":\"\"},\"Filepaths\":null}}" provider=java symbols=0
time="2026-09-23T15:01:03+02:00" level=info msg="Adding Carrier span info to context" worker=9
time="2026-09-23T15:01:03+02:00" level=info msg="rule returned" ruleID=azure-message-queue-java-ee-rabbitmq-amqp-01000
time="2026-09-23T15:01:03+02:00" level=info msg="processed rule" logger=process-rule processed=27 ruleID=azure-message-queue-java-ee-rabbitmq-amqp-01000 total=312
time="2026-09-23T15:01:03+02:00" level=info msg="rule returned" ruleID=amazon-kinesis-to-azure-eventhubs-01000
time="2026-09-23T15:01:03+02:00" level=info msg="processed rule" logger=process-rule processed=28 ruleID=amazon-kinesis-to-azure-eventhubs-01000 total=312
time="2026-09-23T15:01:03+02:00" level=info msg="Adding Carrier span info to context" worker=9
time="2026-09-23T15:01:03+02:00" level=info msg="Adding Carrier span info to context" worker=9
time="2026-09-23T15:01:03+02:00" level=info msg="rule returned" ruleID=apache-pulsar-to-azure-eventhubs-01000
time="2026-09-23T15:01:03+02:00" level=info msg="processed rule" logger=process-rule processed=29 ruleID=apache-pulsar-to-azure-eventhubs-01000 total=312
time="2026-09-23T15:01:03+02:00" level=info msg="language server log" line="!MESSAGE KONVEYOR_LOG: Got: 0 Number of search matching the query: \"org.springframework.amqp.rabbit*\" and location type: 11" provider=java
time="2026-09-23T15:01:03+02:00" level=info msg="language server log" line="!MESSAGE KONVEYOR_LOG: Results size: 0" provider=java
time="2026-09-23T15:01:03+02:00" level=info msg="language server log" line="!MESSAGE KONVEYOR_LOG: Got: 0 Number of search matching the query: \"software.amazon.awssdk.services.bedrockruntime.BedrockRuntimeAsyncClient.converseStream*\" and location type: 2" provider=java
time="2026-09-23T15:01:03+02:00" level=info msg="Symbols retrieved" cap=referenced conditionInfo="{\"Referenced\":{\"Pattern\":\"software.amazon.awssdk.services.bedrockruntime.BedrockRuntimeAsyncClient.converseStream*\",\"Location\":\"METHOD_CALL\",\"annotated\":{\"pattern\":\"\"},\"Filepaths\":null}}" provider=java symbols=0
time="2026-09-23T15:01:03+02:00" level=info msg="language server log" line="!MESSAGE KONVEYOR_LOG: Results size: 0" provider=java
time="2026-09-23T15:01:03+02:00" level=info msg="language server log" line="!MESSAGE KONVEYOR_LOG: Searching in target project: [Lorg.eclipse.jdt.core.IJavaProject;@7f5d00ec" provider=java
time="2026-09-23T15:01:03+02:00" level=info msg="language server log" line="!MESSAGE KONVEYOR_LOG: source-only analysis mode only scoping to Sources" provider=java
time="2026-09-23T15:01:03+02:00" level=info msg="language server log" line="!MESSAGE KONVEYOR_LOG: found errors: [] warnings: []" provider=java
time="2026-09-23T15:01:03+02:00" level=info msg="language server log" line="!MESSAGE KONVEYOR_LOG: pattern: PackageDeclarationPattern: <com.rabbitmq.client*>, pattern match, case insensitive, generic full match, fine grain: none | PackageReferencePattern: <com.rabbitmq.client*>, pattern match, case insensitive, generic full match, fine grain: none" provider=java
time="2026-09-23T15:01:03+02:00" level=info msg="language server log" line="!MESSAGE KONVEYOR_LOG: Got: 0 Number of search matching the query: \"com.rabbitmq.client*\" and location type: 11" provider=java
time="2026-09-23T15:01:03+02:00" level=info msg="language server log" line="!MESSAGE KONVEYOR_LOG: Results size: 0" provider=java
time="2026-09-23T15:01:03+02:00" level=info msg="Symbols retrieved" cap=referenced conditionInfo="{\"Referenced\":{\"Pattern\":\"com.rabbitmq.client*\",\"Location\":\"PACKAGE\",\"annotated\":{\"pattern\":\"\"},\"Filepaths\":null}}" provider=java symbols=0
time="2026-09-23T15:01:03+02:00" level=info msg="Adding Carrier span info to context" worker=5
time="2026-09-23T15:01:03+02:00" level=info msg="rule returned" ruleID=azure-message-queue-rabbitmq-01000
time="2026-09-23T15:01:03+02:00" level=info msg="processed rule" logger=process-rule processed=30 ruleID=azure-message-queue-rabbitmq-01000 total=312
time="2026-09-23T15:01:03+02:00" level=info msg="language server log" line="!MESSAGE KONVEYOR_LOG: Searching in target project: [Lorg.eclipse.jdt.core.IJavaProject;@7b629bdf" provider=java
time="2026-09-23T15:01:03+02:00" level=info msg="language server log" line="!MESSAGE KONVEYOR_LOG: source-only analysis mode only scoping to Sources" provider=java
time="2026-09-23T15:01:03+02:00" level=info msg="language server log" line="!MESSAGE KONVEYOR_LOG: found errors: [] warnings: []" provider=java
time="2026-09-23T15:01:03+02:00" level=info msg="language server log" line="!MESSAGE KONVEYOR_LOG: pattern: PackageDeclarationPattern: <software.amazon.awssdk.services.s3*>, pattern match, case insensitive, generic full match, fine grain: none | PackageReferencePattern: <software.amazon.awssdk.services.s3*>, pattern match, case insensitive, generic full match, fine grain: none" provider=java
time="2026-09-23T15:01:03+02:00" level=info msg="language server log" line="!MESSAGE KONVEYOR_LOG: Got: 0 Number of search matching the query: \"software.amazon.awssdk.services.s3*\" and location type: 11" provider=java
time="2026-09-23T15:01:03+02:00" level=info msg="language server log" line="!MESSAGE KONVEYOR_LOG: Results size: 0" provider=java
time="2026-09-23T15:01:03+02:00" level=info msg="language server log" line="!MESSAGE KONVEYOR_LOG: Searching in target project: [Lorg.eclipse.jdt.core.IJavaProject;@3e600ad7" provider=java
time="2026-09-23T15:01:03+02:00" level=info msg="language server log" line="!MESSAGE KONVEYOR_LOG: source-only analysis mode only scoping to Sources" provider=java
time="2026-09-23T15:01:03+02:00" level=info msg="language server log" line="!MESSAGE KONVEYOR_LOG: found errors: [] warnings: []" provider=java
time="2026-09-23T15:01:03+02:00" level=info msg="language server log" line="!MESSAGE KONVEYOR_LOG: pattern: MethodReferencePattern: software.amazon.awssdk.services.bedrockruntime.bedrockruntimeclient.invokemodelwithresponsestream*(...), pattern match, case insensitive, generic erasure match, fine grain: QUALIFIED_REFERENCE" provider=java
time="2026-09-23T15:01:03+02:00" level=info msg="Symbols retrieved" cap=referenced conditionInfo="{\"Referenced\":{\"Pattern\":\"software.amazon.awssdk.services.s3*\",\"Location\":\"PACKAGE\",\"annotated\":{\"pattern\":\"\"},\"Filepaths\":null}}" provider=java symbols=0
time="2026-09-23T15:01:03+02:00" level=info msg="Adding Carrier span info to context" worker=6
time="2026-09-23T15:01:03+02:00" level=info msg="rule returned" ruleID=azure-aws-config-s3-03000
time="2026-09-23T15:01:03+02:00" level=info msg="processed rule" logger=process-rule processed=31 ruleID=azure-aws-config-s3-03000 total=312
time="2026-09-23T15:01:03+02:00" level=info msg="language server log" line="!MESSAGE KONVEYOR_LOG: Searching in target project: [Lorg.eclipse.jdt.core.IJavaProject;@b1d0513" provider=java
time="2026-09-23T15:01:03+02:00" level=info msg="language server log" line="!MESSAGE KONVEYOR_LOG: source-only analysis mode only scoping to Sources" provider=java
time="2026-09-23T15:01:03+02:00" level=info msg="language server log" line="!MESSAGE KONVEYOR_LOG: found errors: [] warnings: []" provider=java
time="2026-09-23T15:01:03+02:00" level=info msg="language server log" line="!MESSAGE KONVEYOR_LOG: pattern: MethodReferencePattern: java.lang.system.getenv(...), exact match, case insensitive, generic erasure match, fine grain: QUALIFIED_REFERENCE" provider=java
time="2026-09-23T15:01:03+02:00" level=info msg="language server log" line="!MESSAGE KONVEYOR_LOG: Got: 0 Number of search matching the query: \"software.amazon.awssdk.services.bedrockruntime.BedrockRuntimeClient.invokeModelWithResponseStream*\" and location type: 2" provider=java
time="2026-09-23T15:01:03+02:00" level=info msg="language server log" line="!MESSAGE KONVEYOR_LOG: Results size: 0" provider=java
time="2026-09-23T15:01:03+02:00" level=info msg="Symbols retrieved" cap=referenced conditionInfo="{\"Referenced\":{\"Pattern\":\"software.amazon.awssdk.services.bedrockruntime.BedrockRuntimeClient.invokeModelWithResponseStream*\",\"Location\":\"METHOD_CALL\",\"annotated\":{\"pattern\":\"\"},\"Filepaths\":null}}" provider=java symbols=0
time="2026-09-23T15:01:03+02:00" level=info msg="language server log" line="!MESSAGE KONVEYOR_LOG: Searching in target project: [Lorg.eclipse.jdt.core.IJavaProject;@18d98a3c" provider=java
time="2026-09-23T15:01:03+02:00" level=info msg="language server log" line="!MESSAGE KONVEYOR_LOG: source-only analysis mode only scoping to Sources" provider=java
time="2026-09-23T15:01:03+02:00" level=info msg="language server log" line="!MESSAGE KONVEYOR_LOG: found errors: [] warnings: []" provider=java
time="2026-09-23T15:01:03+02:00" level=info msg="language server log" line="!MESSAGE KONVEYOR_LOG: pattern: MethodReferencePattern: software.amazon.awssdk.services.bedrockruntime.bedrockruntimeclient.conversestream*(...), pattern match, case insensitive, generic erasure match, fine grain: QUALIFIED_REFERENCE" provider=java
time="2026-09-23T15:01:04+02:00" level=info msg="language server log" line="!MESSAGE KONVEYOR_LOG: Got: 0 Number of search matching the query: \"software.amazon.awssdk.services.bedrockruntime.BedrockRuntimeClient.converseStream*\" and location type: 2" provider=java
time="2026-09-23T15:01:04+02:00" level=info msg="Symbols retrieved" cap=referenced conditionInfo="{\"Referenced\":{\"Pattern\":\"software.amazon.awssdk.services.bedrockruntime.BedrockRuntimeClient.converseStream*\",\"Location\":\"METHOD_CALL\",\"annotated\":{\"pattern\":\"\"},\"Filepaths\":null}}" provider=java symbols=0
time="2026-09-23T15:01:04+02:00" level=info msg="language server log" line="!MESSAGE KONVEYOR_LOG: Results size: 0" provider=java
time="2026-09-23T15:01:04+02:00" level=info msg="language server log" line="!MESSAGE KONVEYOR_LOG: Searching in target project: [Lorg.eclipse.jdt.core.IJavaProject;@f94b3ab" provider=java
time="2026-09-23T15:01:04+02:00" level=info msg="language server log" line="!MESSAGE KONVEYOR_LOG: source-only analysis mode only scoping to Sources" provider=java
time="2026-09-23T15:01:04+02:00" level=info msg="language server log" line="!MESSAGE KONVEYOR_LOG: found errors: [] warnings: []" provider=java
time="2026-09-23T15:01:04+02:00" level=info msg="language server log" line="!MESSAGE KONVEYOR_LOG: pattern: TypeDeclarationPattern: qualification<software.amazon.awssdk.services.bedrockruntime.model>, type<invokemodelwithresponsestreamrequest*> TypeDeclarationPattern: pkg<*>, enclosing<*>, type<invokemodelwithresponsestreamrequest*>, pattern match, case insensitive, generic full match, fine grain: none | TypeReferencePattern: qualification<software.amazon.awssdk.services.bedrockruntime.model>, type<invokemodelwithresponsestreamrequest*>, pattern match, case insensitive, generic full match, fine grain: none" provider=java
time="2026-09-23T15:01:04+02:00" level=info msg="language server log" line="!MESSAGE KONVEYOR_LOG: Got: 0 Number of search matching the query: \"software.amazon.awssdk.services.bedrockruntime.model.InvokeModelWithResponseStreamRequest*\" and location type: 8" provider=java
time="2026-09-23T15:01:04+02:00" level=info msg="language server log" line="!MESSAGE KONVEYOR_LOG: Results size: 0" provider=java
time="2026-09-23T15:01:04+02:00" level=info msg="Symbols retrieved" cap=referenced conditionInfo="{\"Referenced\":{\"Pattern\":\"software.amazon.awssdk.services.bedrockruntime.model.InvokeModelWithResponseStreamRequest*\",\"Location\":\"IMPORT\",\"annotated\":{\"pattern\":\"\"},\"Filepaths\":null}}" provider=java symbols=0
time="2026-09-23T15:01:04+02:00" level=info msg="language server log" line="!MESSAGE KONVEYOR_LOG: Searching in target project: [Lorg.eclipse.jdt.core.IJavaProject;@60c76de5" provider=java
time="2026-09-23T15:01:04+02:00" level=info msg="language server log" line="!MESSAGE KONVEYOR_LOG: source-only analysis mode only scoping to Sources" provider=java
time="2026-09-23T15:01:04+02:00" level=info msg="language server log" line="!MESSAGE KONVEYOR_LOG: found errors: [] warnings: []" provider=java
time="2026-09-23T15:01:04+02:00" level=info msg="language server log" line="!MESSAGE KONVEYOR_LOG: pattern: TypeDeclarationPattern: qualification<software.amazon.awssdk.services.bedrockruntime.model>, type<conversestreamrequest*> TypeDeclarationPattern: pkg<*>, enclosing<*>, type<conversestreamrequest*>, pattern match, case insensitive, generic full match, fine grain: none | TypeReferencePattern: qualification<software.amazon.awssdk.services.bedrockruntime.model>, type<conversestreamrequest*>, pattern match, case insensitive, generic full match, fine grain: none" provider=java
time="2026-09-23T15:01:04+02:00" level=info msg="language server log" line="!MESSAGE KONVEYOR_LOG: Got: 0 Number of search matching the query: \"software.amazon.awssdk.services.bedrockruntime.model.ConverseStreamRequest*\" and location type: 8" provider=java
time="2026-09-23T15:01:04+02:00" level=info msg="language server log" line="!MESSAGE KONVEYOR_LOG: Results size: 0" provider=java
time="2026-09-23T15:01:04+02:00" level=info msg="Symbols retrieved" cap=referenced conditionInfo="{\"Referenced\":{\"Pattern\":\"software.amazon.awssdk.services.bedrockruntime.model.ConverseStreamRequest*\",\"Location\":\"IMPORT\",\"annotated\":{\"pattern\":\"\"},\"Filepaths\":null}}" provider=java symbols=0
time="2026-09-23T15:01:04+02:00" level=info msg="Adding Carrier span info to context" worker=8
time="2026-09-23T15:01:04+02:00" level=info msg="rule returned" ruleID=aws-bedrock-to-azure-ai-06002
time="2026-09-23T15:01:04+02:00" level=info msg="processed rule" logger=process-rule processed=32 ruleID=aws-bedrock-to-azure-ai-06002 total=312
time="2026-09-23T15:01:04+02:00" level=info msg="Adding Carrier span info to context" worker=8
time="2026-09-23T15:01:04+02:00" level=info msg="rule returned" ruleID=spring-boot-to-azure-config-server-01000
time="2026-09-23T15:01:04+02:00" level=info msg="processed rule" logger=process-rule processed=33 ruleID=spring-boot-to-azure-config-server-01000 total=312
time="2026-09-23T15:01:04+02:00" level=info msg="Adding Carrier span info to context" worker=8
time="2026-09-23T15:01:04+02:00" level=info msg="rule returned" ruleID=spring-boot-to-azure-eureka-01000
time="2026-09-23T15:01:04+02:00" level=info msg="processed rule" logger=process-rule processed=34 ruleID=spring-boot-to-azure-eureka-01000 total=312
time="2026-09-23T15:01:04+02:00" level=info msg="Symbols retrieved" cap=referenced conditionInfo="{\"Referenced\":{\"Pattern\":\"java.security.KeyStore.getInstance*\",\"Location\":\"METHOD_CALL\",\"annotated\":{\"pattern\":\"\"},\"Filepaths\":null}}" provider=java symbols=0
time="2026-09-23T15:01:04+02:00" level=info msg="language server log" line="!MESSAGE KONVEYOR_LOG: Got: 0 Number of search matching the query: \"java.security.KeyStore.getInstance*\" and location type: 2" provider=java
time="2026-09-23T15:01:04+02:00" level=info msg="language server log" line="!MESSAGE KONVEYOR_LOG: Results size: 0" provider=java
time="2026-09-23T15:01:04+02:00" level=info msg="language server log" line="!MESSAGE KONVEYOR_LOG: Searching in target project: [Lorg.eclipse.jdt.core.IJavaProject;@3e312f44" provider=java
time="2026-09-23T15:01:04+02:00" level=info msg="language server log" line="!MESSAGE KONVEYOR_LOG: source-only analysis mode only scoping to Sources" provider=java
time="2026-09-23T15:01:04+02:00" level=info msg="language server log" line="!MESSAGE KONVEYOR_LOG: found errors: [] warnings: []" provider=java
time="2026-09-23T15:01:04+02:00" level=info msg="language server log" line="!MESSAGE KONVEYOR_LOG: pattern: MethodReferencePattern: java.security.keystore.load*(...), pattern match, case insensitive, generic erasure match, fine grain: QUALIFIED_REFERENCE" provider=java
time="2026-09-23T15:01:04+02:00" level=info msg="Symbols retrieved" cap=referenced conditionInfo="{\"Referenced\":{\"Pattern\":\"software.amazon.awssdk.services.bedrockruntime*\",\"Location\":\"IMPORT\",\"annotated\":{\"pattern\":\"\"},\"Filepaths\":null}}" provider=java symbols=0
time="2026-09-23T15:01:04+02:00" level=info msg="language server log" line="!MESSAGE KONVEYOR_LOG: Got: 0 Number of search matching the query: \"software.amazon.awssdk.services.bedrockruntime*\" and location type: 8" provider=java
time="2026-09-23T15:01:04+02:00" level=info msg="language server log" line="!MESSAGE KONVEYOR_LOG: Results size: 0" provider=java
time="2026-09-23T15:01:04+02:00" level=info msg="language server log" line="!MESSAGE KONVEYOR_LOG: Got: 0 Number of search matching the query: \"com.solacesystems.jms*\" and location type: 8" provider=java
time="2026-09-23T15:01:04+02:00" level=info msg="language server log" line="!MESSAGE KONVEYOR_LOG: Got: 0 Number of search matching the query: \"software.amazon.awssdk.services.secretsmanager*\" and location type: 8" provider=java
time="2026-09-23T15:01:04+02:00" level=info msg="language server log" line="!MESSAGE KONVEYOR_LOG: Got: 0 Number of search matching the query: \"com.amazonaws.services.s3.model.GeneratePresignedUrlRequest\" and location type: 0" provider=java
time="2026-09-23T15:01:04+02:00" level=info msg="language server log" line="!MESSAGE KONVEYOR_LOG: Results size: 0" provider=java
time="2026-09-23T15:01:04+02:00" level=info msg="Symbols retrieved" cap=referenced conditionInfo="{\"Referenced\":{\"Pattern\":\"com.amazonaws.services.s3.model.GeneratePresignedUrlRequest\",\"Location\":\"\",\"annotated\":{\"pattern\":\"\"},\"Filepaths\":null}}" provider=java symbols=0
time="2026-09-23T15:01:04+02:00" level=info msg="language server log" line="!MESSAGE KONVEYOR_LOG: Results size: 0" provider=java
time="2026-09-23T15:01:04+02:00" level=info msg="Symbols retrieved" cap=referenced conditionInfo="{\"Referenced\":{\"Pattern\":\"com.solacesystems.jms*\",\"Location\":\"IMPORT\",\"annotated\":{\"pattern\":\"\"},\"Filepaths\":null}}" provider=java symbols=0
time="2026-09-23T15:01:04+02:00" level=info msg="Symbols retrieved" cap=referenced conditionInfo="{\"Referenced\":{\"Pattern\":\"software.amazon.awssdk.services.secretsmanager*\",\"Location\":\"IMPORT\",\"annotated\":{\"pattern\":\"\"},\"Filepaths\":null}}" provider=java symbols=0
time="2026-09-23T15:01:04+02:00" level=info msg="Adding Carrier span info to context" worker=4
time="2026-09-23T15:01:04+02:00" level=info msg="rule returned" ruleID=azure-aws-config-secret-manager-05000
time="2026-09-23T15:01:04+02:00" level=info msg="processed rule" logger=process-rule processed=35 ruleID=azure-aws-config-secret-manager-05000 total=312
time="2026-09-23T15:01:04+02:00" level=info msg="language server log" line="!MESSAGE KONVEYOR_LOG: Results size: 0" provider=java
time="2026-09-23T15:01:04+02:00" level=info msg="language server log" line="!MESSAGE KONVEYOR_LOG: Searching in target project: [Lorg.eclipse.jdt.core.IJavaProject;@792112f1" provider=java
time="2026-09-23T15:01:04+02:00" level=info msg="language server log" line="!MESSAGE KONVEYOR_LOG: source-only analysis mode only scoping to Sources" provider=java
time="2026-09-23T15:01:04+02:00" level=info msg="language server log" line="!MESSAGE KONVEYOR_LOG: Searching in target project: [Lorg.eclipse.jdt.core.IJavaProject;@7ad6d93a" provider=java
time="2026-09-23T15:01:04+02:00" level=info msg="language server log" line="!MESSAGE KONVEYOR_LOG: source-only analysis mode only scoping to Sources" provider=java
time="2026-09-23T15:01:04+02:00" level=info msg="language server log" line="!MESSAGE KONVEYOR_LOG: found errors: [] warnings: []" provider=java
time="2026-09-23T15:01:04+02:00" level=info msg="language server log" line="!MESSAGE KONVEYOR_LOG: pattern: PackageDeclarationPattern: <com.amazonaws.services.s3.transfer*>, pattern match, case insensitive, generic full match, fine grain: none | PackageReferencePattern: <com.amazonaws.services.s3.transfer*>, pattern match, case insensitive, generic full match, fine grain: none" provider=java
time="2026-09-23T15:01:04+02:00" level=info msg="language server log" line="!MESSAGE KONVEYOR_LOG: Searching in target project: [Lorg.eclipse.jdt.core.IJavaProject;@4f46f74" provider=java
time="2026-09-23T15:01:04+02:00" level=info msg="language server log" line="!MESSAGE KONVEYOR_LOG: source-only analysis mode only scoping to Sources" provider=java
time="2026-09-23T15:01:04+02:00" level=info msg="language server log" line="!MESSAGE KONVEYOR_LOG: found errors: [] warnings: []" provider=java
time="2026-09-23T15:01:04+02:00" level=info msg="language server log" line="!MESSAGE KONVEYOR_LOG: found errors: [] warnings: []" provider=java
time="2026-09-23T15:01:04+02:00" level=info msg="language server log" line="!MESSAGE KONVEYOR_LOG: pattern: TypeDeclarationPattern: qualification<software.amazon.awssdk.services>, type<bedrock*> TypeDeclarationPattern: pkg<*>, enclosing<*>, type<bedrock*>, pattern match, case insensitive, generic full match, fine grain: none | TypeReferencePattern: qualification<software.amazon.awssdk.services>, type<bedrock*>, pattern match, case insensitive, generic full match, fine grain: none" provider=java
time="2026-09-23T15:01:04+02:00" level=info msg="Symbols retrieved" cap=referenced conditionInfo="{\"Referenced\":{\"Pattern\":\"java.lang.System.getenv\",\"Location\":\"METHOD_CALL\",\"annotated\":{\"pattern\":\"\"},\"Filepaths\":null}}" provider=java symbols=0
time="2026-09-23T15:01:04+02:00" level=info msg="Symbols retrieved" cap=referenced conditionInfo="{\"Referenced\":{\"Pattern\":\"com.amazonaws.services.s3.transfer*\",\"Location\":\"PACKAGE\",\"annotated\":{\"pattern\":\"\"},\"Filepaths\":null}}" provider=java symbols=0
time="2026-09-23T15:01:04+02:00" level=info msg="language server log" line="!MESSAGE KONVEYOR_LOG: Got: 0 Number of search matching the query: \"com.amazonaws.services.s3.transfer*\" and location type: 11" provider=java
time="2026-09-23T15:01:04+02:00" level=info msg="language server log" line="!MESSAGE KONVEYOR_LOG: Results size: 0" provider=java
time="2026-09-23T15:01:04+02:00" level=info msg="language server log" line="!MESSAGE KONVEYOR_LOG: Got: 0 Number of search matching the query: \"java.lang.System.getenv\" and location type: 2" provider=java
time="2026-09-23T15:01:04+02:00" level=info msg="language server log" line="!MESSAGE KONVEYOR_LOG: Results size: 0" provider=java
time="2026-09-23T15:01:04+02:00" level=info msg="language server log" line="!MESSAGE KONVEYOR_LOG: pattern: TypeDeclarationPattern: qualification<com.solacesystems>, type<jcsmp*> TypeDeclarationPattern: pkg<*>, enclosing<*>, type<jcsmp*>, pattern match, case insensitive, generic full match, fine grain: none | TypeReferencePattern: qualification<com.solacesystems>, type<jcsmp*>, pattern match, case insensitive, generic full match, fine grain: none" provider=java
time="2026-09-23T15:01:04+02:00" level=info msg="language server log" line="!MESSAGE KONVEYOR_LOG: Searching in target project: [Lorg.eclipse.jdt.core.IJavaProject;@7ff378ac" provider=java
time="2026-09-23T15:01:04+02:00" level=info msg="language server log" line="!MESSAGE KONVEYOR_LOG: source-only analysis mode only scoping to Sources" provider=java
time="2026-09-23T15:01:04+02:00" level=info msg="language server log" line="!MESSAGE KONVEYOR_LOG: found errors: [] warnings: []" provider=java
time="2026-09-23T15:01:04+02:00" level=info msg="language server log" line="!MESSAGE KONVEYOR_LOG: pattern: TypeDeclarationPattern: qualification<software.amazon.awssdk.transfer.s3>, type<S3TransferManager> TypeDeclarationPattern: pkg<*>, enclosing<*>, type<S3TransferManager>, exact match, case sensitive, generic full match, fine grain: none | TypeReferencePattern: qualification<software.amazon.awssdk.transfer.s3>, type<S3TransferManager>, exact match, case sensitive, generic full match, fine grain: none | MethodReferencePattern: software.amazon.awssdk.transfer.s3.s3transfermanager(...), exact match, case insensitive, generic erasure match, fine grain: QUALIFIED_REFERENCE | ConstructorCombinedPattern: software.amazon.awssdk.transfer.s3.S3TransferManager(...), exact match, case sensitive, generic erasure match, fine grain: none" provider=java
time="2026-09-23T15:01:04+02:00" level=info msg="language server log" line="!MESSAGE KONVEYOR_LOG: Searching in target project: [Lorg.eclipse.jdt.core.IJavaProject;@5d17a395" provider=java
time="2026-09-23T15:01:04+02:00" level=info msg="language server log" line="!MESSAGE KONVEYOR_LOG: source-only analysis mode only scoping to Sources" provider=java
time="2026-09-23T15:01:04+02:00" level=info msg="language server log" line="!MESSAGE KONVEYOR_LOG: found errors: [] warnings: []" provider=java
time="2026-09-23T15:01:04+02:00" level=info msg="language server log" line="!MESSAGE KONVEYOR_LOG: pattern: MethodReferencePattern: java.lang.system.getproperty(...), exact match, case insensitive, generic erasure match, fine grain: QUALIFIED_REFERENCE" provider=java
time="2026-09-23T15:01:04+02:00" level=info msg="Symbols retrieved" cap=referenced conditionInfo="{\"Referenced\":{\"Pattern\":\"software.amazon.awssdk.services.bedrock*\",\"Location\":\"IMPORT\",\"annotated\":{\"pattern\":\"\"},\"Filepaths\":null}}" provider=java symbols=0
time="2026-09-23T15:01:04+02:00" level=info msg="language server log" line="!MESSAGE KONVEYOR_LOG: Got: 0 Number of search matching the query: \"software.amazon.awssdk.transfer.s3.S3TransferManager\" and location type: 0" provider=java
time="2026-09-23T15:01:04+02:00" level=info msg="language server log" line="!MESSAGE KONVEYOR_LOG: Results size: 0" provider=java
time="2026-09-23T15:01:04+02:00" level=info msg="language server log" line="!MESSAGE KONVEYOR_LOG: Got: 0 Number of search matching the query: \"software.amazon.awssdk.services.bedrock*\" and location type: 8" provider=java
time="2026-09-23T15:01:04+02:00" level=info msg="language server log" line="!MESSAGE KONVEYOR_LOG: Results size: 0" provider=java
time="2026-09-23T15:01:04+02:00" level=info msg="Symbols retrieved" cap=referenced conditionInfo="{\"Referenced\":{\"Pattern\":\"software.amazon.awssdk.transfer.s3.S3TransferManager\",\"Location\":\"\",\"annotated\":{\"pattern\":\"\"},\"Filepaths\":null}}" provider=java symbols=0
time="2026-09-23T15:01:04+02:00" level=info msg="Adding Carrier span info to context" worker=7
time="2026-09-23T15:01:04+02:00" level=info msg="rule returned" ruleID=azure-aws-config-s3-03002
time="2026-09-23T15:01:04+02:00" level=info msg="processed rule" logger=process-rule processed=36 ruleID=azure-aws-config-s3-03002 total=312
time="2026-09-23T15:01:04+02:00" level=info msg="Adding Carrier span info to context" worker=7
time="2026-09-23T15:01:04+02:00" level=info msg="rule returned" ruleID=spring-boot-to-azure-port-01000
time="2026-09-23T15:01:04+02:00" level=info msg="processed rule" logger=process-rule processed=37 ruleID=spring-boot-to-azure-port-01000 total=312
time="2026-09-23T15:01:04+02:00" level=info msg="Adding Carrier span info to context" worker=7
time="2026-09-23T15:01:04+02:00" level=info msg="rule returned" ruleID=spring-boot-to-azure-restricted-config-01000
time="2026-09-23T15:01:04+02:00" level=info msg="processed rule" logger=process-rule processed=38 ruleID=spring-boot-to-azure-restricted-config-01000 total=312
time="2026-09-23T15:01:04+02:00" level=info msg="Symbols retrieved" cap=referenced conditionInfo="{\"Referenced\":{\"Pattern\":\"com.solacesystems.jcsmp*\",\"Location\":\"IMPORT\",\"annotated\":{\"pattern\":\"\"},\"Filepaths\":null}}" provider=java symbols=0
time="2026-09-23T15:01:04+02:00" level=info msg="language server log" line="!MESSAGE KONVEYOR_LOG: Got: 0 Number of search matching the query: \"com.solacesystems.jcsmp*\" and location type: 8" provider=java
time="2026-09-23T15:01:04+02:00" level=info msg="language server log" line="!MESSAGE KONVEYOR_LOG: Results size: 0" provider=java
time="2026-09-23T15:01:04+02:00" level=info msg="language server log" line="!MESSAGE KONVEYOR_LOG: Searching in target project: [Lorg.eclipse.jdt.core.IJavaProject;@6aa2b2e4" provider=java
time="2026-09-23T15:01:04+02:00" level=info msg="language server log" line="!MESSAGE KONVEYOR_LOG: source-only analysis mode only scoping to Sources" provider=java
time="2026-09-23T15:01:04+02:00" level=info msg="rule returned" ruleID=solace-pubsubplus-to-azure-servicebus-01000
time="2026-09-23T15:01:04+02:00" level=info msg="processed rule" logger=process-rule processed=39 ruleID=solace-pubsubplus-to-azure-servicebus-01000 total=312
time="2026-09-23T15:01:04+02:00" level=info msg="rule returned" ruleID=quartz-scheduler-to-azure-functions-01000
time="2026-09-23T15:01:04+02:00" level=info msg="processed rule" logger=process-rule processed=40 ruleID=quartz-scheduler-to-azure-functions-01000 total=312
time="2026-09-23T15:01:04+02:00" level=info msg="Adding Carrier span info to context" worker=7
time="2026-09-23T15:01:04+02:00" level=info msg="Adding Carrier span info to context" worker=0
time="2026-09-23T15:01:04+02:00" level=info msg="dependency analysis result shared from concurrent request" provider=java
time="2026-09-23T15:01:04+02:00" level=error msg="failed to get location for dependency" dep=org.springframework.boot.spring-boot-autoconfigure error="unable to get location for dep org.springframework.boot.spring-boot-autoconfigure, search error - %!w(<nil>)" ruleID=spring-boot-to-azure-spring-boot-version-01000 worker=0
time="2026-09-23T15:01:04+02:00" level=error msg="failed to get location for dependency" dep=org.springframework.boot.spring-boot error="unable to get location for dep org.springframework.boot.spring-boot, search error - %!w(<nil>)" ruleID=spring-boot-to-azure-spring-boot-version-01000 worker=0
time="2026-09-23T15:01:04+02:00" level=info msg="Adding Carrier span info to context" worker=0
time="2026-09-23T15:01:04+02:00" level=error msg="failed to get location for dependency" dep=org.springframework.boot.spring-boot error="unable to get location for dep org.springframework.boot.spring-boot due to a previous scan" ruleID=spring-boot-to-azure-spring-boot-version-02000 worker=0
time="2026-09-23T15:01:04+02:00" level=error msg="failed to get location for dependency" dep=org.springframework.boot.spring-boot-autoconfigure error="unable to get location for dep org.springframework.boot.spring-boot-autoconfigure due to a previous scan" ruleID=spring-boot-to-azure-spring-boot-version-02000 worker=0
time="2026-09-23T15:01:04+02:00" level=info msg="dependency analysis result shared from concurrent request" provider=java
time="2026-09-23T15:01:04+02:00" level=info msg="language server log" line="!MESSAGE KONVEYOR_LOG: found errors: [] warnings: []" provider=java
time="2026-09-23T15:01:04+02:00" level=info msg="language server log" line="!MESSAGE KONVEYOR_LOG: pattern: TypeDeclarationPattern: qualification<com.amazonaws.services>, type<bedrockruntime*> TypeDeclarationPattern: pkg<*>, enclosing<*>, type<bedrockruntime*>, pattern match, case insensitive, generic full match, fine grain: none | TypeReferencePattern: qualification<com.amazonaws.services>, type<bedrockruntime*>, pattern match, case insensitive, generic full match, fine grain: none" provider=java
time="2026-09-23T15:01:04+02:00" level=info msg="rule returned" ruleID=spring-boot-to-azure-spring-boot-version-01000
time="2026-09-23T15:01:04+02:00" level=info msg="processed rule" logger=process-rule processed=41 ruleID=spring-boot-to-azure-spring-boot-version-01000 total=312
time="2026-09-23T15:01:04+02:00" level=info msg="rule returned" ruleID=spring-boot-to-azure-spring-boot-version-02000
time="2026-09-23T15:01:04+02:00" level=info msg="processed rule" logger=process-rule processed=42 ruleID=spring-boot-to-azure-spring-boot-version-02000 total=312
time="2026-09-23T15:01:04+02:00" level=info msg="rule returned" ruleID=spring-batch-to-azure-durable-functions-01000
time="2026-09-23T15:01:04+02:00" level=info msg="processed rule" logger=process-rule processed=43 ruleID=spring-batch-to-azure-durable-functions-01000 total=312
time="2026-09-23T15:01:04+02:00" level=info msg="Adding Carrier span info to context" worker=7
time="2026-09-23T15:01:04+02:00" level=info msg="Adding Carrier span info to context" worker=7
time="2026-09-23T15:01:04+02:00" level=info msg="rule returned" ruleID=spring-boot-to-azure-spring-cloud-version-01000
time="2026-09-23T15:01:04+02:00" level=info msg="processed rule" logger=process-rule processed=44 ruleID=spring-boot-to-azure-spring-cloud-version-01000 total=312
time="2026-09-23T15:01:04+02:00" level=info msg="rule returned" ruleID=spring-boot-to-azure-spring-cloud-version-02000
time="2026-09-23T15:01:04+02:00" level=info msg="processed rule" logger=process-rule processed=45 ruleID=spring-boot-to-azure-spring-cloud-version-02000 total=312
time="2026-09-23T15:01:04+02:00" level=info msg="Adding Carrier span info to context" worker=7
time="2026-09-23T15:01:04+02:00" level=info msg="Adding Carrier span info to context" worker=0
time="2026-09-23T15:01:04+02:00" level=info msg="Symbols retrieved" cap=referenced conditionInfo="{\"Referenced\":{\"Pattern\":\"com.amazonaws.services.bedrockruntime*\",\"Location\":\"IMPORT\",\"annotated\":{\"pattern\":\"\"},\"Filepaths\":null}}" provider=java symbols=0
time="2026-09-23T15:01:04+02:00" level=info msg="language server log" line="!MESSAGE KONVEYOR_LOG: Got: 0 Number of search matching the query: \"com.amazonaws.services.bedrockruntime*\" and location type: 8" provider=java
time="2026-09-23T15:01:04+02:00" level=info msg="language server log" line="!MESSAGE KONVEYOR_LOG: Results size: 0" provider=java
time="2026-09-23T15:01:04+02:00" level=info msg="language server log" line="!MESSAGE KONVEYOR_LOG: Searching in target project: [Lorg.eclipse.jdt.core.IJavaProject;@1b29f62f" provider=java
time="2026-09-23T15:01:04+02:00" level=info msg="language server log" line="!MESSAGE KONVEYOR_LOG: source-only analysis mode only scoping to Sources" provider=java
time="2026-09-23T15:01:04+02:00" level=info msg="language server log" line="!MESSAGE KONVEYOR_LOG: found errors: [] warnings: []" provider=java
time="2026-09-23T15:01:04+02:00" level=info msg="language server log" line="!MESSAGE KONVEYOR_LOG: pattern: TypeDeclarationPattern: qualification<com.amazonaws.services>, type<bedrock*> TypeDeclarationPattern: pkg<*>, enclosing<*>, type<bedrock*>, pattern match, case insensitive, generic full match, fine grain: none | TypeReferencePattern: qualification<com.amazonaws.services>, type<bedrock*>, pattern match, case insensitive, generic full match, fine grain: none" provider=java
time="2026-09-23T15:01:04+02:00" level=info msg="Symbols retrieved" cap=referenced conditionInfo="{\"Referenced\":{\"Pattern\":\"java.security.KeyStore.load*\",\"Location\":\"METHOD_CALL\",\"annotated\":{\"pattern\":\"\"},\"Filepaths\":null}}" provider=java symbols=0
time="2026-09-23T15:01:04+02:00" level=info msg="Adding Carrier span info to context" worker=3
time="2026-09-23T15:01:04+02:00" level=info msg="rule returned" ruleID=azure-keystore-certificates-02000
time="2026-09-23T15:01:04+02:00" level=info msg="processed rule" logger=process-rule processed=46 ruleID=azure-keystore-certificates-02000 total=312
time="2026-09-23T15:01:04+02:00" level=info msg="language server log" line="!MESSAGE KONVEYOR_LOG: Got: 0 Number of search matching the query: \"java.security.KeyStore.load*\" and location type: 2" provider=java
time="2026-09-23T15:01:04+02:00" level=info msg="language server log" line="!MESSAGE KONVEYOR_LOG: Results size: 0" provider=java
time="2026-09-23T15:01:04+02:00" level=info msg="language server log" line="!MESSAGE KONVEYOR_LOG: Got: 0 Number of search matching the query: \"java.lang.System.getProperty\" and location type: 2" provider=java
time="2026-09-23T15:01:04+02:00" level=info msg="language server log" line="!MESSAGE KONVEYOR_LOG: Results size: 0" provider=java
time="2026-09-23T15:01:04+02:00" level=info msg="Symbols retrieved" cap=referenced conditionInfo="{\"Referenced\":{\"Pattern\":\"java.lang.System.getProperty\",\"Location\":\"METHOD_CALL\",\"annotated\":{\"pattern\":\"\"},\"Filepaths\":null}}" provider=java symbols=0
time="2026-09-23T15:01:04+02:00" level=info msg="language server log" line="!MESSAGE KONVEYOR_LOG: Searching in target project: [Lorg.eclipse.jdt.core.IJavaProject;@732eac48" provider=java
time="2026-09-23T15:01:04+02:00" level=info msg="language server log" line="!MESSAGE KONVEYOR_LOG: source-only analysis mode only scoping to Sources" provider=java
time="2026-09-23T15:01:04+02:00" level=info msg="language server log" line="!MESSAGE KONVEYOR_LOG: found errors: [] warnings: []" provider=java
time="2026-09-23T15:01:04+02:00" level=info msg="language server log" line="!MESSAGE KONVEYOR_LOG: pattern: MethodReferencePattern: java.lang.system.setproperty(...), exact match, case insensitive, generic erasure match, fine grain: QUALIFIED_REFERENCE" provider=java
time="2026-09-23T15:01:04+02:00" level=info msg="language server log" line="!MESSAGE KONVEYOR_LOG: Got: 0 Number of search matching the query: \"com.amazonaws.services.bedrock*\" and location type: 8" provider=java
time="2026-09-23T15:01:04+02:00" level=info msg="language server log" line="!MESSAGE KONVEYOR_LOG: Results size: 0" provider=java
time="2026-09-23T15:01:04+02:00" level=info msg="Symbols retrieved" cap=referenced conditionInfo="{\"Referenced\":{\"Pattern\":\"com.amazonaws.services.bedrock*\",\"Location\":\"IMPORT\",\"annotated\":{\"pattern\":\"\"},\"Filepaths\":null}}" provider=java symbols=0
time="2026-09-23T15:01:04+02:00" level=info msg="Adding Carrier span info to context" worker=1
time="2026-09-23T15:01:04+02:00" level=info msg="rule returned" ruleID=aws-bedrock-to-azure-ai-06001
time="2026-09-23T15:01:04+02:00" level=info msg="processed rule" logger=process-rule processed=47 ruleID=aws-bedrock-to-azure-ai-06001 total=312
time="2026-09-23T15:01:04+02:00" level=info msg="language server log" line="!MESSAGE KONVEYOR_LOG: Got: 0 Number of search matching the query: \"java.lang.System.setProperty\" and location type: 2" provider=java
time="2026-09-23T15:01:04+02:00" level=info msg="language server log" line="!MESSAGE KONVEYOR_LOG: Results size: 0" provider=java
time="2026-09-23T15:01:04+02:00" level=info msg="Symbols retrieved" cap=referenced conditionInfo="{\"Referenced\":{\"Pattern\":\"java.lang.System.setProperty\",\"Location\":\"METHOD_CALL\",\"annotated\":{\"pattern\":\"\"},\"Filepaths\":null}}" provider=java symbols=0
time="2026-09-23T15:01:04+02:00" level=info msg="language server log" line="!MESSAGE KONVEYOR_LOG: Searching in target project: [Lorg.eclipse.jdt.core.IJavaProject;@4a9c56c6" provider=java
time="2026-09-23T15:01:04+02:00" level=info msg="language server log" line="!MESSAGE KONVEYOR_LOG: source-only analysis mode only scoping to Sources" provider=java
time="2026-09-23T15:01:04+02:00" level=info msg="language server log" line="!MESSAGE KONVEYOR_LOG: found errors: [] warnings: []" provider=java
time="2026-09-23T15:01:04+02:00" level=info msg="language server log" line="!MESSAGE KONVEYOR_LOG: pattern: MethodReferencePattern: java.lang.system.setproperties(...), exact match, case insensitive, generic erasure match, fine grain: QUALIFIED_REFERENCE" provider=java
time="2026-09-23T15:01:04+02:00" level=info msg="language server log" line="!MESSAGE KONVEYOR_LOG: Searching in target project: [Lorg.eclipse.jdt.core.IJavaProject;@2ee92d4a" provider=java
time="2026-09-23T15:01:04+02:00" level=info msg="language server log" line="!MESSAGE KONVEYOR_LOG: source-only analysis mode only scoping to Sources" provider=java
time="2026-09-23T15:01:04+02:00" level=info msg="language server log" line="!MESSAGE KONVEYOR_LOG: found errors: [] warnings: []" provider=java
time="2026-09-23T15:01:04+02:00" level=info msg="language server log" line="!MESSAGE KONVEYOR_LOG: pattern: TypeDeclarationPattern: qualification<com.tibco>, type<tibjms*> TypeDeclarationPattern: pkg<*>, enclosing<*>, type<tibjms*>, pattern match, case insensitive, generic full match, fine grain: none | TypeReferencePattern: qualification<com.tibco>, type<tibjms*>, pattern match, case insensitive, generic full match, fine grain: none" provider=java
time="2026-09-23T15:01:04+02:00" level=info msg="language server log" line="!MESSAGE KONVEYOR_LOG: Got: 0 Number of search matching the query: \"java.lang.System.setProperties\" and location type: 2" provider=java
time="2026-09-23T15:01:04+02:00" level=info msg="language server log" line="!MESSAGE KONVEYOR_LOG: Results size: 0" provider=java
time="2026-09-23T15:01:04+02:00" level=info msg="Symbols retrieved" cap=referenced conditionInfo="{\"Referenced\":{\"Pattern\":\"java.lang.System.setProperties\",\"Location\":\"METHOD_CALL\",\"annotated\":{\"pattern\":\"\"},\"Filepaths\":null}}" provider=java symbols=0
time="2026-09-23T15:01:04+02:00" level=info msg="Adding Carrier span info to context" worker=5
time="2026-09-23T15:01:04+02:00" level=info msg="rule returned" ruleID=azure-system-config-01000
time="2026-09-23T15:01:04+02:00" level=info msg="processed rule" logger=process-rule processed=48 ruleID=azure-system-config-01000 total=312
time="2026-09-23T15:01:04+02:00" level=info msg="language server log" line="!MESSAGE KONVEYOR_LOG: Got: 0 Number of search matching the query: \"com.tibco.tibjms*\" and location type: 8" provider=java
time="2026-09-23T15:01:04+02:00" level=info msg="language server log" line="!MESSAGE KONVEYOR_LOG: Results size: 0" provider=java
time="2026-09-23T15:01:04+02:00" level=info msg="Symbols retrieved" cap=referenced conditionInfo="{\"Referenced\":{\"Pattern\":\"com.tibco.tibjms*\",\"Location\":\"IMPORT\",\"annotated\":{\"pattern\":\"\"},\"Filepaths\":null}}" provider=java symbols=0
time="2026-09-23T15:01:04+02:00" level=info msg="Adding Carrier span info to context" worker=2
time="2026-09-23T15:01:04+02:00" level=info msg="rule returned" ruleID=tibco-ems-jms-to-azure-servicebus-jms-01000
time="2026-09-23T15:01:04+02:00" level=info msg="processed rule" logger=process-rule processed=49 ruleID=tibco-ems-jms-to-azure-servicebus-jms-01000 total=312
time="2026-09-23T15:01:04+02:00" level=info msg="rule returned" ruleID=azure-tas-binding-01000
time="2026-09-23T15:01:04+02:00" level=info msg="processed rule" logger=process-rule processed=50 ruleID=azure-tas-binding-01000 total=312
time="2026-09-23T15:01:04+02:00" level=info msg="Adding Carrier span info to context" worker=6
time="2026-09-23T15:01:04+02:00" level=info msg="Adding Carrier span info to context" worker=8
time="2026-09-23T15:01:04+02:00" level=info msg="rule returned" ruleID=spring-boot-to-azure-eureka-02000
time="2026-09-23T15:01:04+02:00" level=info msg="processed rule" logger=process-rule processed=51 ruleID=spring-boot-to-azure-eureka-02000 total=312
time="2026-09-23T15:01:04+02:00" level=info msg="rule returned" ruleID=spring-boot-to-azure-eureka-03000
time="2026-09-23T15:01:04+02:00" level=info msg="processed rule" logger=process-rule processed=52 ruleID=spring-boot-to-azure-eureka-03000 total=312
time="2026-09-23T15:01:04+02:00" level=info msg="rule returned" ruleID=database-reliability-01000
time="2026-09-23T15:01:04+02:00" level=info msg="processed rule" logger=process-rule processed=53 ruleID=database-reliability-01000 total=312
time="2026-09-23T15:01:04+02:00" level=info msg="Adding Carrier span info to context" worker=8
time="2026-09-23T15:01:04+02:00" level=info msg="Adding Carrier span info to context" worker=5
time="2026-09-23T15:01:04+02:00" level=info msg="Adding Carrier span info to context" worker=4
time="2026-09-23T15:01:04+02:00" level=info msg="dependency analysis result shared from concurrent request" provider=java
time="2026-09-23T15:01:04+02:00" level=info msg="dependency analysis result shared from concurrent request" provider=java
time="2026-09-23T15:01:04+02:00" level=info msg="dependency analysis result shared from concurrent request" provider=java
time="2026-09-23T15:01:04+02:00" level=info msg="rule returned" ruleID=azure-database-microsoft-mongodb-05000
time="2026-09-23T15:01:04+02:00" level=info msg="processed rule" logger=process-rule processed=54 ruleID=azure-database-microsoft-mongodb-05000 total=312
time="2026-09-23T15:01:04+02:00" level=info msg="rule returned" ruleID=azure-database-microsoft-cassandra-04000
time="2026-09-23T15:01:04+02:00" level=info msg="processed rule" logger=process-rule processed=55 ruleID=azure-database-microsoft-cassandra-04000 total=312
time="2026-09-23T15:01:04+02:00" level=info msg="rule returned" ruleID=firebird-to-azure-postgresql-01000
time="2026-09-23T15:01:04+02:00" level=info msg="processed rule" logger=process-rule processed=56 ruleID=firebird-to-azure-postgresql-01000 total=312
time="2026-09-23T15:01:04+02:00" level=info msg="Adding Carrier span info to context" worker=4
time="2026-09-23T15:01:04+02:00" level=info msg="Adding Carrier span info to context" worker=1
time="2026-09-23T15:01:04+02:00" level=info msg="dependency analysis result shared from concurrent request" provider=java
time="2026-09-23T15:01:04+02:00" level=info msg="Adding Carrier span info to context" worker=8
time="2026-09-23T15:01:04+02:00" level=info msg="dependency analysis result shared from concurrent request" provider=java
time="2026-09-23T15:01:04+02:00" level=info msg="dependency analysis result shared from concurrent request" provider=java
time="2026-09-23T15:01:04+02:00" level=info msg="rule returned" ruleID=ibm-db2-to-azure-postgresql-01000
time="2026-09-23T15:01:04+02:00" level=info msg="processed rule" logger=process-rule processed=57 ruleID=ibm-db2-to-azure-postgresql-01000 total=312
time="2026-09-23T15:01:04+02:00" level=info msg="Adding Carrier span info to context" worker=4
time="2026-09-23T15:01:04+02:00" level=info msg="rule returned" ruleID=sqlite-to-azure-postgresql-01000
time="2026-09-23T15:01:04+02:00" level=info msg="processed rule" logger=process-rule processed=58 ruleID=sqlite-to-azure-postgresql-01000 total=312
time="2026-09-23T15:01:04+02:00" level=info msg="rule returned" ruleID=apm-00001
time="2026-09-23T15:01:04+02:00" level=info msg="processed rule" logger=process-rule processed=59 ruleID=apm-00001 total=312
time="2026-09-23T15:01:04+02:00" level=info msg="rule returned" ruleID=apm-00002
time="2026-09-23T15:01:04+02:00" level=info msg="processed rule" logger=process-rule processed=60 ruleID=apm-00002 total=312
time="2026-09-23T15:01:04+02:00" level=info msg="rule returned" ruleID=azure-database-microsoft-mariadb-06000
time="2026-09-23T15:01:04+02:00" level=info msg="processed rule" logger=process-rule processed=61 ruleID=azure-database-microsoft-mariadb-06000 total=312
time="2026-09-23T15:01:04+02:00" level=info msg="Adding Carrier span info to context" worker=2
time="2026-09-23T15:01:04+02:00" level=info msg="Adding Carrier span info to context" worker=1
time="2026-09-23T15:01:04+02:00" level=info msg="Adding Carrier span info to context" worker=3
time="2026-09-23T15:01:04+02:00" level=info msg="Adding Carrier span info to context" worker=8
time="2026-09-23T15:01:04+02:00" level=info msg="rule returned" ruleID=azure-database-microsoft-sql-03000
time="2026-09-23T15:01:04+02:00" level=info msg="processed rule" logger=process-rule processed=62 ruleID=azure-database-microsoft-sql-03000 total=312
time="2026-09-23T15:01:04+02:00" level=info msg="rule returned" ruleID=auth-01000
time="2026-09-23T15:01:04+02:00" level=info msg="processed rule" logger=process-rule processed=63 ruleID=auth-01000 total=312
time="2026-09-23T15:01:04+02:00" level=info msg="rule returned" ruleID=auth-00000
time="2026-09-23T15:01:04+02:00" level=info msg="processed rule" logger=process-rule processed=64 ruleID=auth-00000 total=312
time="2026-09-23T15:01:04+02:00" level=info msg="Adding Carrier span info to context" worker=8
time="2026-09-23T15:01:04+02:00" level=info msg="Adding Carrier span info to context" worker=1
time="2026-09-23T15:01:04+02:00" level=info msg="rule returned" ruleID=spring-boot-to-azure-openfeign-01000
time="2026-09-23T15:01:04+02:00" level=info msg="Adding Carrier span info to context" worker=3
time="2026-09-23T15:01:04+02:00" level=info msg="processed rule" logger=process-rule processed=65 ruleID=spring-boot-to-azure-openfeign-01000 total=312
time="2026-09-23T15:01:04+02:00" level=info msg="Adding Carrier span info to context" worker=1
time="2026-09-23T15:01:04+02:00" level=info msg="rule returned" ruleID=auth-03000
time="2026-09-23T15:01:04+02:00" level=info msg="processed rule" logger=process-rule processed=66 ruleID=auth-03000 total=312
time="2026-09-23T15:01:04+02:00" level=info msg="Adding Carrier span info to context" worker=8
time="2026-09-23T15:01:04+02:00" level=info msg="rule returned" ruleID=auth-02000
time="2026-09-23T15:01:04+02:00" level=info msg="processed rule" logger=process-rule processed=67 ruleID=auth-02000 total=312
time="2026-09-23T15:01:04+02:00" level=info msg="Adding Carrier span info to context" worker=3
time="2026-09-23T15:01:04+02:00" level=info msg="rule returned" ruleID=auth-04000
time="2026-09-23T15:01:04+02:00" level=info msg="processed rule" logger=process-rule processed=68 ruleID=auth-04000 total=312
time="2026-09-23T15:01:04+02:00" level=info msg="Adding Carrier span info to context" worker=6
time="2026-09-23T15:01:04+02:00" level=info msg="rule returned" ruleID=azure-database-microsoft-oracle-07000
time="2026-09-23T15:01:04+02:00" level=info msg="processed rule" logger=process-rule processed=69 ruleID=azure-database-microsoft-oracle-07000 total=312
time="2026-09-23T15:01:04+02:00" level=info msg="rule returned" ruleID=spring-boot-to-azure-key-vault-01000
time="2026-09-23T15:01:04+02:00" level=info msg="processed rule" logger=process-rule processed=70 ruleID=spring-boot-to-azure-key-vault-01000 total=312
time="2026-09-23T15:01:04+02:00" level=info msg="Adding Carrier span info to context" worker=2
time="2026-09-23T15:01:04+02:00" level=info msg="language server log" line="!MESSAGE KONVEYOR_LOG: Searching in target project: [Lorg.eclipse.jdt.core.IJavaProject;@6abc858c" provider=java
time="2026-09-23T15:01:04+02:00" level=info msg="language server log" line="!MESSAGE KONVEYOR_LOG: source-only analysis mode only scoping to Sources" provider=java
time="2026-09-23T15:01:04+02:00" level=info msg="language server log" line="!MESSAGE KONVEYOR_LOG: found errors: [] warnings: []" provider=java
time="2026-09-23T15:01:04+02:00" level=info msg="language server log" line="!MESSAGE KONVEYOR_LOG: pattern: TypeDeclarationPattern: qualification<javax.persistence>, type<EntityManager> TypeDeclarationPattern: pkg<*>, enclosing<*>, type<EntityManager>, exact match, case sensitive, generic full match, fine grain: none | TypeReferencePattern: qualification<javax.persistence>, type<EntityManager>, exact match, case sensitive, generic full match, fine grain: none | TypeDeclarationPattern: qualification<jakarta.persistence>, type<EntityManager> TypeDeclarationPattern: pkg<*>, enclosing<*>, type<EntityManager>, exact match, case sensitive, generic full match, fine grain: none | TypeReferencePattern: qualification<jakarta.persistence>, type<EntityManager>, exact match, case sensitive, generic full match, fine grain: none" provider=java
time="2026-09-23T15:01:04+02:00" level=info msg="language server log" line="!MESSAGE KONVEYOR_LOG: Searching in target project: [Lorg.eclipse.jdt.core.IJavaProject;@696623ce" provider=java
time="2026-09-23T15:01:04+02:00" level=info msg="language server log" line="!MESSAGE KONVEYOR_LOG: source-only analysis mode only scoping to Sources" provider=java
time="2026-09-23T15:01:04+02:00" level=info msg="language server log" line="!MESSAGE KONVEYOR_LOG: found errors: [] warnings: []" provider=java
time="2026-09-23T15:01:04+02:00" level=info msg="language server log" line="!MESSAGE KONVEYOR_LOG: Got: 0 Number of search matching the query: \"(javax|jakarta).persistence.EntityManager\" and location type: 8" provider=java
time="2026-09-23T15:01:04+02:00" level=info msg="language server log" line="!MESSAGE KONVEYOR_LOG: Results size: 0" provider=java
time="2026-09-23T15:01:04+02:00" level=info msg="Symbols retrieved" cap=referenced conditionInfo="{\"Referenced\":{\"Pattern\":\"(javax|jakarta).persistence.EntityManager\",\"Location\":\"IMPORT\",\"annotated\":{\"pattern\":\"\"},\"Filepaths\":null}}" provider=java symbols=0
time="2026-09-23T15:01:04+02:00" level=info msg="Adding Carrier span info to context" worker=8
time="2026-09-23T15:01:04+02:00" level=info msg="language server log" line="!MESSAGE KONVEYOR_LOG: pattern: TypeDeclarationPattern: qualification<javax.annotation>, type<Resource> TypeDeclarationPattern: pkg<*>, enclosing<*>, type<Resource>, exact match, case sensitive, generic full match, fine grain: none | TypeReferencePattern: qualification<javax.annotation>, type<Resource>, exact match, case sensitive, generic full match, fine grain: none | TypeDeclarationPattern: qualification<jakarta.annotation>, type<Resource> TypeDeclarationPattern: pkg<*>, enclosing<*>, type<Resource>, exact match, case sensitive, generic full match, fine grain: none | TypeReferencePattern: qualification<jakarta.annotation>, type<Resource>, exact match, case sensitive, generic full match, fine grain: none" provider=java
time="2026-09-23T15:01:04+02:00" level=info msg="rule returned" ruleID=openliberty-database-00002
time="2026-09-23T15:01:04+02:00" level=info msg="processed rule" logger=process-rule processed=71 ruleID=openliberty-database-00002 total=312
time="2026-09-23T15:01:04+02:00" level=info msg="Symbols retrieved" cap=referenced conditionInfo="{\"Referenced\":{\"Pattern\":\"(javax|jakarta).annotation.Resource\",\"Location\":\"ANNOTATION\",\"annotated\":{\"pattern\":\"\",\"elements\":[{\"name\":\"name\",\"value\":\"jdbc/[a-zA-Z0-9_-]+\"}]},\"Filepaths\":null}}" provider=java symbols=0
time="2026-09-23T15:01:04+02:00" level=info msg="Adding Carrier span info to context" worker=2
time="2026-09-23T15:01:04+02:00" level=info msg="rule returned" ruleID=openliberty-database-00005
time="2026-09-23T15:01:04+02:00" level=info msg="processed rule" logger=process-rule processed=72 ruleID=openliberty-database-00005 total=312
time="2026-09-23T15:01:04+02:00" level=info msg="language server log" line="!MESSAGE KONVEYOR_LOG: Got: 0 Number of search matching the query: \"(javax|jakarta).annotation.Resource\" and location type: 4" provider=java
time="2026-09-23T15:01:04+02:00" level=info msg="language server log" line="!MESSAGE KONVEYOR_LOG: Results size: 0" provider=java
time="2026-09-23T15:01:04+02:00" level=info msg="Adding Carrier span info to context" worker=7
time="2026-09-23T15:01:04+02:00" level=info msg="rule returned" ruleID=azure-database-mysql-01000
time="2026-09-23T15:01:04+02:00" level=info msg="processed rule" logger=process-rule processed=73 ruleID=azure-database-mysql-01000 total=312
time="2026-09-23T15:01:04+02:00" level=info msg="Adding Carrier span info to context" worker=0
time="2026-09-23T15:01:04+02:00" level=info msg="rule returned" ruleID=azure-database-postgresql-02000
time="2026-09-23T15:01:04+02:00" level=info msg="processed rule" logger=process-rule processed=74 ruleID=azure-database-postgresql-02000 total=312
time="2026-09-23T15:01:04+02:00" level=info msg="Adding Carrier span info to context" worker=4
time="2026-09-23T15:01:04+02:00" level=info msg="rule returned" ruleID=apm-00003
time="2026-09-23T15:01:04+02:00" level=info msg="processed rule" logger=process-rule processed=75 ruleID=apm-00003 total=312
time="2026-09-23T15:01:04+02:00" level=info msg="Adding Carrier span info to context" worker=6
time="2026-09-23T15:01:04+02:00" level=info msg="rule returned" ruleID=openliberty-database-00004
time="2026-09-23T15:01:04+02:00" level=info msg="processed rule" logger=process-rule processed=76 ruleID=openliberty-database-00004 total=312
time="2026-09-23T15:01:04+02:00" level=info msg="Adding Carrier span info to context" worker=8
time="2026-09-23T15:01:04+02:00" level=info msg="rule returned" ruleID=openliberty-database-00006
time="2026-09-23T15:01:04+02:00" level=info msg="processed rule" logger=process-rule processed=77 ruleID=openliberty-database-00006 total=312
time="2026-09-23T15:01:04+02:00" level=info msg="language server log" line="!MESSAGE KONVEYOR_LOG: Searching in target project: [Lorg.eclipse.jdt.core.IJavaProject;@f1ba774" provider=java
time="2026-09-23T15:01:04+02:00" level=info msg="language server log" line="!MESSAGE KONVEYOR_LOG: source-only analysis mode only scoping to Sources" provider=java
time="2026-09-23T15:01:04+02:00" level=info msg="language server log" line="!MESSAGE KONVEYOR_LOG: found errors: [] warnings: []" provider=java
time="2026-09-23T15:01:04+02:00" level=info msg="language server log" line="!MESSAGE KONVEYOR_LOG: pattern: TypeDeclarationPattern: qualification<javax.annotation>, type<Resource> TypeDeclarationPattern: pkg<*>, enclosing<*>, type<Resource>, exact match, case sensitive, generic full match, fine grain: none | TypeReferencePattern: qualification<javax.annotation>, type<Resource>, exact match, case sensitive, generic full match, fine grain: none | TypeDeclarationPattern: qualification<jakarta.annotation>, type<Resource> TypeDeclarationPattern: pkg<*>, enclosing<*>, type<Resource>, exact match, case sensitive, generic full match, fine grain: none | TypeReferencePattern: qualification<jakarta.annotation>, type<Resource>, exact match, case sensitive, generic full match, fine grain: none" provider=java
time="2026-09-23T15:01:04+02:00" level=info msg="Symbols retrieved" cap=referenced conditionInfo="{\"Referenced\":{\"Pattern\":\"(javax|jakarta).annotation.Resource\",\"Location\":\"ANNOTATION\",\"annotated\":{\"pattern\":\"\",\"elements\":[{\"name\":\"name\",\"value\":\".*(?i)(path|dir|directory|folder|file|store|upload|download|temp|cache|log|data|config).*\"}]},\"Filepaths\":null}}" provider=java symbols=0
time="2026-09-23T15:01:04+02:00" level=info msg="Adding Carrier span info to context" worker=8
time="2026-09-23T15:01:04+02:00" level=info msg="rule returned" ruleID=openliberty-filesystem-00003
time="2026-09-23T15:01:04+02:00" level=info msg="processed rule" logger=process-rule processed=78 ruleID=openliberty-filesystem-00003 total=312
time="2026-09-23T15:01:04+02:00" level=info msg="language server log" line="!MESSAGE KONVEYOR_LOG: Got: 0 Number of search matching the query: \"(javax|jakarta).annotation.Resource\" and location type: 4" provider=java
time="2026-09-23T15:01:04+02:00" level=info msg="language server log" line="!MESSAGE KONVEYOR_LOG: Results size: 0" provider=java
time="2026-09-23T15:01:04+02:00" level=info msg="language server log" line="!MESSAGE KONVEYOR_LOG: Searching in target project: [Lorg.eclipse.jdt.core.IJavaProject;@e73f3fb" provider=java
time="2026-09-23T15:01:04+02:00" level=info msg="language server log" line="!MESSAGE KONVEYOR_LOG: source-only analysis mode only scoping to Sources" provider=java
time="2026-09-23T15:01:04+02:00" level=info msg="language server log" line="!MESSAGE KONVEYOR_LOG: found errors: [] warnings: []" provider=java
time="2026-09-23T15:01:04+02:00" level=info msg="language server log" line="!MESSAGE KONVEYOR_LOG: pattern: MethodReferencePattern: javax.servlet.servletcontext.getrealpath(...), exact match, case insensitive, generic erasure match, fine grain: QUALIFIED_REFERENCE" provider=java
time="2026-09-23T15:01:04+02:00" level=info msg="Adding Carrier span info to context" worker=2
time="2026-09-23T15:01:04+02:00" level=info msg="rule returned" ruleID=openliberty-database-00007
time="2026-09-23T15:01:04+02:00" level=info msg="processed rule" logger=process-rule processed=79 ruleID=openliberty-database-00007 total=312
time="2026-09-23T15:01:04+02:00" level=info msg="Symbols retrieved" cap=referenced conditionInfo="{\"Referenced\":{\"Pattern\":\"javax.servlet.ServletContext.getRealPath\",\"Location\":\"METHOD_CALL\",\"annotated\":{\"pattern\":\"\"},\"Filepaths\":null}}" provider=java symbols=0
time="2026-09-23T15:01:04+02:00" level=info msg="language server log" line="!MESSAGE KONVEYOR_LOG: Got: 0 Number of search matching the query: \"javax.servlet.ServletContext.getRealPath\" and location type: 2" provider=java
time="2026-09-23T15:01:04+02:00" level=info msg="language server log" line="!MESSAGE KONVEYOR_LOG: Results size: 0" provider=java
time="2026-09-23T15:01:04+02:00" level=info msg="language server log" line="!MESSAGE KONVEYOR_LOG: Searching in target project: [Lorg.eclipse.jdt.core.IJavaProject;@47e9211b" provider=java
time="2026-09-23T15:01:04+02:00" level=info msg="language server log" line="!MESSAGE KONVEYOR_LOG: source-only analysis mode only scoping to Sources" provider=java
time="2026-09-23T15:01:04+02:00" level=info msg="language server log" line="!MESSAGE KONVEYOR_LOG: found errors: [] warnings: []" provider=java
time="2026-09-23T15:01:04+02:00" level=info msg="language server log" line="!MESSAGE KONVEYOR_LOG: pattern: MethodReferencePattern: jakarta.servlet.servletcontext.getrealpath(...), exact match, case insensitive, generic erasure match, fine grain: QUALIFIED_REFERENCE" provider=java
time="2026-09-23T15:01:04+02:00" level=info msg="Symbols retrieved" cap=referenced conditionInfo="{\"Referenced\":{\"Pattern\":\"jakarta.servlet.ServletContext.getRealPath\",\"Location\":\"METHOD_CALL\",\"annotated\":{\"pattern\":\"\"},\"Filepaths\":null}}" provider=java symbols=0
time="2026-09-23T15:01:04+02:00" level=info msg="Adding Carrier span info to context" worker=8
time="2026-09-23T15:01:04+02:00" level=info msg="rule returned" ruleID=openliberty-filesystem-00004
time="2026-09-23T15:01:04+02:00" level=info msg="processed rule" logger=process-rule processed=80 ruleID=openliberty-filesystem-00004 total=312
time="2026-09-23T15:01:04+02:00" level=info msg="language server log" line="!MESSAGE KONVEYOR_LOG: Got: 0 Number of search matching the query: \"jakarta.servlet.ServletContext.getRealPath\" and location type: 2" provider=java
time="2026-09-23T15:01:04+02:00" level=info msg="language server log" line="!MESSAGE KONVEYOR_LOG: Results size: 0" provider=java
time="2026-09-23T15:01:04+02:00" level=info msg="language server log" line="!MESSAGE KONVEYOR_LOG: Searching in target project: [Lorg.eclipse.jdt.core.IJavaProject;@5d077822" provider=java
time="2026-09-23T15:01:04+02:00" level=info msg="language server log" line="!MESSAGE KONVEYOR_LOG: source-only analysis mode only scoping to Sources" provider=java
time="2026-09-23T15:01:04+02:00" level=info msg="language server log" line="!MESSAGE KONVEYOR_LOG: found errors: [] warnings: []" provider=java
time="2026-09-23T15:01:04+02:00" level=info msg="language server log" line="!MESSAGE KONVEYOR_LOG: pattern: TypeDeclarationPattern: qualification<javax.annotation>, type<Resource> TypeDeclarationPattern: pkg<*>, enclosing<*>, type<Resource>, exact match, case sensitive, generic full match, fine grain: none | TypeReferencePattern: qualification<javax.annotation>, type<Resource>, exact match, case sensitive, generic full match, fine grain: none | TypeDeclarationPattern: qualification<jakarta.annotation>, type<Resource> TypeDeclarationPattern: pkg<*>, enclosing<*>, type<Resource>, exact match, case sensitive, generic full match, fine grain: none | TypeReferencePattern: qualification<jakarta.annotation>, type<Resource>, exact match, case sensitive, generic full match, fine grain: none" provider=java
time="2026-09-23T15:01:04+02:00" level=info msg="Symbols retrieved" cap=referenced conditionInfo="{\"Referenced\":{\"Pattern\":\"(javax|jakarta).annotation.Resource\",\"Location\":\"ANNOTATION\",\"annotated\":{\"pattern\":\"\",\"elements\":[{\"name\":\"name\",\"value\":\"jms/[a-zA-Z0-9_-]+\"}]},\"Filepaths\":null}}" provider=java symbols=0
time="2026-09-23T15:01:04+02:00" level=info msg="language server log" line="!MESSAGE KONVEYOR_LOG: Got: 0 Number of search matching the query: \"(javax|jakarta).annotation.Resource\" and location type: 4" provider=java
time="2026-09-23T15:01:04+02:00" level=info msg="language server log" line="!MESSAGE KONVEYOR_LOG: Results size: 0" provider=java
time="2026-09-23T15:01:04+02:00" level=info msg="language server log" line="!MESSAGE KONVEYOR_LOG: Searching in target project: [Lorg.eclipse.jdt.core.IJavaProject;@5032857f" provider=java
time="2026-09-23T15:01:04+02:00" level=info msg="language server log" line="!MESSAGE KONVEYOR_LOG: source-only analysis mode only scoping to Sources" provider=java
time="2026-09-23T15:01:04+02:00" level=info msg="language server log" line="!MESSAGE KONVEYOR_LOG: found errors: [] warnings: []" provider=java
time="2026-09-23T15:01:04+02:00" level=info msg="language server log" line="!MESSAGE KONVEYOR_LOG: pattern: TypeDeclarationPattern: qualification<javax.annotation>, type<Resource> TypeDeclarationPattern: pkg<*>, enclosing<*>, type<Resource>, exact match, case sensitive, generic full match, fine grain: none | TypeReferencePattern: qualification<javax.annotation>, type<Resource>, exact match, case sensitive, generic full match, fine grain: none | TypeDeclarationPattern: qualification<jakarta.annotation>, type<Resource> TypeDeclarationPattern: pkg<*>, enclosing<*>, type<Resource>, exact match, case sensitive, generic full match, fine grain: none | TypeReferencePattern: qualification<jakarta.annotation>, type<Resource>, exact match, case sensitive, generic full match, fine grain: none" provider=java
time="2026-09-23T15:01:04+02:00" level=info msg="Symbols retrieved" cap=referenced conditionInfo="{\"Referenced\":{\"Pattern\":\"(javax|jakarta).annotation.Resource\",\"Location\":\"ANNOTATION\",\"annotated\":{\"pattern\":\"\",\"elements\":[{\"name\":\"lookup\",\"value\":\"jms/[a-zA-Z0-9_-]+\"}]},\"Filepaths\":null}}" provider=java symbols=0
time="2026-09-23T15:01:04+02:00" level=info msg="Adding Carrier span info to context" worker=8
time="2026-09-23T15:01:04+02:00" level=info msg="rule returned" ruleID=openliberty-jms-00002
time="2026-09-23T15:01:04+02:00" level=info msg="processed rule" logger=process-rule processed=81 ruleID=openliberty-jms-00002 total=312
time="2026-09-23T15:01:04+02:00" level=info msg="language server log" line="!MESSAGE KONVEYOR_LOG: Got: 0 Number of search matching the query: \"(javax|jakarta).annotation.Resource\" and location type: 4" provider=java
time="2026-09-23T15:01:04+02:00" level=info msg="language server log" line="!MESSAGE KONVEYOR_LOG: Results size: 0" provider=java
time="2026-09-23T15:01:04+02:00" level=info msg="language server log" line="!MESSAGE KONVEYOR_LOG: Searching in target project: [Lorg.eclipse.jdt.core.IJavaProject;@71c69bc6" provider=java
time="2026-09-23T15:01:04+02:00" level=info msg="language server log" line="!MESSAGE KONVEYOR_LOG: source-only analysis mode only scoping to Sources" provider=java
time="2026-09-23T15:01:04+02:00" level=info msg="language server log" line="!MESSAGE KONVEYOR_LOG: found errors: [] warnings: []" provider=java
time="2026-09-23T15:01:04+02:00" level=info msg="language server log" line="!MESSAGE KONVEYOR_LOG: pattern: TypeDeclarationPattern: qualification<javax.ejb>, type<MessageDriven> TypeDeclarationPattern: pkg<*>, enclosing<*>, type<MessageDriven>, exact match, case sensitive, generic full match, fine grain: none | TypeReferencePattern: qualification<javax.ejb>, type<MessageDriven>, exact match, case sensitive, generic full match, fine grain: none | TypeDeclarationPattern: qualification<jakarta.ejb>, type<MessageDriven> TypeDeclarationPattern: pkg<*>, enclosing<*>, type<MessageDriven>, exact match, case sensitive, generic full match, fine grain: none | TypeReferencePattern: qualification<jakarta.ejb>, type<MessageDriven>, exact match, case sensitive, generic full match, fine grain: none" provider=java
time="2026-09-23T15:01:04+02:00" level=info msg="language server log" line="!MESSAGE KONVEYOR_LOG: Got: 0 Number of search matching the query: \"(javax|jakarta).ejb.MessageDriven\" and location type: 4" provider=java
time="2026-09-23T15:01:04+02:00" level=info msg="language server log" line="!MESSAGE KONVEYOR_LOG: Results size: 0" provider=java
time="2026-09-23T15:01:04+02:00" level=info msg="Symbols retrieved" cap=referenced conditionInfo="{\"Referenced\":{\"Pattern\":\"(javax|jakarta).ejb.MessageDriven\",\"Location\":\"ANNOTATION\",\"annotated\":{\"pattern\":\"\"},\"Filepaths\":null}}" provider=java symbols=0
time="2026-09-23T15:01:04+02:00" level=info msg="Adding Carrier span info to context" worker=8
time="2026-09-23T15:01:04+02:00" level=info msg="rule returned" ruleID=openliberty-jms-00003
time="2026-09-23T15:01:04+02:00" level=info msg="processed rule" logger=process-rule processed=82 ruleID=openliberty-jms-00003 total=312
time="2026-09-23T15:01:04+02:00" level=info msg="Adding Carrier span info to context" worker=5
time="2026-09-23T15:01:04+02:00" level=info msg="rule returned" ruleID=sybase-ase-to-azure-database-01000
time="2026-09-23T15:01:04+02:00" level=info msg="processed rule" logger=process-rule processed=83 ruleID=sybase-ase-to-azure-database-01000 total=312
time="2026-09-23T15:01:04+02:00" level=info msg="Adding Carrier span info to context" worker=5
time="2026-09-23T15:01:04+02:00" level=info msg="rule returned" ruleID=openliberty-jms-00006
time="2026-09-23T15:01:04+02:00" level=info msg="processed rule" logger=process-rule processed=84 ruleID=openliberty-jms-00006 total=312
time="2026-09-23T15:01:04+02:00" level=info msg="language server log" line="!MESSAGE KONVEYOR_LOG: Searching in target project: [Lorg.eclipse.jdt.core.IJavaProject;@1904e6f2" provider=java
time="2026-09-23T15:01:04+02:00" level=info msg="language server log" line="!MESSAGE KONVEYOR_LOG: source-only analysis mode only scoping to Sources" provider=java
time="2026-09-23T15:01:04+02:00" level=info msg="language server log" line="!MESSAGE KONVEYOR_LOG: found errors: [] warnings: []" provider=java
time="2026-09-23T15:01:04+02:00" level=info msg="language server log" line="!MESSAGE KONVEYOR_LOG: pattern: TypeDeclarationPattern: qualification<javax>, type<jms*> TypeDeclarationPattern: pkg<*>, enclosing<*>, type<jms*>, pattern match, case insensitive, generic full match, fine grain: none | TypeReferencePattern: qualification<javax>, type<jms*>, pattern match, case insensitive, generic full match, fine grain: none | TypeDeclarationPattern: qualification<jakarta>, type<jms*> TypeDeclarationPattern: pkg<*>, enclosing<*>, type<jms*>, pattern match, case insensitive, generic full match, fine grain: none | TypeReferencePattern: qualification<jakarta>, type<jms*>, pattern match, case insensitive, generic full match, fine grain: none" provider=java
time="2026-09-23T15:01:04+02:00" level=info msg="Adding Carrier span info to context" worker=1
time="2026-09-23T15:01:04+02:00" level=info msg="Symbols retrieved" cap=referenced conditionInfo="{\"Referenced\":{\"Pattern\":\"(javax|jakarta).jms*\",\"Location\":\"IMPORT\",\"annotated\":{\"pattern\":\"\"},\"Filepaths\":null}}" provider=java symbols=0
time="2026-09-23T15:01:04+02:00" level=info msg="language server log" line="!MESSAGE KONVEYOR_LOG: Got: 0 Number of search matching the query: \"(javax|jakarta).jms*\" and location type: 8" provider=java
time="2026-09-23T15:01:04+02:00" level=info msg="language server log" line="!MESSAGE KONVEYOR_LOG: Results size: 0" provider=java
time="2026-09-23T15:01:04+02:00" level=info msg="rule returned" ruleID=openliberty-database-00001
time="2026-09-23T15:01:04+02:00" level=info msg="processed rule" logger=process-rule processed=85 ruleID=openliberty-database-00001 total=312
time="2026-09-23T15:01:04+02:00" level=info msg="rule returned" ruleID=openliberty-jms-00005
time="2026-09-23T15:01:04+02:00" level=info msg="processed rule" logger=process-rule processed=86 ruleID=openliberty-jms-00005 total=312
time="2026-09-23T15:01:04+02:00" level=info msg="rule returned" ruleID=openliberty-filesystem-00001
time="2026-09-23T15:01:04+02:00" level=info msg="processed rule" logger=process-rule processed=87 ruleID=openliberty-filesystem-00001 total=312
time="2026-09-23T15:01:04+02:00" level=info msg="Adding Carrier span info to context" worker=4
time="2026-09-23T15:01:04+02:00" level=info msg="Adding Carrier span info to context" worker=5
time="2026-09-23T15:01:04+02:00" level=info msg="Adding Carrier span info to context" worker=5
time="2026-09-23T15:01:04+02:00" level=info msg="rule returned" ruleID=spring-framework-version-01000
time="2026-09-23T15:01:04+02:00" level=info msg="processed rule" logger=process-rule processed=88 ruleID=spring-framework-version-01000 total=312
time="2026-09-23T15:01:04+02:00" level=info msg="rule returned" ruleID=spring-framework-version-02000
time="2026-09-23T15:01:04+02:00" level=info msg="processed rule" logger=process-rule processed=89 ruleID=spring-framework-version-02000 total=312
time="2026-09-23T15:01:04+02:00" level=info msg="Adding Carrier span info to context" worker=5
time="2026-09-23T15:01:04+02:00" level=info msg="Adding Carrier span info to context" worker=5
time="2026-09-23T15:01:04+02:00" level=info msg="rule returned" ruleID=jakarta-ee-version-01000
time="2026-09-23T15:01:04+02:00" level=info msg="processed rule" logger=process-rule processed=90 ruleID=jakarta-ee-version-01000 total=312
time="2026-09-23T15:01:04+02:00" level=info msg="language server log" line="!MESSAGE KONVEYOR_LOG: Searching in target project: [Lorg.eclipse.jdt.core.IJavaProject;@5061d29c" provider=java
time="2026-09-23T15:01:04+02:00" level=info msg="language server log" line="!MESSAGE KONVEYOR_LOG: source-only analysis mode only scoping to Sources" provider=java
time="2026-09-23T15:01:04+02:00" level=info msg="language server log" line="!MESSAGE KONVEYOR_LOG: found errors: [] warnings: []" provider=java
time="2026-09-23T15:01:04+02:00" level=info msg="language server log" line="!MESSAGE KONVEYOR_LOG: pattern: TypeDeclarationPattern: qualification<org.springframework.security>, type<ldap*> TypeDeclarationPattern: pkg<*>, enclosing<*>, type<ldap*>, pattern match, case insensitive, generic full match, fine grain: none | TypeReferencePattern: qualification<org.springframework.security>, type<ldap*>, pattern match, case insensitive, generic full match, fine grain: none" provider=java
time="2026-09-23T15:01:04+02:00" level=info msg="Adding Carrier span info to context" worker=3
time="2026-09-23T15:01:05+02:00" level=info msg="Symbols retrieved" cap=referenced conditionInfo="{\"Referenced\":{\"Pattern\":\"org.springframework.security.ldap*\",\"Location\":\"IMPORT\",\"annotated\":{\"pattern\":\"\"},\"Filepaths\":null}}" provider=java symbols=0
time="2026-09-23T15:01:05+02:00" level=info msg="rule returned" ruleID=openliberty-database-00003
time="2026-09-23T15:01:05+02:00" level=info msg="processed rule" logger=process-rule processed=91 ruleID=openliberty-database-00003 total=312
time="2026-09-23T15:01:05+02:00" level=info msg="language server log" line="!MESSAGE KONVEYOR_LOG: Got: 0 Number of search matching the query: \"org.springframework.security.ldap*\" and location type: 8" provider=java
time="2026-09-23T15:01:05+02:00" level=info msg="language server log" line="!MESSAGE KONVEYOR_LOG: Results size: 0" provider=java
time="2026-09-23T15:01:05+02:00" level=info msg="language server log" line="!MESSAGE KONVEYOR_LOG: Searching in target project: [Lorg.eclipse.jdt.core.IJavaProject;@4074caea" provider=java
time="2026-09-23T15:01:05+02:00" level=info msg="language server log" line="!MESSAGE KONVEYOR_LOG: source-only analysis mode only scoping to Sources" provider=java
time="2026-09-23T15:01:05+02:00" level=info msg="language server log" line="!MESSAGE KONVEYOR_LOG: found errors: [] warnings: []" provider=java
time="2026-09-23T15:01:05+02:00" level=info msg="language server log" line="!MESSAGE KONVEYOR_LOG: pattern: TypeDeclarationPattern: qualification<org.springframework.ldap>, type<core*> TypeDeclarationPattern: pkg<*>, enclosing<*>, type<core*>, pattern match, case insensitive, generic full match, fine grain: none | TypeReferencePattern: qualification<org.springframework.ldap>, type<core*>, pattern match, case insensitive, generic full match, fine grain: none" provider=java
time="2026-09-23T15:01:05+02:00" level=info msg="language server log" line="!MESSAGE KONVEYOR_LOG: Searching in target project: [Lorg.eclipse.jdt.core.IJavaProject;@2f16697a" provider=java
time="2026-09-23T15:01:05+02:00" level=info msg="language server log" line="!MESSAGE KONVEYOR_LOG: source-only analysis mode only scoping to Sources" provider=java
time="2026-09-23T15:01:05+02:00" level=info msg="language server log" line="!MESSAGE KONVEYOR_LOG: found errors: [] warnings: []" provider=java
time="2026-09-23T15:01:05+02:00" level=info msg="language server log" line="!MESSAGE KONVEYOR_LOG: pattern: TypeDeclarationPattern: qualification<com.google.cloud>, type<firestore*> TypeDeclarationPattern: pkg<*>, enclosing<*>, type<firestore*>, pattern match, case insensitive, generic full match, fine grain: none | TypeReferencePattern: qualification<com.google.cloud>, type<firestore*>, pattern match, case insensitive, generic full match, fine grain: none" provider=java
time="2026-09-23T15:01:05+02:00" level=info msg="Symbols retrieved" cap=referenced conditionInfo="{\"Referenced\":{\"Pattern\":\"com.google.cloud.firestore*\",\"Location\":\"IMPORT\",\"annotated\":{\"pattern\":\"\"},\"Filepaths\":null}}" provider=java symbols=0
time="2026-09-23T15:01:05+02:00" level=info msg="Adding Carrier span info to context" worker=3
time="2026-09-23T15:01:05+02:00" level=info msg="rule returned" ruleID=google-firestore-to-azure-cosmosdb-01000
time="2026-09-23T15:01:05+02:00" level=info msg="processed rule" logger=process-rule processed=92 ruleID=google-firestore-to-azure-cosmosdb-01000 total=312
time="2026-09-23T15:01:05+02:00" level=info msg="rule returned" ruleID=google-cloud-bigtable-to-azure-cosmosdb-01000
time="2026-09-23T15:01:05+02:00" level=info msg="processed rule" logger=process-rule processed=93 ruleID=google-cloud-bigtable-to-azure-cosmosdb-01000 total=312
time="2026-09-23T15:01:05+02:00" level=info msg="Adding Carrier span info to context" worker=3
time="2026-09-23T15:01:05+02:00" level=info msg="Adding Carrier span info to context" worker=3
time="2026-09-23T15:01:05+02:00" level=info msg="language server log" line="!MESSAGE KONVEYOR_LOG: Got: 0 Number of search matching the query: \"com.google.cloud.firestore*\" and location type: 8" provider=java
time="2026-09-23T15:01:05+02:00" level=info msg="language server log" line="!MESSAGE KONVEYOR_LOG: Results size: 0" provider=java
time="2026-09-23T15:01:05+02:00" level=info msg="rule returned" ruleID=google-pubsub-to-azure-service-bus-01000
time="2026-09-23T15:01:05+02:00" level=info msg="processed rule" logger=process-rule processed=94 ruleID=google-pubsub-to-azure-service-bus-01000 total=312
time="2026-09-23T15:01:05+02:00" level=info msg="Symbols retrieved" cap=referenced conditionInfo="{\"Referenced\":{\"Pattern\":\"org.springframework.ldap.core*\",\"Location\":\"IMPORT\",\"annotated\":{\"pattern\":\"\"},\"Filepaths\":null}}" provider=java symbols=0
time="2026-09-23T15:01:05+02:00" level=info msg="language server log" line="!MESSAGE KONVEYOR_LOG: Got: 0 Number of search matching the query: \"org.springframework.ldap.core*\" and location type: 8" provider=java
time="2026-09-23T15:01:05+02:00" level=info msg="language server log" line="!MESSAGE KONVEYOR_LOG: Results size: 0" provider=java
time="2026-09-23T15:01:05+02:00" level=info msg="language server log" line="!MESSAGE KONVEYOR_LOG: Searching in target project: [Lorg.eclipse.jdt.core.IJavaProject;@4ecb4bf0" provider=java
time="2026-09-23T15:01:05+02:00" level=info msg="language server log" line="!MESSAGE KONVEYOR_LOG: source-only analysis mode only scoping to Sources" provider=java
time="2026-09-23T15:01:05+02:00" level=info msg="language server log" line="!MESSAGE KONVEYOR_LOG: found errors: [] warnings: []" provider=java
time="2026-09-23T15:01:05+02:00" level=info msg="language server log" line="!MESSAGE KONVEYOR_LOG: pattern: TypeDeclarationPattern: qualification<com.unboundid>, type<ldap*> TypeDeclarationPattern: pkg<*>, enclosing<*>, type<ldap*>, pattern match, case insensitive, generic full match, fine grain: none | TypeReferencePattern: qualification<com.unboundid>, type<ldap*>, pattern match, case insensitive, generic full match, fine grain: none" provider=java
time="2026-09-23T15:01:05+02:00" level=info msg="Adding Carrier span info to context" worker=2
time="2026-09-23T15:01:05+02:00" level=info msg="rule returned" ruleID=openliberty-jms-00001
time="2026-09-23T15:01:05+02:00" level=info msg="processed rule" logger=process-rule processed=95 ruleID=openliberty-jms-00001 total=312
time="2026-09-23T15:01:05+02:00" level=info msg="rule returned" ruleID=google-cloud-storage-to-azure-blob-storage-01000
time="2026-09-23T15:01:05+02:00" level=info msg="processed rule" logger=process-rule processed=96 ruleID=google-cloud-storage-to-azure-blob-storage-01000 total=312
time="2026-09-23T15:01:05+02:00" level=info msg="Adding Carrier span info to context" worker=2
time="2026-09-23T15:01:05+02:00" level=info msg="Adding Carrier span info to context" worker=2
time="2026-09-23T15:01:05+02:00" level=info msg="rule returned" ruleID=google-cloud-functions-to-azure-functions-01000
time="2026-09-23T15:01:05+02:00" level=info msg="processed rule" logger=process-rule processed=97 ruleID=google-cloud-functions-to-azure-functions-01000 total=312
time="2026-09-23T15:01:05+02:00" level=info msg="rule returned" ruleID=google-cloud-spanner-to-azure-postgresql-01000
time="2026-09-23T15:01:05+02:00" level=info msg="processed rule" logger=process-rule processed=98 ruleID=google-cloud-spanner-to-azure-postgresql-01000 total=312
time="2026-09-23T15:01:05+02:00" level=info msg="Adding Carrier span info to context" worker=2
time="2026-09-23T15:01:05+02:00" level=info msg="language server log" line="!MESSAGE KONVEYOR_LOG: Searching in target project: [Lorg.eclipse.jdt.core.IJavaProject;@6a14e2fc" provider=java
time="2026-09-23T15:01:05+02:00" level=info msg="language server log" line="!MESSAGE KONVEYOR_LOG: source-only analysis mode only scoping to Sources" provider=java
time="2026-09-23T15:01:05+02:00" level=info msg="language server log" line="!MESSAGE KONVEYOR_LOG: found errors: [] warnings: []" provider=java
time="2026-09-23T15:01:05+02:00" level=info msg="language server log" line="!MESSAGE KONVEYOR_LOG: pattern: TypeDeclarationPattern: qualification<com.microsoft.azure>, type<applicationinsights*> TypeDeclarationPattern: pkg<*>, enclosing<*>, type<applicationinsights*>, pattern match, case insensitive, generic full match, fine grain: none | TypeReferencePattern: qualification<com.microsoft.azure>, type<applicationinsights*>, pattern match, case insensitive, generic full match, fine grain: none | TypeDeclarationPattern: qualification<com.microsoft.azure>, type<batch*> TypeDeclarationPattern: pkg<*>, enclosing<*>, type<batch*>, pattern match, case insensitive, generic full match, fine grain: none | TypeReferencePattern: qualification<com.microsoft.azure>, type<batch*>, pattern match, case insensitive, generic full match, fine grain: none | TypeDeclarationPattern: qualification<com.microsoft.azure>, type<cognitiveservices*> TypeDeclarationPattern: pkg<*>, enclosing<*>, type<cognitiveservices*>, pattern match, case insensitive, generic full match, fine grain: none | TypeReferencePattern: qualification<com.microsoft.azure>, type<cognitiveservices*>, pattern match, case insensitive, generic full match, fine grain: none | TypeDeclarationPattern: qualification<com.microsoft.azure>, type<cosmosdb*> TypeDeclarationPattern: pkg<*>, enclosing<*>, type<cosmosdb*>, pattern match, case insensitive, generic full match, fine grain: none | TypeReferencePattern: qualification<com.microsoft.azure>, type<cosmosdb*>, pattern match, case insensitive, generic full match, fine grain: none | TypeDeclarationPattern: qualification<com.microsoft.azure>, type<documentdb*> TypeDeclarationPattern: pkg<*>, enclosing<*>, type<documentdb*>, pattern match, case insensitive, generic full match, fine grain: none | TypeReferencePattern: qualification<com.microsoft.azure>, type<documentdb*>, pattern match, case insensitive, generic full match, fine grain: none | TypeDeclarationPattern: qualification<com.microsoft.azure>, type<eventgrid*> TypeDeclarationPattern: pkg<*>, enclosing<*>, type<eventgrid*>, pattern match, case insensitive, generic full match, fine grain: none | TypeReferencePattern: qualification<com.microsoft.azure>, type<eventgrid*>, pattern match, case insensitive, generic full match, fine grain: none | TypeDeclarationPattern: qualification<com.microsoft.azure>, type<eventhubs*> TypeDeclarationPattern: pkg<*>, enclosing<*>, type<eventhubs*>, pattern match, case insensitive, generic full match, fine grain: none | TypeReferencePattern: qualification<com.microsoft.azure>, type<eventhubs*>, pattern match, case insensitive, generic full match, fine grain: none | TypeDeclarationPattern: qualification<com.microsoft.azure>, type<eventprocessorhost*> TypeDeclarationPattern: pkg<*>, enclosing<*>, type<eventprocessorhost*>, pattern match, case insensitive, generic full match, fine grain: none | TypeReferencePattern: qualification<com.microsoft.azure>, type<eventprocessorhost*>, pattern match, case insensitive, generic full match, fine grain: none | TypeDeclarationPattern: qualification<com.microsoft.azure>, type<keyvault*> TypeDeclarationPattern: pkg<*>, enclosing<*>, type<keyvault*>, pattern match, case insensitive, generic full match, fine grain: none | TypeReferencePattern: qualification<com.microsoft.azure>, type<keyvault*>, pattern match, case insensitive, generic full match, fine grain: none | TypeDeclarationPattern: qualification<com.microsoft.azure>, type<loganalytics*> TypeDeclarationPattern: pkg<*>, enclosing<*>, type<loganalytics*>, pattern match, case insensitive, generic full match, fine grain: none | TypeReferencePattern: qualification<com.microsoft.azure>, type<loganalytics*>, pattern match, case insensitive, generic full match, fine grain: none | TypeDeclarationPattern: qualification<com.microsoft.azure>, type<servicebus*> TypeDeclarationPattern: pkg<*>, enclosing<*>, type<servicebus*>, pattern match, case insensitive, generic full match, fine grain: none | TypeReferencePattern: qualification<com.microsoft.azure>, type<servicebus*>, pattern match, case insensitive, generic full match, fine grain: none | TypeDeclarationPattern: qualification<com.microsoft.azure>, type<credentials*> TypeDeclarationPattern: pkg<*>, enclosing<*>, type<credentials*>, pattern match, case insensitive, generic full match, fine grain: none | TypeReferencePattern: qualification<com.microsoft.azure>, type<credentials*>, pattern match, case insensitive, generic full match, fine grain: none | TypeDeclarationPattern: qualification<com.microsoft.azure>, type<management*> TypeDeclarationPattern: pkg<*>, enclosing<*>, type<management*>, pattern match, case insensitive, generic full match, fine grain: none | TypeReferencePattern: qualification<com.microsoft.azure>, type<management*>, pattern match, case insensitive, generic full match, fine grain: none | TypeDeclarationPattern: qualification<com.microsoft.azure>, type<serializer*> TypeDeclarationPattern: pkg<*>, enclosing<*>, type<serializer*>, pattern match, case insensitive, generic full match, fine grain: none | TypeReferencePattern: qualification<com.microsoft.azure>, type<serializer*>, pattern match, case insensitive, generic full match, fine grain: none | TypeDeclarationPattern: qualification<com.microsoft.azure>, type<storage*> TypeDeclarationPattern: pkg<*>, enclosing<*>, type<storage*>, pattern match, case insensitive, generic full match, fine grain: none | TypeReferencePattern: qualification<com.microsoft.azure>, type<storage*>, pattern match, case insensitive, generic full match, fine grain: none" provider=java
time="2026-09-23T15:01:05+02:00" level=info msg="language server log" line="!MESSAGE KONVEYOR_LOG: Got: 0 Number of search matching the query: \"com.unboundid.ldap*\" and location type: 8" provider=java
time="2026-09-23T15:01:05+02:00" level=info msg="language server log" line="!MESSAGE KONVEYOR_LOG: Results size: 0" provider=java
time="2026-09-23T15:01:05+02:00" level=info msg="Symbols retrieved" cap=referenced conditionInfo="{\"Referenced\":{\"Pattern\":\"com.unboundid.ldap*\",\"Location\":\"IMPORT\",\"annotated\":{\"pattern\":\"\"},\"Filepaths\":null}}" provider=java symbols=0
time="2026-09-23T15:01:05+02:00" level=info msg="language server log" line="!MESSAGE KONVEYOR_LOG: Searching in target project: [Lorg.eclipse.jdt.core.IJavaProject;@49933a3a" provider=java
time="2026-09-23T15:01:05+02:00" level=info msg="language server log" line="!MESSAGE KONVEYOR_LOG: source-only analysis mode only scoping to Sources" provider=java
time="2026-09-23T15:01:05+02:00" level=info msg="language server log" line="!MESSAGE KONVEYOR_LOG: found errors: [] warnings: []" provider=java
time="2026-09-23T15:01:05+02:00" level=info msg="language server log" line="!MESSAGE KONVEYOR_LOG: pattern: TypeDeclarationPattern: qualification<org.apache.directory.ldap.client>, type<api*> TypeDeclarationPattern: pkg<*>, enclosing<*>, type<api*>, pattern match, case insensitive, generic full match, fine grain: none | TypeReferencePattern: qualification<org.apache.directory.ldap.client>, type<api*>, pattern match, case insensitive, generic full match, fine grain: none" provider=java
time="2026-09-23T15:01:05+02:00" level=info msg="language server log" line="!MESSAGE KONVEYOR_LOG: Got: 0 Number of search matching the query: \"com.microsoft.azure.(applicationinsights|batch|cognitiveservices|cosmosdb|documentdb|eventgrid|eventhubs|eventprocessorhost|keyvault|loganalytics|servicebus|credentials|management|serializer|storage)*\" and location type: 8" provider=java
time="2026-09-23T15:01:05+02:00" level=info msg="language server log" line="!MESSAGE KONVEYOR_LOG: Results size: 0" provider=java
time="2026-09-23T15:01:05+02:00" level=info msg="Symbols retrieved" cap=referenced conditionInfo="{\"Referenced\":{\"Pattern\":\"com.microsoft.azure.(applicationinsights|batch|cognitiveservices|cosmosdb|documentdb|eventgrid|eventhubs|eventprocessorhost|keyvault|loganalytics|servicebus|credentials|management|serializer|storage)*\",\"Location\":\"IMPORT\",\"annotated\":{\"pattern\":\"\"},\"Filepaths\":null}}" provider=java symbols=0
time="2026-09-23T15:01:05+02:00" level=info msg="Symbols retrieved" cap=referenced conditionInfo="{\"Referenced\":{\"Pattern\":\"org.apache.directory.ldap.client.api*\",\"Location\":\"IMPORT\",\"annotated\":{\"pattern\":\"\"},\"Filepaths\":null}}" provider=java symbols=0
time="2026-09-23T15:01:05+02:00" level=info msg="language server log" line="!MESSAGE KONVEYOR_LOG: Got: 0 Number of search matching the query: \"org.apache.directory.ldap.client.api*\" and location type: 8" provider=java
time="2026-09-23T15:01:05+02:00" level=info msg="language server log" line="!MESSAGE KONVEYOR_LOG: Results size: 0" provider=java
time="2026-09-23T15:01:05+02:00" level=info msg="language server log" line="!MESSAGE KONVEYOR_LOG: Searching in target project: [Lorg.eclipse.jdt.core.IJavaProject;@3c2c1170" provider=java
time="2026-09-23T15:01:05+02:00" level=info msg="language server log" line="!MESSAGE KONVEYOR_LOG: source-only analysis mode only scoping to Sources" provider=java
time="2026-09-23T15:01:05+02:00" level=info msg="language server log" line="!MESSAGE KONVEYOR_LOG: found errors: [] warnings: []" provider=java
time="2026-09-23T15:01:05+02:00" level=info msg="language server log" line="!MESSAGE KONVEYOR_LOG: Searching in target project: [Lorg.eclipse.jdt.core.IJavaProject;@3f3f43e6" provider=java
time="2026-09-23T15:01:05+02:00" level=info msg="language server log" line="!MESSAGE KONVEYOR_LOG: source-only analysis mode only scoping to Sources" provider=java
time="2026-09-23T15:01:05+02:00" level=info msg="language server log" line="!MESSAGE KONVEYOR_LOG: found errors: [] warnings: []" provider=java
time="2026-09-23T15:01:05+02:00" level=info msg="language server log" line="!MESSAGE KONVEYOR_LOG: pattern: TypeDeclarationPattern: qualification<javax.naming>, type<ldap*> TypeDeclarationPattern: pkg<*>, enclosing<*>, type<ldap*>, pattern match, case insensitive, generic full match, fine grain: none | TypeReferencePattern: qualification<javax.naming>, type<ldap*>, pattern match, case insensitive, generic full match, fine grain: none" provider=java
time="2026-09-23T15:01:05+02:00" level=info msg="language server log" line="!MESSAGE KONVEYOR_LOG: pattern: TypeDeclarationPattern: qualification<com.microsoft>, type<windowsazure*> TypeDeclarationPattern: pkg<*>, enclosing<*>, type<windowsazure*>, pattern match, case insensitive, generic full match, fine grain: none | TypeReferencePattern: qualification<com.microsoft>, type<windowsazure*>, pattern match, case insensitive, generic full match, fine grain: none | TypeDeclarationPattern: qualification<com.microsoft>, type<rest*> TypeDeclarationPattern: pkg<*>, enclosing<*>, type<rest*>, pattern match, case insensitive, generic full match, fine grain: none | TypeReferencePattern: qualification<com.microsoft>, type<rest*>, pattern match, case insensitive, generic full match, fine grain: none | TypeDeclarationPattern: qualification<com.microsoft.aad>, type<adal4j*> TypeDeclarationPattern: pkg<*>, enclosing<*>, type<adal4j*>, pattern match, case insensitive, generic full match, fine grain: none | TypeReferencePattern: qualification<com.microsoft.aad>, type<adal4j*>, pattern match, case insensitive, generic full match, fine grain: none" provider=java
time="2026-09-23T15:01:05+02:00" level=info msg="Symbols retrieved" cap=referenced conditionInfo="{\"Referenced\":{\"Pattern\":\"com.microsoft.(windowsazure|rest|aad.adal4j)*\",\"Location\":\"IMPORT\",\"annotated\":{\"pattern\":\"\"},\"Filepaths\":null}}" provider=java symbols=0
time="2026-09-23T15:01:05+02:00" level=info msg="Symbols retrieved" cap=referenced conditionInfo="{\"Referenced\":{\"Pattern\":\"javax.naming.ldap*\",\"Location\":\"IMPORT\",\"annotated\":{\"pattern\":\"\"},\"Filepaths\":null}}" provider=java symbols=0
time="2026-09-23T15:01:05+02:00" level=info msg="language server log" line="!MESSAGE KONVEYOR_LOG: Got: 0 Number of search matching the query: \"javax.naming.ldap*\" and location type: 8" provider=java
time="2026-09-23T15:01:05+02:00" level=info msg="language server log" line="!MESSAGE KONVEYOR_LOG: Results size: 0" provider=java
time="2026-09-23T15:01:05+02:00" level=info msg="language server log" line="!MESSAGE KONVEYOR_LOG: Got: 0 Number of search matching the query: \"com.microsoft.(windowsazure|rest|aad.adal4j)*\" and location type: 8" provider=java
time="2026-09-23T15:01:05+02:00" level=info msg="language server log" line="!MESSAGE KONVEYOR_LOG: Results size: 0" provider=java
time="2026-09-23T15:01:05+02:00" level=info msg="language server log" line="!MESSAGE KONVEYOR_LOG: Searching in target project: [Lorg.eclipse.jdt.core.IJavaProject;@3d734904" provider=java
time="2026-09-23T15:01:05+02:00" level=info msg="language server log" line="!MESSAGE KONVEYOR_LOG: source-only analysis mode only scoping to Sources" provider=java
time="2026-09-23T15:01:05+02:00" level=info msg="language server log" line="!MESSAGE KONVEYOR_LOG: found errors: [] warnings: []" provider=java
time="2026-09-23T15:01:05+02:00" level=info msg="language server log" line="!MESSAGE KONVEYOR_LOG: pattern: TypeDeclarationPattern: qualification<com.novell>, type<ldap*> TypeDeclarationPattern: pkg<*>, enclosing<*>, type<ldap*>, pattern match, case insensitive, generic full match, fine grain: none | TypeReferencePattern: qualification<com.novell>, type<ldap*>, pattern match, case insensitive, generic full match, fine grain: none" provider=java
time="2026-09-23T15:01:05+02:00" level=info msg="language server log" line="!MESSAGE KONVEYOR_LOG: Got: 0 Number of search matching the query: \"com.novell.ldap*\" and location type: 8" provider=java
time="2026-09-23T15:01:05+02:00" level=info msg="language server log" line="!MESSAGE KONVEYOR_LOG: Results size: 0" provider=java
time="2026-09-23T15:01:05+02:00" level=info msg="Symbols retrieved" cap=referenced conditionInfo="{\"Referenced\":{\"Pattern\":\"com.novell.ldap*\",\"Location\":\"IMPORT\",\"annotated\":{\"pattern\":\"\"},\"Filepaths\":null}}" provider=java symbols=0
time="2026-09-23T15:01:05+02:00" level=info msg="Adding Carrier span info to context" worker=5
time="2026-09-23T15:01:05+02:00" level=info msg="rule returned" ruleID=java-ldap-to-msft-entra-id-01000
time="2026-09-23T15:01:05+02:00" level=info msg="processed rule" logger=process-rule processed=99 ruleID=java-ldap-to-msft-entra-id-01000 total=312
time="2026-09-23T15:01:05+02:00" level=info msg="Adding Carrier span info to context" worker=5
time="2026-09-23T15:01:05+02:00" level=info msg="rule returned" ruleID=embedded-cache-01000
time="2026-09-23T15:01:05+02:00" level=info msg="processed rule" logger=process-rule processed=100 ruleID=embedded-cache-01000 total=312
time="2026-09-23T15:01:05+02:00" level=info msg="rule returned" ruleID=embedded-cache-02000
time="2026-09-23T15:01:05+02:00" level=info msg="processed rule" logger=process-rule processed=101 ruleID=embedded-cache-02000 total=312
time="2026-09-23T15:01:05+02:00" level=info msg="Adding Carrier span info to context" worker=5
time="2026-09-23T15:01:05+02:00" level=info msg="Adding Carrier span info to context" worker=5
time="2026-09-23T15:01:05+02:00" level=info msg="rule returned" ruleID=embedded-cache-03000
time="2026-09-23T15:01:05+02:00" level=info msg="processed rule" logger=process-rule processed=102 ruleID=embedded-cache-03000 total=312
time="2026-09-23T15:01:05+02:00" level=info msg="rule returned" ruleID=embedded-cache-04000
time="2026-09-23T15:01:05+02:00" level=info msg="Adding Carrier span info to context" worker=5
time="2026-09-23T15:01:05+02:00" level=info msg="processed rule" logger=process-rule processed=103 ruleID=embedded-cache-04000 total=312
time="2026-09-23T15:01:05+02:00" level=info msg="rule returned" ruleID=embedded-cache-05000
time="2026-09-23T15:01:05+02:00" level=info msg="processed rule" logger=process-rule processed=104 ruleID=embedded-cache-05000 total=312
time="2026-09-23T15:01:05+02:00" level=info msg="Adding Carrier span info to context" worker=5
time="2026-09-23T15:01:05+02:00" level=info msg="language server log" line="!MESSAGE KONVEYOR_LOG: Searching in target project: [Lorg.eclipse.jdt.core.IJavaProject;@29730191" provider=java
time="2026-09-23T15:01:05+02:00" level=info msg="language server log" line="!MESSAGE KONVEYOR_LOG: source-only analysis mode only scoping to Sources" provider=java
time="2026-09-23T15:01:05+02:00" level=info msg="language server log" line="!MESSAGE KONVEYOR_LOG: found errors: [] warnings: []" provider=java
time="2026-09-23T15:01:05+02:00" level=info msg="language server log" line="!MESSAGE KONVEYOR_LOG: pattern: TypeDeclarationPattern: qualification<com>, type<hazelcast*> TypeDeclarationPattern: pkg<*>, enclosing<*>, type<hazelcast*>, pattern match, case insensitive, generic full match, fine grain: none | TypeReferencePattern: qualification<com>, type<hazelcast*>, pattern match, case insensitive, generic full match, fine grain: none" provider=java
time="2026-09-23T15:01:05+02:00" level=info msg="language server log" line="!MESSAGE KONVEYOR_LOG: Got: 0 Number of search matching the query: \"com.hazelcast*\" and location type: 8" provider=java
time="2026-09-23T15:01:05+02:00" level=info msg="language server log" line="!MESSAGE KONVEYOR_LOG: Results size: 0" provider=java
time="2026-09-23T15:01:05+02:00" level=info msg="Symbols retrieved" cap=referenced conditionInfo="{\"Referenced\":{\"Pattern\":\"com.hazelcast*\",\"Location\":\"IMPORT\",\"annotated\":{\"pattern\":\"\"},\"Filepaths\":null}}" provider=java symbols=0
time="2026-09-23T15:01:05+02:00" level=info msg="Adding Carrier span info to context" worker=5
time="2026-09-23T15:01:05+02:00" level=info msg="rule returned" ruleID=embedded-cache-06000
time="2026-09-23T15:01:05+02:00" level=info msg="processed rule" logger=process-rule processed=105 ruleID=embedded-cache-06000 total=312
time="2026-09-23T15:01:05+02:00" level=info msg="rule returned" ruleID=embedded-cache-07000
time="2026-09-23T15:01:05+02:00" level=info msg="processed rule" logger=process-rule processed=106 ruleID=embedded-cache-07000 total=312
time="2026-09-23T15:01:05+02:00" level=info msg="Adding Carrier span info to context" worker=5
time="2026-09-23T15:01:05+02:00" level=info msg="Adding Carrier span info to context" worker=5
time="2026-09-23T15:01:05+02:00" level=info msg="rule returned" ruleID=embedded-cache-08000
time="2026-09-23T15:01:05+02:00" level=info msg="processed rule" logger=process-rule processed=107 ruleID=embedded-cache-08000 total=312
time="2026-09-23T15:01:05+02:00" level=info msg="rule returned" ruleID=embedded-cache-09000
time="2026-09-23T15:01:05+02:00" level=info msg="processed rule" logger=process-rule processed=108 ruleID=embedded-cache-09000 total=312
time="2026-09-23T15:01:05+02:00" level=info msg="Adding Carrier span info to context" worker=5
time="2026-09-23T15:01:05+02:00" level=info msg="Adding Carrier span info to context" worker=5
time="2026-09-23T15:01:05+02:00" level=info msg="rule returned" ruleID=embedded-cache-10000
time="2026-09-23T15:01:05+02:00" level=info msg="processed rule" logger=process-rule processed=109 ruleID=embedded-cache-10000 total=312
time="2026-09-23T15:01:05+02:00" level=info msg="Adding Carrier span info to context" worker=5
time="2026-09-23T15:01:05+02:00" level=info msg="rule returned" ruleID=embedded-cache-11000
time="2026-09-23T15:01:05+02:00" level=info msg="processed rule" logger=process-rule processed=110 ruleID=embedded-cache-11000 total=312
time="2026-09-23T15:01:05+02:00" level=info msg="rule returned" ruleID=embedded-cache-12000
time="2026-09-23T15:01:05+02:00" level=info msg="Adding Carrier span info to context" worker=5
time="2026-09-23T15:01:05+02:00" level=info msg="processed rule" logger=process-rule processed=111 ruleID=embedded-cache-12000 total=312
time="2026-09-23T15:01:05+02:00" level=info msg="Adding Carrier span info to context" worker=5
time="2026-09-23T15:01:05+02:00" level=info msg="rule returned" ruleID=embedded-cache-13000
time="2026-09-23T15:01:05+02:00" level=info msg="processed rule" logger=process-rule processed=112 ruleID=embedded-cache-13000 total=312
time="2026-09-23T15:01:05+02:00" level=info msg="Adding Carrier span info to context" worker=5
time="2026-09-23T15:01:05+02:00" level=info msg="rule returned" ruleID=embedded-cache-14000
time="2026-09-23T15:01:05+02:00" level=info msg="processed rule" logger=process-rule processed=113 ruleID=embedded-cache-14000 total=312
time="2026-09-23T15:01:05+02:00" level=info msg="language server log" line="!MESSAGE KONVEYOR_LOG: Searching in target project: [Lorg.eclipse.jdt.core.IJavaProject;@79e1ac6f" provider=java
time="2026-09-23T15:01:05+02:00" level=info msg="language server log" line="!MESSAGE KONVEYOR_LOG: source-only analysis mode only scoping to Sources" provider=java
time="2026-09-23T15:01:05+02:00" level=info msg="language server log" line="!MESSAGE KONVEYOR_LOG: found errors: [] warnings: []" provider=java
time="2026-09-23T15:01:05+02:00" level=info msg="language server log" line="!MESSAGE KONVEYOR_LOG: pattern: TypeDeclarationPattern: qualification<org.springframework>, type<cache*> TypeDeclarationPattern: pkg<*>, enclosing<*>, type<cache*>, pattern match, case insensitive, generic full match, fine grain: none | TypeReferencePattern: qualification<org.springframework>, type<cache*>, pattern match, case insensitive, generic full match, fine grain: none" provider=java
time="2026-09-23T15:01:05+02:00" level=info msg="Symbols retrieved" cap=referenced conditionInfo="{\"Referenced\":{\"Pattern\":\"org.springframework.cache*\",\"Location\":\"IMPORT\",\"annotated\":{\"pattern\":\"\"},\"Filepaths\":null}}" provider=java symbols=0
time="2026-09-23T15:01:05+02:00" level=info msg="Adding Carrier span info to context" worker=5
time="2026-09-23T15:01:05+02:00" level=info msg="language server log" line="!MESSAGE KONVEYOR_LOG: Got: 0 Number of search matching the query: \"org.springframework.cache*\" and location type: 8" provider=java
time="2026-09-23T15:01:05+02:00" level=info msg="language server log" line="!MESSAGE KONVEYOR_LOG: Results size: 0" provider=java
time="2026-09-23T15:01:05+02:00" level=info msg="rule returned" ruleID=embedded-cache-15000
time="2026-09-23T15:01:05+02:00" level=info msg="processed rule" logger=process-rule processed=114 ruleID=embedded-cache-15000 total=312
time="2026-09-23T15:01:05+02:00" level=info msg="rule returned" ruleID=embedded-cache-16000
time="2026-09-23T15:01:05+02:00" level=info msg="processed rule" logger=process-rule processed=115 ruleID=embedded-cache-16000 total=312
time="2026-09-23T15:01:05+02:00" level=info msg="Adding Carrier span info to context" worker=5
time="2026-09-23T15:01:05+02:00" level=info msg="language server log" line="!MESSAGE KONVEYOR_LOG: Searching in target project: [Lorg.eclipse.jdt.core.IJavaProject;@4f4331df" provider=java
time="2026-09-23T15:01:05+02:00" level=info msg="language server log" line="!MESSAGE KONVEYOR_LOG: source-only analysis mode only scoping to Sources" provider=java
time="2026-09-23T15:01:05+02:00" level=info msg="language server log" line="!MESSAGE KONVEYOR_LOG: found errors: [] warnings: []" provider=java
time="2026-09-23T15:01:05+02:00" level=info msg="language server log" line="!MESSAGE KONVEYOR_LOG: pattern: PackageDeclarationPattern: <com.sun.corba*>, pattern match, case insensitive, generic full match, fine grain: none | PackageReferencePattern: <com.sun.corba*>, pattern match, case insensitive, generic full match, fine grain: none" provider=java
time="2026-09-23T15:01:05+02:00" level=info msg="language server log" line="!MESSAGE KONVEYOR_LOG: Got: 0 Number of search matching the query: \"com.sun.corba*\" and location type: 11" provider=java
time="2026-09-23T15:01:05+02:00" level=info msg="language server log" line="!MESSAGE KONVEYOR_LOG: Results size: 0" provider=java
time="2026-09-23T15:01:05+02:00" level=info msg="Symbols retrieved" cap=referenced conditionInfo="{\"Referenced\":{\"Pattern\":\"com.sun.corba*\",\"Location\":\"PACKAGE\",\"annotated\":{\"pattern\":\"\"},\"Filepaths\":null}}" provider=java symbols=0
time="2026-09-23T15:01:05+02:00" level=info msg="language server log" line="!MESSAGE KONVEYOR_LOG: Searching in target project: [Lorg.eclipse.jdt.core.IJavaProject;@651c9f1" provider=java
time="2026-09-23T15:01:05+02:00" level=info msg="language server log" line="!MESSAGE KONVEYOR_LOG: source-only analysis mode only scoping to Sources" provider=java
time="2026-09-23T15:01:05+02:00" level=info msg="language server log" line="!MESSAGE KONVEYOR_LOG: found errors: [] warnings: []" provider=java
time="2026-09-23T15:01:05+02:00" level=info msg="language server log" line="!MESSAGE KONVEYOR_LOG: pattern: PackageDeclarationPattern: <org.omg.CORBA*>, pattern match, case insensitive, generic full match, fine grain: none | PackageReferencePattern: <org.omg.corba*>, pattern match, case insensitive, generic full match, fine grain: none" provider=java
time="2026-09-23T15:01:05+02:00" level=info msg="language server log" line="!MESSAGE KONVEYOR_LOG: Got: 0 Number of search matching the query: \"org.omg.CORBA*\" and location type: 11" provider=java
time="2026-09-23T15:01:05+02:00" level=info msg="language server log" line="!MESSAGE KONVEYOR_LOG: Results size: 0" provider=java
time="2026-09-23T15:01:05+02:00" level=info msg="Adding Carrier span info to context" worker=0
time="2026-09-23T15:01:05+02:00" level=info msg="rule returned" ruleID=openliberty-database-00009
time="2026-09-23T15:01:05+02:00" level=info msg="processed rule" logger=process-rule processed=116 ruleID=openliberty-database-00009 total=312
time="2026-09-23T15:01:05+02:00" level=info msg="Symbols retrieved" cap=referenced conditionInfo="{\"Referenced\":{\"Pattern\":\"org.omg.CORBA*\",\"Location\":\"PACKAGE\",\"annotated\":{\"pattern\":\"\"},\"Filepaths\":null}}" provider=java symbols=0
time="2026-09-23T15:01:05+02:00" level=info msg="language server log" line="!MESSAGE KONVEYOR_LOG: Searching in target project: [Lorg.eclipse.jdt.core.IJavaProject;@5b34eb16" provider=java
time="2026-09-23T15:01:05+02:00" level=info msg="language server log" line="!MESSAGE KONVEYOR_LOG: source-only analysis mode only scoping to Sources" provider=java
time="2026-09-23T15:01:05+02:00" level=info msg="language server log" line="!MESSAGE KONVEYOR_LOG: Searching in target project: [Lorg.eclipse.jdt.core.IJavaProject;@13a775dd" provider=java
time="2026-09-23T15:01:05+02:00" level=info msg="language server log" line="!MESSAGE KONVEYOR_LOG: source-only analysis mode only scoping to Sources" provider=java
time="2026-09-23T15:01:05+02:00" level=info msg="language server log" line="!MESSAGE KONVEYOR_LOG: found errors: [] warnings: []" provider=java
time="2026-09-23T15:01:05+02:00" level=info msg="language server log" line="!MESSAGE KONVEYOR_LOG: found errors: [] warnings: []" provider=java
time="2026-09-23T15:01:05+02:00" level=info msg="language server log" line="!MESSAGE KONVEYOR_LOG: pattern: PackageDeclarationPattern: <com.iona.corba*>, pattern match, case insensitive, generic full match, fine grain: none | PackageReferencePattern: <com.iona.corba*>, pattern match, case insensitive, generic full match, fine grain: none" provider=java
time="2026-09-23T15:01:05+02:00" level=info msg="language server log" line="!MESSAGE KONVEYOR_LOG: pattern: SuperInterfaceReferencePattern: <Remote>, exact match, case sensitive, generic full match, fine grain: none" provider=java
time="2026-09-23T15:01:05+02:00" level=info msg="language server log" line="!MESSAGE KONVEYOR_LOG: Got: 0 Number of search matching the query: \"java.rmi.Remote\" and location type: 1" provider=java
time="2026-09-23T15:01:05+02:00" level=info msg="language server log" line="!MESSAGE KONVEYOR_LOG: Results size: 0" provider=java
time="2026-09-23T15:01:05+02:00" level=info msg="Symbols retrieved" cap=referenced conditionInfo="{\"Referenced\":{\"Pattern\":\"java.rmi.Remote\",\"Location\":\"INHERITANCE\",\"annotated\":{\"pattern\":\"\"},\"Filepaths\":null}}" provider=java symbols=0
time="2026-09-23T15:01:05+02:00" level=info msg="Adding Carrier span info to context" worker=0
time="2026-09-23T15:01:05+02:00" level=info msg="language server log" line="!MESSAGE KONVEYOR_LOG: Got: 0 Number of search matching the query: \"com.iona.corba*\" and location type: 11" provider=java
time="2026-09-23T15:01:05+02:00" level=info msg="rule returned" ruleID=java-rmi-00000
time="2026-09-23T15:01:05+02:00" level=info msg="processed rule" logger=process-rule processed=117 ruleID=java-rmi-00000 total=312
time="2026-09-23T15:01:05+02:00" level=info msg="language server log" line="!MESSAGE KONVEYOR_LOG: Results size: 0" provider=java
time="2026-09-23T15:01:05+02:00" level=info msg="language server log" line="!MESSAGE KONVEYOR_LOG: Searching in target project: [Lorg.eclipse.jdt.core.IJavaProject;@47f514b3" provider=java
time="2026-09-23T15:01:05+02:00" level=info msg="language server log" line="!MESSAGE KONVEYOR_LOG: source-only analysis mode only scoping to Sources" provider=java
time="2026-09-23T15:01:05+02:00" level=info msg="language server log" line="!MESSAGE KONVEYOR_LOG: found errors: [] warnings: []" provider=java
time="2026-09-23T15:01:05+02:00" level=info msg="language server log" line="!MESSAGE KONVEYOR_LOG: pattern: PackageDeclarationPattern: <java.rmi*>, pattern match, case insensitive, generic full match, fine grain: none | PackageReferencePattern: <java.rmi*>, pattern match, case insensitive, generic full match, fine grain: none" provider=java
time="2026-09-23T15:01:05+02:00" level=info msg="language server log" line="!MESSAGE KONVEYOR_LOG: Got: 0 Number of search matching the query: \"java.rmi*\" and location type: 11" provider=java
time="2026-09-23T15:01:05+02:00" level=info msg="language server log" line="!MESSAGE KONVEYOR_LOG: Results size: 0" provider=java
time="2026-09-23T15:01:05+02:00" level=info msg="Symbols retrieved" cap=referenced conditionInfo="{\"Referenced\":{\"Pattern\":\"java.rmi*\",\"Location\":\"PACKAGE\",\"annotated\":{\"pattern\":\"\"},\"Filepaths\":null}}" provider=java symbols=0
time="2026-09-23T15:01:05+02:00" level=info msg="Adding Carrier span info to context" worker=0
time="2026-09-23T15:01:05+02:00" level=info msg="Symbols retrieved" cap=referenced conditionInfo="{\"Referenced\":{\"Pattern\":\"com.iona.corba*\",\"Location\":\"PACKAGE\",\"annotated\":{\"pattern\":\"\"},\"Filepaths\":null}}" provider=java symbols=0
time="2026-09-23T15:01:05+02:00" level=info msg="rule returned" ruleID=java-rmi-00001
time="2026-09-23T15:01:05+02:00" level=info msg="processed rule" logger=process-rule processed=118 ruleID=java-rmi-00001 total=312
time="2026-09-23T15:01:05+02:00" level=info msg="Adding Carrier span info to context" worker=5
time="2026-09-23T15:01:05+02:00" level=info msg="rule returned" ruleID=java-corba-00000
time="2026-09-23T15:01:05+02:00" level=info msg="language server log" line="!MESSAGE KONVEYOR_LOG: Searching in target project: [Lorg.eclipse.jdt.core.IJavaProject;@a3b1db3" provider=java
time="2026-09-23T15:01:05+02:00" level=info msg="language server log" line="!MESSAGE KONVEYOR_LOG: source-only analysis mode only scoping to Sources" provider=java
time="2026-09-23T15:01:05+02:00" level=info msg="processed rule" logger=process-rule processed=119 ruleID=java-corba-00000 total=312
time="2026-09-23T15:01:05+02:00" level=info msg="language server log" line="!MESSAGE KONVEYOR_LOG: found errors: [] warnings: []" provider=java
time="2026-09-23T15:01:05+02:00" level=info msg="language server log" line="!MESSAGE KONVEYOR_LOG: pattern: PackageDeclarationPattern: <javax.xml.rpc*>, pattern match, case insensitive, generic full match, fine grain: none | PackageReferencePattern: <javax.xml.rpc*>, pattern match, case insensitive, generic full match, fine grain: none | PackageDeclarationPattern: <jakarta.xml.rpc*>, pattern match, case insensitive, generic full match, fine grain: none | PackageReferencePattern: <jakarta.xml.rpc*>, pattern match, case insensitive, generic full match, fine grain: none" provider=java
time="2026-09-23T15:01:05+02:00" level=info msg="language server log" line="!MESSAGE KONVEYOR_LOG: Got: 0 Number of search matching the query: \"(javax|jakarta).xml.rpc*\" and location type: 11" provider=java
time="2026-09-23T15:01:05+02:00" level=info msg="language server log" line="!MESSAGE KONVEYOR_LOG: Results size: 0" provider=java
time="2026-09-23T15:01:05+02:00" level=info msg="Symbols retrieved" cap=referenced conditionInfo="{\"Referenced\":{\"Pattern\":\"(javax|jakarta).xml.rpc*\",\"Location\":\"PACKAGE\",\"annotated\":{\"pattern\":\"\"},\"Filepaths\":null}}" provider=java symbols=0
time="2026-09-23T15:01:05+02:00" level=info msg="language server log" line="!MESSAGE KONVEYOR_LOG: Searching in target project: [Lorg.eclipse.jdt.core.IJavaProject;@4f5e5f61" provider=java
time="2026-09-23T15:01:05+02:00" level=info msg="language server log" line="!MESSAGE KONVEYOR_LOG: source-only analysis mode only scoping to Sources" provider=java
time="2026-09-23T15:01:05+02:00" level=info msg="language server log" line="!MESSAGE KONVEYOR_LOG: found errors: [] warnings: []" provider=java
time="2026-09-23T15:01:05+02:00" level=info msg="language server log" line="!MESSAGE KONVEYOR_LOG: pattern: PackageDeclarationPattern: <org.apache.xmlrpc*>, pattern match, case insensitive, generic full match, fine grain: none | PackageReferencePattern: <org.apache.xmlrpc*>, pattern match, case insensitive, generic full match, fine grain: none" provider=java
time="2026-09-23T15:01:05+02:00" level=info msg="Symbols retrieved" cap=referenced conditionInfo="{\"Referenced\":{\"Pattern\":\"org.apache.xmlrpc*\",\"Location\":\"PACKAGE\",\"annotated\":{\"pattern\":\"\"},\"Filepaths\":null}}" provider=java symbols=0
time="2026-09-23T15:01:05+02:00" level=info msg="language server log" line="!MESSAGE KONVEYOR_LOG: Got: 0 Number of search matching the query: \"org.apache.xmlrpc*\" and location type: 11" provider=java
time="2026-09-23T15:01:05+02:00" level=info msg="language server log" line="!MESSAGE KONVEYOR_LOG: Results size: 0" provider=java
time="2026-09-23T15:01:05+02:00" level=info msg="language server log" line="!MESSAGE KONVEYOR_LOG: Searching in target project: [Lorg.eclipse.jdt.core.IJavaProject;@334e71c7" provider=java
time="2026-09-23T15:01:05+02:00" level=info msg="language server log" line="!MESSAGE KONVEYOR_LOG: source-only analysis mode only scoping to Sources" provider=java
time="2026-09-23T15:01:05+02:00" level=info msg="language server log" line="!MESSAGE KONVEYOR_LOG: found errors: [] warnings: []" provider=java
time="2026-09-23T15:01:05+02:00" level=info msg="language server log" line="!MESSAGE KONVEYOR_LOG: pattern: PackageDeclarationPattern: <redstone.xmlrpc*>, pattern match, case insensitive, generic full match, fine grain: none | PackageReferencePattern: <redstone.xmlrpc*>, pattern match, case insensitive, generic full match, fine grain: none" provider=java
time="2026-09-23T15:01:05+02:00" level=info msg="language server log" line="!MESSAGE KONVEYOR_LOG: Got: 0 Number of search matching the query: \"redstone.xmlrpc*\" and location type: 11" provider=java
time="2026-09-23T15:01:05+02:00" level=info msg="language server log" line="!MESSAGE KONVEYOR_LOG: Results size: 0" provider=java
time="2026-09-23T15:01:05+02:00" level=info msg="Symbols retrieved" cap=referenced conditionInfo="{\"Referenced\":{\"Pattern\":\"redstone.xmlrpc*\",\"Location\":\"PACKAGE\",\"annotated\":{\"pattern\":\"\"},\"Filepaths\":null}}" provider=java symbols=0
time="2026-09-23T15:01:05+02:00" level=info msg="Adding Carrier span info to context" worker=0
time="2026-09-23T15:01:05+02:00" level=info msg="rule returned" ruleID=java-rpc-00000
time="2026-09-23T15:01:05+02:00" level=info msg="processed rule" logger=process-rule processed=120 ruleID=java-rpc-00000 total=312
time="2026-09-23T15:01:05+02:00" level=info msg="language server log" line="!MESSAGE KONVEYOR_LOG: Searching in target project: [Lorg.eclipse.jdt.core.IJavaProject;@5cf1bb91" provider=java
time="2026-09-23T15:01:05+02:00" level=info msg="language server log" line="!MESSAGE KONVEYOR_LOG: source-only analysis mode only scoping to Sources" provider=java
time="2026-09-23T15:01:05+02:00" level=info msg="language server log" line="!MESSAGE KONVEYOR_LOG: found errors: [] warnings: []" provider=java
time="2026-09-23T15:01:05+02:00" level=info msg="language server log" line="!MESSAGE KONVEYOR_LOG: pattern: MethodReferencePattern: loadlibrary(...), exact match, case insensitive, generic erasure match, fine grain: none" provider=java
time="2026-09-23T15:01:05+02:00" level=info msg="language server log" line="!MESSAGE KONVEYOR_LOG: Got: 0 Number of search matching the query: \"loadLibrary\" and location type: 2" provider=java
time="2026-09-23T15:01:05+02:00" level=info msg="language server log" line="!MESSAGE KONVEYOR_LOG: Results size: 0" provider=java
time="2026-09-23T15:01:05+02:00" level=info msg="Symbols retrieved" cap=referenced conditionInfo="{\"Referenced\":{\"Pattern\":\"loadLibrary\",\"Location\":\"METHOD_CALL\",\"annotated\":{\"pattern\":\"\"},\"Filepaths\":null}}" provider=java symbols=0
time="2026-09-23T15:01:05+02:00" level=info msg="Symbols retrieved" cap=referenced conditionInfo="{\"Referenced\":{\"Pattern\":\"mapLibraryName\",\"Location\":\"METHOD_CALL\",\"annotated\":{\"pattern\":\"\"},\"Filepaths\":null}}" provider=java symbols=0
time="2026-09-23T15:01:05+02:00" level=info msg="language server log" line="!MESSAGE KONVEYOR_LOG: Searching in target project: [Lorg.eclipse.jdt.core.IJavaProject;@e75e339" provider=java
time="2026-09-23T15:01:05+02:00" level=info msg="language server log" line="!MESSAGE KONVEYOR_LOG: source-only analysis mode only scoping to Sources" provider=java
time="2026-09-23T15:01:05+02:00" level=info msg="language server log" line="!MESSAGE KONVEYOR_LOG: found errors: [] warnings: []" provider=java
time="2026-09-23T15:01:05+02:00" level=info msg="language server log" line="!MESSAGE KONVEYOR_LOG: pattern: MethodReferencePattern: maplibraryname(...), exact match, case insensitive, generic erasure match, fine grain: none" provider=java
time="2026-09-23T15:01:05+02:00" level=info msg="language server log" line="!MESSAGE KONVEYOR_LOG: Got: 0 Number of search matching the query: \"mapLibraryName\" and location type: 2" provider=java
time="2026-09-23T15:01:05+02:00" level=info msg="language server log" line="!MESSAGE KONVEYOR_LOG: Results size: 0" provider=java
time="2026-09-23T15:01:05+02:00" level=info msg="language server log" line="!MESSAGE KONVEYOR_LOG: Searching in target project: [Lorg.eclipse.jdt.core.IJavaProject;@33ed10c1" provider=java
time="2026-09-23T15:01:05+02:00" level=info msg="language server log" line="!MESSAGE KONVEYOR_LOG: source-only analysis mode only scoping to Sources" provider=java
time="2026-09-23T15:01:05+02:00" level=info msg="language server log" line="!MESSAGE KONVEYOR_LOG: found errors: [] warnings: []" provider=java
time="2026-09-23T15:01:05+02:00" level=info msg="language server log" line="!MESSAGE KONVEYOR_LOG: pattern: ConstructorCombinedPattern: com.sun.jna*(...), pattern match, case insensitive, generic erasure match, fine grain: none" provider=java
time="2026-09-23T15:01:05+02:00" level=info msg="language server log" line="!MESSAGE KONVEYOR_LOG: Got: 0 Number of search matching the query: \"com.sun.jna*\" and location type: 3" provider=java
time="2026-09-23T15:01:05+02:00" level=info msg="language server log" line="!MESSAGE KONVEYOR_LOG: Results size: 0" provider=java
time="2026-09-23T15:01:05+02:00" level=info msg="Symbols retrieved" cap=referenced conditionInfo="{\"Referenced\":{\"Pattern\":\"com.sun.jna*\",\"Location\":\"CONSTRUCTOR_CALL\",\"annotated\":{\"pattern\":\"\"},\"Filepaths\":null}}" provider=java symbols=0
time="2026-09-23T15:01:05+02:00" level=info msg="language server log" line="!MESSAGE KONVEYOR_LOG: Searching in target project: [Lorg.eclipse.jdt.core.IJavaProject;@73ed9f32" provider=java
time="2026-09-23T15:01:05+02:00" level=info msg="language server log" line="!MESSAGE KONVEYOR_LOG: source-only analysis mode only scoping to Sources" provider=java
time="2026-09-23T15:01:05+02:00" level=info msg="language server log" line="!MESSAGE KONVEYOR_LOG: found errors: [] warnings: []" provider=java
time="2026-09-23T15:01:05+02:00" level=info msg="language server log" line="!MESSAGE KONVEYOR_LOG: pattern: TypeDeclarationPattern: qualification<com.sun>, type<jna*> TypeDeclarationPattern: pkg<*>, enclosing<*>, type<jna*>, pattern match, case insensitive, generic full match, fine grain: none | TypeReferencePattern: qualification<com.sun>, type<jna*>, pattern match, case insensitive, generic full match, fine grain: none" provider=java
time="2026-09-23T15:01:05+02:00" level=info msg="language server log" line="!MESSAGE KONVEYOR_LOG: Got: 0 Number of search matching the query: \"com.sun.jna*\" and location type: 8" provider=java
time="2026-09-23T15:01:05+02:00" level=info msg="language server log" line="!MESSAGE KONVEYOR_LOG: Results size: 0" provider=java
time="2026-09-23T15:01:05+02:00" level=info msg="Symbols retrieved" cap=referenced conditionInfo="{\"Referenced\":{\"Pattern\":\"com.sun.jna*\",\"Location\":\"IMPORT\",\"annotated\":{\"pattern\":\"\"},\"Filepaths\":null}}" provider=java symbols=0
time="2026-09-23T15:01:05+02:00" level=info msg="language server log" line="!MESSAGE KONVEYOR_LOG: Searching in target project: [Lorg.eclipse.jdt.core.IJavaProject;@22119fed" provider=java
time="2026-09-23T15:01:05+02:00" level=info msg="language server log" line="!MESSAGE KONVEYOR_LOG: source-only analysis mode only scoping to Sources" provider=java
time="2026-09-23T15:01:05+02:00" level=info msg="language server log" line="!MESSAGE KONVEYOR_LOG: found errors: [] warnings: []" provider=java
time="2026-09-23T15:01:05+02:00" level=info msg="language server log" line="!MESSAGE KONVEYOR_LOG: pattern: SuperInterfaceReferencePattern: <jna*>, pattern match, case insensitive, generic full match, fine grain: none" provider=java
time="2026-09-23T15:01:05+02:00" level=info msg="Symbols retrieved" cap=referenced conditionInfo="{\"Referenced\":{\"Pattern\":\"com.sun.jna*\",\"Location\":\"INHERITANCE\",\"annotated\":{\"pattern\":\"\"},\"Filepaths\":null}}" provider=java symbols=0
time="2026-09-23T15:01:05+02:00" level=info msg="language server log" line="!MESSAGE KONVEYOR_LOG: Got: 0 Number of search matching the query: \"com.sun.jna*\" and location type: 1" provider=java
time="2026-09-23T15:01:05+02:00" level=info msg="language server log" line="!MESSAGE KONVEYOR_LOG: Results size: 0" provider=java
time="2026-09-23T15:01:05+02:00" level=info msg="language server log" line="!MESSAGE KONVEYOR_LOG: Searching in target project: [Lorg.eclipse.jdt.core.IJavaProject;@3dcdcbd" provider=java
time="2026-09-23T15:01:05+02:00" level=info msg="language server log" line="!MESSAGE KONVEYOR_LOG: source-only analysis mode only scoping to Sources" provider=java
time="2026-09-23T15:01:05+02:00" level=info msg="language server log" line="!MESSAGE KONVEYOR_LOG: found errors: [] warnings: []" provider=java
time="2026-09-23T15:01:05+02:00" level=info msg="language server log" line="!MESSAGE KONVEYOR_LOG: pattern: MethodReferencePattern: com.sun.jna*(...), pattern match, case insensitive, generic erasure match, fine grain: QUALIFIED_REFERENCE" provider=java
time="2026-09-23T15:01:05+02:00" level=info msg="Adding Carrier span info to context" worker=7
time="2026-09-23T15:01:05+02:00" level=info msg="rule returned" ruleID=openliberty-database-00008
time="2026-09-23T15:01:05+02:00" level=info msg="processed rule" logger=process-rule processed=121 ruleID=openliberty-database-00008 total=312
time="2026-09-23T15:01:05+02:00" level=info msg="Symbols retrieved" cap=referenced conditionInfo="{\"Referenced\":{\"Pattern\":\"java.lang.Process\",\"Location\":\"CONSTRUCTOR_CALL\",\"annotated\":{\"pattern\":\"\"},\"Filepaths\":null}}" provider=java symbols=0
time="2026-09-23T15:01:05+02:00" level=info msg="language server log" line="!MESSAGE KONVEYOR_LOG: Searching in target project: [Lorg.eclipse.jdt.core.IJavaProject;@42bda491" provider=java
time="2026-09-23T15:01:05+02:00" level=info msg="language server log" line="!MESSAGE KONVEYOR_LOG: source-only analysis mode only scoping to Sources" provider=java
time="2026-09-23T15:01:05+02:00" level=info msg="language server log" line="!MESSAGE KONVEYOR_LOG: found errors: [] warnings: []" provider=java
time="2026-09-23T15:01:05+02:00" level=info msg="language server log" line="!MESSAGE KONVEYOR_LOG: pattern: ConstructorCombinedPattern: java.lang.Process(...), exact match, case sensitive, generic erasure match, fine grain: none" provider=java
time="2026-09-23T15:01:05+02:00" level=info msg="language server log" line="!MESSAGE KONVEYOR_LOG: Got: 0 Number of search matching the query: \"java.lang.Process\" and location type: 3" provider=java
time="2026-09-23T15:01:05+02:00" level=info msg="language server log" line="!MESSAGE KONVEYOR_LOG: Results size: 0" provider=java
time="2026-09-23T15:01:05+02:00" level=info msg="language server log" line="!MESSAGE KONVEYOR_LOG: Searching in target project: [Lorg.eclipse.jdt.core.IJavaProject;@25d942f1" provider=java
time="2026-09-23T15:01:05+02:00" level=info msg="language server log" line="!MESSAGE KONVEYOR_LOG: source-only analysis mode only scoping to Sources" provider=java
time="2026-09-23T15:01:05+02:00" level=info msg="language server log" line="!MESSAGE KONVEYOR_LOG: found errors: [] warnings: []" provider=java
time="2026-09-23T15:01:05+02:00" level=info msg="language server log" line="!MESSAGE KONVEYOR_LOG: pattern: TypeDeclarationPattern: qualification<java.lang>, type<Process> TypeDeclarationPattern: pkg<*>, enclosing<*>, type<Process>, exact match, case sensitive, generic full match, fine grain: none | TypeReferencePattern: qualification<java.lang>, type<Process>, exact match, case sensitive, generic full match, fine grain: none" provider=java
time="2026-09-23T15:01:05+02:00" level=info msg="language server log" line="!MESSAGE KONVEYOR_LOG: Got: 0 Number of search matching the query: \"java.lang.Process\" and location type: 8" provider=java
time="2026-09-23T15:01:05+02:00" level=info msg="language server log" line="!MESSAGE KONVEYOR_LOG: Results size: 0" provider=java
time="2026-09-23T15:01:05+02:00" level=info msg="Symbols retrieved" cap=referenced conditionInfo="{\"Referenced\":{\"Pattern\":\"java.lang.Process\",\"Location\":\"IMPORT\",\"annotated\":{\"pattern\":\"\"},\"Filepaths\":null}}" provider=java symbols=0
time="2026-09-23T15:01:05+02:00" level=info msg="language server log" line="!MESSAGE KONVEYOR_LOG: Got: 0 Number of search matching the query: \"com.sun.jna*\" and location type: 2" provider=java
time="2026-09-23T15:01:05+02:00" level=info msg="language server log" line="!MESSAGE KONVEYOR_LOG: Results size: 0" provider=java
time="2026-09-23T15:01:05+02:00" level=info msg="Symbols retrieved" cap=referenced conditionInfo="{\"Referenced\":{\"Pattern\":\"com.sun.jna*\",\"Location\":\"METHOD_CALL\",\"annotated\":{\"pattern\":\"\"},\"Filepaths\":null}}" provider=java symbols=0
time="2026-09-23T15:01:05+02:00" level=info msg="language server log" line="!MESSAGE KONVEYOR_LOG: Searching in target project: [Lorg.eclipse.jdt.core.IJavaProject;@58ecbf1f" provider=java
time="2026-09-23T15:01:05+02:00" level=info msg="language server log" line="!MESSAGE KONVEYOR_LOG: source-only analysis mode only scoping to Sources" provider=java
time="2026-09-23T15:01:05+02:00" level=info msg="language server log" line="!MESSAGE KONVEYOR_LOG: found errors: [] warnings: []" provider=java
time="2026-09-23T15:01:05+02:00" level=info msg="language server log" line="!MESSAGE KONVEYOR_LOG: pattern: SuperInterfaceReferencePattern: <Process>, exact match, case sensitive, generic full match, fine grain: none" provider=java
time="2026-09-23T15:01:05+02:00" level=info msg="language server log" line="!MESSAGE KONVEYOR_LOG: Got: 0 Number of search matching the query: \"java.lang.Process\" and location type: 1" provider=java
time="2026-09-23T15:01:05+02:00" level=info msg="language server log" line="!MESSAGE KONVEYOR_LOG: Results size: 0" provider=java
time="2026-09-23T15:01:05+02:00" level=info msg="Symbols retrieved" cap=referenced conditionInfo="{\"Referenced\":{\"Pattern\":\"java.lang.Process\",\"Location\":\"INHERITANCE\",\"annotated\":{\"pattern\":\"\"},\"Filepaths\":null}}" provider=java symbols=0
time="2026-09-23T15:01:05+02:00" level=info msg="Symbols retrieved" cap=referenced conditionInfo="{\"Referenced\":{\"Pattern\":\"com.sun.jna*\",\"Location\":\"VARIABLE_DECLARATION\",\"annotated\":{\"pattern\":\"\"},\"Filepaths\":null}}" provider=java symbols=0
time="2026-09-23T15:01:05+02:00" level=info msg="Adding Carrier span info to context" worker=0
time="2026-09-23T15:01:05+02:00" level=info msg="rule returned" ruleID=jni-native-code-00000
time="2026-09-23T15:01:05+02:00" level=info msg="processed rule" logger=process-rule processed=122 ruleID=jni-native-code-00000 total=312
time="2026-09-23T15:01:05+02:00" level=info msg="language server log" line="!MESSAGE KONVEYOR_LOG: Searching in target project: [Lorg.eclipse.jdt.core.IJavaProject;@4767bf3f" provider=java
time="2026-09-23T15:01:05+02:00" level=info msg="language server log" line="!MESSAGE KONVEYOR_LOG: source-only analysis mode only scoping to Sources" provider=java
time="2026-09-23T15:01:05+02:00" level=info msg="language server log" line="!MESSAGE KONVEYOR_LOG: found errors: [] warnings: []" provider=java
time="2026-09-23T15:01:05+02:00" level=info msg="language server log" line="!MESSAGE KONVEYOR_LOG: pattern: TypeReferencePattern: qualification<com.sun>, type<jna*>, pattern match, case insensitive, generic erasure match, fine grain: none" provider=java
time="2026-09-23T15:01:05+02:00" level=info msg="language server log" line="!MESSAGE KONVEYOR_LOG: Got: 0 Number of search matching the query: \"com.sun.jna*\" and location type: 9" provider=java
time="2026-09-23T15:01:05+02:00" level=info msg="language server log" line="!MESSAGE KONVEYOR_LOG: Results size: 0" provider=java
time="2026-09-23T15:01:05+02:00" level=info msg="language server log" line="!MESSAGE KONVEYOR_LOG: Searching in target project: [Lorg.eclipse.jdt.core.IJavaProject;@6927aec9" provider=java
time="2026-09-23T15:01:05+02:00" level=info msg="language server log" line="!MESSAGE KONVEYOR_LOG: source-only analysis mode only scoping to Sources" provider=java
time="2026-09-23T15:01:05+02:00" level=info msg="language server log" line="!MESSAGE KONVEYOR_LOG: found errors: [] warnings: []" provider=java
time="2026-09-23T15:01:05+02:00" level=info msg="language server log" line="!MESSAGE KONVEYOR_LOG: pattern: TypeReferencePattern: qualification<java.lang>, type<Process>, exact match, case sensitive, generic erasure match, fine grain: none" provider=java
time="2026-09-23T15:01:05+02:00" level=info msg="language server log" line="!MESSAGE KONVEYOR_LOG: Searching in target project: [Lorg.eclipse.jdt.core.IJavaProject;@2b473323" provider=java
time="2026-09-23T15:01:05+02:00" level=info msg="language server log" line="!MESSAGE KONVEYOR_LOG: Got: 0 Number of search matching the query: \"java.lang.Process\" and location type: 9" provider=java
time="2026-09-23T15:01:05+02:00" level=info msg="language server log" line="!MESSAGE KONVEYOR_LOG: source-only analysis mode only scoping to Sources" provider=java
time="2026-09-23T15:01:05+02:00" level=info msg="language server log" line="!MESSAGE KONVEYOR_LOG: found errors: [] warnings: []" provider=java
time="2026-09-23T15:01:05+02:00" level=info msg="language server log" line="!MESSAGE KONVEYOR_LOG: Results size: 0" provider=java
time="2026-09-23T15:01:05+02:00" level=info msg="language server log" line="!MESSAGE KONVEYOR_LOG: pattern: ConstructorCombinedPattern: java.io.File(...), exact match, case sensitive, generic erasure match, fine grain: none | ConstructorCombinedPattern: java.io.FileWriter(...), exact match, case sensitive, generic erasure match, fine grain: none | ConstructorCombinedPattern: java.io.FileReader(...), exact match, case sensitive, generic erasure match, fine grain: none | ConstructorCombinedPattern: java.io.BufferedReader(...), exact match, case sensitive, generic erasure match, fine grain: none | ConstructorCombinedPattern: java.io.BufferedWriter(...), exact match, case sensitive, generic erasure match, fine grain: none | ConstructorCombinedPattern: java.io.PrintReader(...), exact match, case sensitive, generic erasure match, fine grain: none | ConstructorCombinedPattern: java.io.PrintWriter(...), exact match, case sensitive, generic erasure match, fine grain: none | ConstructorCombinedPattern: java.io.FileInputStream(...), exact match, case sensitive, generic erasure match, fine grain: none | ConstructorCombinedPattern: java.io.FileOutputStream(...), exact match, case sensitive, generic erasure match, fine grain: none | ConstructorCombinedPattern: java.io.PrintStream(...), exact match, case sensitive, generic erasure match, fine grain: none | ConstructorCombinedPattern: java.io.RandomAccessFile(...), exact match, case sensitive, generic erasure match, fine grain: none" provider=java
time="2026-09-23T15:01:05+02:00" level=info msg="language server log" line="!MESSAGE KONVEYOR_LOG: Got: 0 Number of search matching the query: \"java.io.(File|FileWriter|FileReader|BufferedReader|BufferedWriter|PrintReader|PrintWriter|FileInputStream|FileOutputStream|PrintStream|RandomAccessFile)\" and location type: 3" provider=java
time="2026-09-23T15:01:05+02:00" level=info msg="language server log" line="!MESSAGE KONVEYOR_LOG: Results size: 0" provider=java
time="2026-09-23T15:01:05+02:00" level=info msg="Symbols retrieved" cap=referenced conditionInfo="{\"Referenced\":{\"Pattern\":\"java.io.(File|FileWriter|FileReader|BufferedReader|BufferedWriter|PrintReader|PrintWriter|FileInputStream|FileOutputStream|PrintStream|RandomAccessFile)\",\"Location\":\"CONSTRUCTOR_CALL\",\"annotated\":{\"pattern\":\"\"},\"Filepaths\":null}}" provider=java symbols=0
time="2026-09-23T15:01:05+02:00" level=info msg="Symbols retrieved" cap=referenced conditionInfo="{\"Referenced\":{\"Pattern\":\"java.lang.Process\",\"Location\":\"VARIABLE_DECLARATION\",\"annotated\":{\"pattern\":\"\"},\"Filepaths\":null}}" provider=java symbols=0
time="2026-09-23T15:01:05+02:00" level=info msg="language server log" line="!MESSAGE KONVEYOR_LOG: Searching in target project: [Lorg.eclipse.jdt.core.IJavaProject;@7105e06d" provider=java
time="2026-09-23T15:01:05+02:00" level=info msg="language server log" line="!MESSAGE KONVEYOR_LOG: source-only analysis mode only scoping to Sources" provider=java
time="2026-09-23T15:01:05+02:00" level=info msg="language server log" line="!MESSAGE KONVEYOR_LOG: found errors: [] warnings: []" provider=java
time="2026-09-23T15:01:05+02:00" level=info msg="language server log" line="!MESSAGE KONVEYOR_LOG: Searching in target project: [Lorg.eclipse.jdt.core.IJavaProject;@c7bbe64" provider=java
time="2026-09-23T15:01:05+02:00" level=info msg="language server log" line="!MESSAGE KONVEYOR_LOG: source-only analysis mode only scoping to Sources" provider=java
time="2026-09-23T15:01:05+02:00" level=info msg="language server log" line="!MESSAGE KONVEYOR_LOG: found errors: [] warnings: []" provider=java
time="2026-09-23T15:01:05+02:00" level=info msg="language server log" line="!MESSAGE KONVEYOR_LOG: pattern: ConstructorCombinedPattern: java.lang.ProcessBuilder(...), exact match, case sensitive, generic erasure match, fine grain: none" provider=java
time="2026-09-23T15:01:05+02:00" level=info msg="language server log" line="!MESSAGE KONVEYOR_LOG: Got: 0 Number of search matching the query: \"java.lang.ProcessBuilder\" and location type: 3" provider=java
time="2026-09-23T15:01:05+02:00" level=info msg="language server log" line="!MESSAGE KONVEYOR_LOG: Results size: 0" provider=java
time="2026-09-23T15:01:05+02:00" level=info msg="language server log" line="!MESSAGE KONVEYOR_LOG: pattern: TypeDeclarationPattern: qualification<java.io>, type<file*> TypeDeclarationPattern: pkg<*>, enclosing<*>, type<file*>, pattern match, case insensitive, generic full match, fine grain: none | TypeReferencePattern: qualification<java.io>, type<file*>, pattern match, case insensitive, generic full match, fine grain: none | TypeDeclarationPattern: qualification<java.io>, type<filereader*> TypeDeclarationPattern: pkg<*>, enclosing<*>, type<filereader*>, pattern match, case insensitive, generic full match, fine grain: none | TypeReferencePattern: qualification<java.io>, type<filereader*>, pattern match, case insensitive, generic full match, fine grain: none | TypeDeclarationPattern: qualification<java.io>, type<filewriter*> TypeDeclarationPattern: pkg<*>, enclosing<*>, type<filewriter*>, pattern match, case insensitive, generic full match, fine grain: none | TypeReferencePattern: qualification<java.io>, type<filewriter*>, pattern match, case insensitive, generic full match, fine grain: none | TypeDeclarationPattern: qualification<java.io>, type<bufferedreader*> TypeDeclarationPattern: pkg<*>, enclosing<*>, type<bufferedreader*>, pattern match, case insensitive, generic full match, fine grain: none | TypeReferencePattern: qualification<java.io>, type<bufferedreader*>, pattern match, case insensitive, generic full match, fine grain: none | TypeDeclarationPattern: qualification<java.io>, type<bufferedwriter*> TypeDeclarationPattern: pkg<*>, enclosing<*>, type<bufferedwriter*>, pattern match, case insensitive, generic full match, fine grain: none | TypeReferencePattern: qualification<java.io>, type<bufferedwriter*>, pattern match, case insensitive, generic full match, fine grain: none | TypeDeclarationPattern: qualification<java.io>, type<printreader*> TypeDeclarationPattern: pkg<*>, enclosing<*>, type<printreader*>, pattern match, case insensitive, generic full match, fine grain: none | TypeReferencePattern: qualification<java.io>, type<printreader*>, pattern match, case insensitive, generic full match, fine grain: none | TypeDeclarationPattern: qualification<java.io>, type<printwriter*> TypeDeclarationPattern: pkg<*>, enclosing<*>, type<printwriter*>, pattern match, case insensitive, generic full match, fine grain: none | TypeReferencePattern: qualification<java.io>, type<printwriter*>, pattern match, case insensitive, generic full match, fine grain: none | TypeDeclarationPattern: qualification<java.io>, type<fileinputstream*> TypeDeclarationPattern: pkg<*>, enclosing<*>, type<fileinputstream*>, pattern match, case insensitive, generic full match, fine grain: none | TypeReferencePattern: qualification<java.io>, type<fileinputstream*>, pattern match, case insensitive, generic full match, fine grain: none | TypeDeclarationPattern: qualification<java.io>, type<fileoutputstream*> TypeDeclarationPattern: pkg<*>, enclosing<*>, type<fileoutputstream*>, pattern match, case insensitive, generic full match, fine grain: none | TypeReferencePattern: qualification<java.io>, type<fileoutputstream*>, pattern match, case insensitive, generic full match, fine grain: none" provider=java
time="2026-09-23T15:01:05+02:00" level=info msg="Symbols retrieved" cap=referenced conditionInfo="{\"Referenced\":{\"Pattern\":\"java.lang.ProcessBuilder\",\"Location\":\"CONSTRUCTOR_CALL\",\"annotated\":{\"pattern\":\"\"},\"Filepaths\":null}}" provider=java symbols=0
time="2026-09-23T15:01:05+02:00" level=info msg="Symbols retrieved" cap=referenced conditionInfo="{\"Referenced\":{\"Pattern\":\"java.lang.ProcessBuilder\",\"Location\":\"IMPORT\",\"annotated\":{\"pattern\":\"\"},\"Filepaths\":null}}" provider=java symbols=0
time="2026-09-23T15:01:05+02:00" level=info msg="language server log" line="!MESSAGE KONVEYOR_LOG: Searching in target project: [Lorg.eclipse.jdt.core.IJavaProject;@31d2fcb3" provider=java
time="2026-09-23T15:01:05+02:00" level=info msg="language server log" line="!MESSAGE KONVEYOR_LOG: source-only analysis mode only scoping to Sources" provider=java
time="2026-09-23T15:01:05+02:00" level=info msg="language server log" line="!MESSAGE KONVEYOR_LOG: found errors: [] warnings: []" provider=java
time="2026-09-23T15:01:05+02:00" level=info msg="language server log" line="!MESSAGE KONVEYOR_LOG: pattern: TypeDeclarationPattern: qualification<java.lang>, type<ProcessBuilder> TypeDeclarationPattern: pkg<*>, enclosing<*>, type<ProcessBuilder>, exact match, case sensitive, generic full match, fine grain: none | TypeReferencePattern: qualification<java.lang>, type<ProcessBuilder>, exact match, case sensitive, generic full match, fine grain: none" provider=java
time="2026-09-23T15:01:05+02:00" level=info msg="language server log" line="!MESSAGE KONVEYOR_LOG: Got: 0 Number of search matching the query: \"java.lang.ProcessBuilder\" and location type: 8" provider=java
time="2026-09-23T15:01:05+02:00" level=info msg="language server log" line="!MESSAGE KONVEYOR_LOG: Results size: 0" provider=java
time="2026-09-23T15:01:05+02:00" level=info msg="language server log" line="!MESSAGE KONVEYOR_LOG: Searching in target project: [Lorg.eclipse.jdt.core.IJavaProject;@4b3623f1" provider=java
time="2026-09-23T15:01:05+02:00" level=info msg="language server log" line="!MESSAGE KONVEYOR_LOG: source-only analysis mode only scoping to Sources" provider=java
time="2026-09-23T15:01:05+02:00" level=info msg="language server log" line="!MESSAGE KONVEYOR_LOG: found errors: [] warnings: []" provider=java
time="2026-09-23T15:01:05+02:00" level=info msg="language server log" line="!MESSAGE KONVEYOR_LOG: pattern: SuperInterfaceReferencePattern: <ProcessBuilder>, exact match, case sensitive, generic full match, fine grain: none" provider=java
time="2026-09-23T15:01:05+02:00" level=info msg="language server log" line="!MESSAGE KONVEYOR_LOG: Got: 0 Number of search matching the query: \"java.lang.ProcessBuilder\" and location type: 1" provider=java
time="2026-09-23T15:01:05+02:00" level=info msg="language server log" line="!MESSAGE KONVEYOR_LOG: Results size: 0" provider=java
time="2026-09-23T15:01:05+02:00" level=info msg="Symbols retrieved" cap=referenced conditionInfo="{\"Referenced\":{\"Pattern\":\"java.lang.ProcessBuilder\",\"Location\":\"INHERITANCE\",\"annotated\":{\"pattern\":\"\"},\"Filepaths\":null}}" provider=java symbols=0
time="2026-09-23T15:01:05+02:00" level=info msg="language server log" line="!MESSAGE KONVEYOR_LOG: Searching in target project: [Lorg.eclipse.jdt.core.IJavaProject;@1fb39db8" provider=java
time="2026-09-23T15:01:05+02:00" level=info msg="language server log" line="!MESSAGE KONVEYOR_LOG: source-only analysis mode only scoping to Sources" provider=java
time="2026-09-23T15:01:05+02:00" level=info msg="language server log" line="!MESSAGE KONVEYOR_LOG: found errors: [] warnings: []" provider=java
time="2026-09-23T15:01:05+02:00" level=info msg="language server log" line="!MESSAGE KONVEYOR_LOG: pattern: TypeReferencePattern: qualification<java.lang>, type<ProcessBuilder>, exact match, case sensitive, generic erasure match, fine grain: none" provider=java
time="2026-09-23T15:01:05+02:00" level=info msg="language server log" line="!MESSAGE KONVEYOR_LOG: Got: 0 Number of search matching the query: \"java.lang.ProcessBuilder\" and location type: 9" provider=java
time="2026-09-23T15:01:05+02:00" level=info msg="language server log" line="!MESSAGE KONVEYOR_LOG: Results size: 0" provider=java
time="2026-09-23T15:01:05+02:00" level=info msg="Symbols retrieved" cap=referenced conditionInfo="{\"Referenced\":{\"Pattern\":\"java.lang.ProcessBuilder\",\"Location\":\"VARIABLE_DECLARATION\",\"annotated\":{\"pattern\":\"\"},\"Filepaths\":null}}" provider=java symbols=0
time="2026-09-23T15:01:05+02:00" level=info msg="language server log" line="!MESSAGE KONVEYOR_LOG: Searching in target project: [Lorg.eclipse.jdt.core.IJavaProject;@4e6a98b4" provider=java
time="2026-09-23T15:01:05+02:00" level=info msg="language server log" line="!MESSAGE KONVEYOR_LOG: source-only analysis mode only scoping to Sources" provider=java
time="2026-09-23T15:01:05+02:00" level=info msg="language server log" line="!MESSAGE KONVEYOR_LOG: found errors: [] warnings: []" provider=java
time="2026-09-23T15:01:05+02:00" level=info msg="language server log" line="!MESSAGE KONVEYOR_LOG: pattern: ConstructorCombinedPattern: java.lang.ProcessHandle(...), exact match, case sensitive, generic erasure match, fine grain: none" provider=java
time="2026-09-23T15:01:05+02:00" level=info msg="language server log" line="!MESSAGE KONVEYOR_LOG: Got: 0 Number of search matching the query: \"java.lang.ProcessHandle\" and location type: 3" provider=java
time="2026-09-23T15:01:05+02:00" level=info msg="language server log" line="!MESSAGE KONVEYOR_LOG: Results size: 0" provider=java
time="2026-09-23T15:01:05+02:00" level=info msg="Symbols retrieved" cap=referenced conditionInfo="{\"Referenced\":{\"Pattern\":\"java.lang.ProcessHandle\",\"Location\":\"CONSTRUCTOR_CALL\",\"annotated\":{\"pattern\":\"\"},\"Filepaths\":null}}" provider=java symbols=0
time="2026-09-23T15:01:05+02:00" level=info msg="language server log" line="!MESSAGE KONVEYOR_LOG: Searching in target project: [Lorg.eclipse.jdt.core.IJavaProject;@68fbd2ae" provider=java
time="2026-09-23T15:01:05+02:00" level=info msg="language server log" line="!MESSAGE KONVEYOR_LOG: source-only analysis mode only scoping to Sources" provider=java
time="2026-09-23T15:01:05+02:00" level=info msg="language server log" line="!MESSAGE KONVEYOR_LOG: found errors: [] warnings: []" provider=java
time="2026-09-23T15:01:05+02:00" level=info msg="language server log" line="!MESSAGE KONVEYOR_LOG: pattern: TypeDeclarationPattern: qualification<java.lang>, type<ProcessHandle> TypeDeclarationPattern: pkg<*>, enclosing<*>, type<ProcessHandle>, exact match, case sensitive, generic full match, fine grain: none | TypeReferencePattern: qualification<java.lang>, type<ProcessHandle>, exact match, case sensitive, generic full match, fine grain: none" provider=java
time="2026-09-23T15:01:05+02:00" level=info msg="language server log" line="!MESSAGE KONVEYOR_LOG: Got: 0 Number of search matching the query: \"java.lang.ProcessHandle\" and location type: 8" provider=java
time="2026-09-23T15:01:05+02:00" level=info msg="language server log" line="!MESSAGE KONVEYOR_LOG: Results size: 0" provider=java
time="2026-09-23T15:01:05+02:00" level=info msg="Symbols retrieved" cap=referenced conditionInfo="{\"Referenced\":{\"Pattern\":\"java.lang.ProcessHandle\",\"Location\":\"IMPORT\",\"annotated\":{\"pattern\":\"\"},\"Filepaths\":null}}" provider=java symbols=0
time="2026-09-23T15:01:05+02:00" level=info msg="Symbols retrieved" cap=referenced conditionInfo="{\"Referenced\":{\"Pattern\":\"java.lang.ProcessHandle\",\"Location\":\"INHERITANCE\",\"annotated\":{\"pattern\":\"\"},\"Filepaths\":null}}" provider=java symbols=0
time="2026-09-23T15:01:05+02:00" level=info msg="language server log" line="!MESSAGE KONVEYOR_LOG: Searching in target project: [Lorg.eclipse.jdt.core.IJavaProject;@12285deb" provider=java
time="2026-09-23T15:01:05+02:00" level=info msg="language server log" line="!MESSAGE KONVEYOR_LOG: source-only analysis mode only scoping to Sources" provider=java
time="2026-09-23T15:01:05+02:00" level=info msg="language server log" line="!MESSAGE KONVEYOR_LOG: found errors: [] warnings: []" provider=java
time="2026-09-23T15:01:05+02:00" level=info msg="language server log" line="!MESSAGE KONVEYOR_LOG: pattern: SuperInterfaceReferencePattern: <ProcessHandle>, exact match, case sensitive, generic full match, fine grain: none" provider=java
time="2026-09-23T15:01:05+02:00" level=info msg="language server log" line="!MESSAGE KONVEYOR_LOG: Got: 0 Number of search matching the query: \"java.lang.ProcessHandle\" and location type: 1" provider=java
time="2026-09-23T15:01:05+02:00" level=info msg="language server log" line="!MESSAGE KONVEYOR_LOG: Results size: 0" provider=java
time="2026-09-23T15:01:05+02:00" level=info msg="Symbols retrieved" cap=referenced conditionInfo="{\"Referenced\":{\"Pattern\":\"java.lang.ProcessHandle\",\"Location\":\"VARIABLE_DECLARATION\",\"annotated\":{\"pattern\":\"\"},\"Filepaths\":null}}" provider=java symbols=0
time="2026-09-23T15:01:05+02:00" level=info msg="Adding Carrier span info to context" worker=7
time="2026-09-23T15:01:05+02:00" level=info msg="rule returned" ruleID=jni-native-code-00001
time="2026-09-23T15:01:05+02:00" level=info msg="processed rule" logger=process-rule processed=123 ruleID=jni-native-code-00001 total=312
time="2026-09-23T15:01:05+02:00" level=info msg="language server log" line="!MESSAGE KONVEYOR_LOG: Searching in target project: [Lorg.eclipse.jdt.core.IJavaProject;@11754c4b" provider=java
time="2026-09-23T15:01:05+02:00" level=info msg="language server log" line="!MESSAGE KONVEYOR_LOG: source-only analysis mode only scoping to Sources" provider=java
time="2026-09-23T15:01:05+02:00" level=info msg="language server log" line="!MESSAGE KONVEYOR_LOG: found errors: [] warnings: []" provider=java
time="2026-09-23T15:01:05+02:00" level=info msg="language server log" line="!MESSAGE KONVEYOR_LOG: pattern: TypeReferencePattern: qualification<java.lang>, type<ProcessHandle>, exact match, case sensitive, generic erasure match, fine grain: none" provider=java
time="2026-09-23T15:01:05+02:00" level=info msg="language server log" line="!MESSAGE KONVEYOR_LOG: Got: 0 Number of search matching the query: \"java.lang.ProcessHandle\" and location type: 9" provider=java
time="2026-09-23T15:01:05+02:00" level=info msg="language server log" line="!MESSAGE KONVEYOR_LOG: Results size: 0" provider=java
time="2026-09-23T15:01:05+02:00" level=info msg="language server log" line="!MESSAGE KONVEYOR_LOG: Searching in target project: [Lorg.eclipse.jdt.core.IJavaProject;@b40c9e9" provider=java
time="2026-09-23T15:01:05+02:00" level=info msg="language server log" line="!MESSAGE KONVEYOR_LOG: source-only analysis mode only scoping to Sources" provider=java
time="2026-09-23T15:01:05+02:00" level=info msg="language server log" line="!MESSAGE KONVEYOR_LOG: found errors: [] warnings: []" provider=java
time="2026-09-23T15:01:05+02:00" level=info msg="language server log" line="!MESSAGE KONVEYOR_LOG: Got: 0 Number of search matching the query: \"java.io.(File|FileReader|FileWriter|BufferedReader|BufferedWriter|PrintReader|PrintWriter|FileInputStream|FileOutputStream)*\" and location type: 8" provider=java
time="2026-09-23T15:01:05+02:00" level=info msg="language server log" line="!MESSAGE KONVEYOR_LOG: pattern: ConstructorCombinedPattern: java.net.url*(...), pattern match, case insensitive, generic erasure match, fine grain: none | ConstructorCombinedPattern: java.net.uri*(...), pattern match, case insensitive, generic erasure match, fine grain: none" provider=java
time="2026-09-23T15:01:05+02:00" level=info msg="language server log" line="!MESSAGE KONVEYOR_LOG: Got: 0 Number of search matching the query: \"java.net.(URL|URI)*\" and location type: 3" provider=java
time="2026-09-23T15:01:05+02:00" level=info msg="language server log" line="!MESSAGE KONVEYOR_LOG: Results size: 0" provider=java
time="2026-09-23T15:01:05+02:00" level=info msg="language server log" line="!MESSAGE KONVEYOR_LOG: Results size: 0" provider=java
time="2026-09-23T15:01:05+02:00" level=info msg="Symbols retrieved" cap=referenced conditionInfo="{\"Referenced\":{\"Pattern\":\"java.net.(URL|URI)*\",\"Location\":\"CONSTRUCTOR_CALL\",\"annotated\":{\"pattern\":\"\"},\"Filepaths\":null}}" provider=java symbols=0
time="2026-09-23T15:01:05+02:00" level=info msg="Adding Carrier span info to context" worker=7
time="2026-09-23T15:01:05+02:00" level=info msg="rule returned" ruleID=local-storage-00002
time="2026-09-23T15:01:05+02:00" level=info msg="processed rule" logger=process-rule processed=124 ruleID=local-storage-00002 total=312
time="2026-09-23T15:01:05+02:00" level=info msg="Symbols retrieved" cap=referenced conditionInfo="{\"Referenced\":{\"Pattern\":\"java.io.(File|FileReader|FileWriter|BufferedReader|BufferedWriter|PrintReader|PrintWriter|FileInputStream|FileOutputStream)*\",\"Location\":\"IMPORT\",\"annotated\":{\"pattern\":\"\"},\"Filepaths\":null}}" provider=java symbols=0
time="2026-09-23T15:01:05+02:00" level=info msg="Adding Carrier span info to context" worker=7
time="2026-09-23T15:01:05+02:00" level=info msg="rule returned" ruleID=local-storage-00003
time="2026-09-23T15:01:05+02:00" level=info msg="processed rule" logger=process-rule processed=125 ruleID=local-storage-00003 total=312
time="2026-09-23T15:01:05+02:00" level=info msg="Symbols retrieved" cap=referenced conditionInfo="{\"Referenced\":{\"Pattern\":\"java.util.zip.ZipFile\",\"Location\":\"CONSTRUCTOR_CALL\",\"annotated\":{\"pattern\":\"\"},\"Filepaths\":null}}" provider=java symbols=0
time="2026-09-23T15:01:05+02:00" level=info msg="language server log" line="!MESSAGE KONVEYOR_LOG: Searching in target project: [Lorg.eclipse.jdt.core.IJavaProject;@74c9aa57" provider=java
time="2026-09-23T15:01:05+02:00" level=info msg="language server log" line="!MESSAGE KONVEYOR_LOG: source-only analysis mode only scoping to Sources" provider=java
time="2026-09-23T15:01:05+02:00" level=info msg="language server log" line="!MESSAGE KONVEYOR_LOG: found errors: [] warnings: []" provider=java
time="2026-09-23T15:01:05+02:00" level=info msg="language server log" line="!MESSAGE KONVEYOR_LOG: pattern: ConstructorCombinedPattern: java.util.zip.ZipFile(...), exact match, case sensitive, generic erasure match, fine grain: none" provider=java
time="2026-09-23T15:01:05+02:00" level=info msg="language server log" line="!MESSAGE KONVEYOR_LOG: Got: 0 Number of search matching the query: \"java.util.zip.ZipFile\" and location type: 3" provider=java
time="2026-09-23T15:01:05+02:00" level=info msg="language server log" line="!MESSAGE KONVEYOR_LOG: Results size: 0" provider=java
time="2026-09-23T15:01:05+02:00" level=info msg="language server log" line="!MESSAGE KONVEYOR_LOG: Searching in target project: [Lorg.eclipse.jdt.core.IJavaProject;@4554b972" provider=java
time="2026-09-23T15:01:05+02:00" level=info msg="language server log" line="!MESSAGE KONVEYOR_LOG: source-only analysis mode only scoping to Sources" provider=java
time="2026-09-23T15:01:05+02:00" level=info msg="language server log" line="!MESSAGE KONVEYOR_LOG: found errors: [] warnings: []" provider=java
time="2026-09-23T15:01:05+02:00" level=info msg="language server log" line="!MESSAGE KONVEYOR_LOG: pattern: MethodReferencePattern: java.io.file.createtempfile(...), exact match, case insensitive, generic erasure match, fine grain: QUALIFIED_REFERENCE" provider=java
time="2026-09-23T15:01:05+02:00" level=info msg="Symbols retrieved" cap=referenced conditionInfo="{\"Referenced\":{\"Pattern\":\"java.io.File.createTempFile\",\"Location\":\"METHOD_CALL\",\"annotated\":{\"pattern\":\"\"},\"Filepaths\":null}}" provider=java symbols=0
time="2026-09-23T15:01:05+02:00" level=info msg="Adding Carrier span info to context" worker=0
time="2026-09-23T15:01:05+02:00" level=info msg="rule returned" ruleID=local-storage-00001
time="2026-09-23T15:01:05+02:00" level=info msg="processed rule" logger=process-rule processed=126 ruleID=local-storage-00001 total=312
time="2026-09-23T15:01:05+02:00" level=info msg="language server log" line="!MESSAGE KONVEYOR_LOG: Got: 0 Number of search matching the query: \"java.io.File.createTempFile\" and location type: 2" provider=java
time="2026-09-23T15:01:05+02:00" level=info msg="language server log" line="!MESSAGE KONVEYOR_LOG: Results size: 0" provider=java
time="2026-09-23T15:01:05+02:00" level=info msg="language server log" line="!MESSAGE KONVEYOR_LOG: Searching in target project: [Lorg.eclipse.jdt.core.IJavaProject;@3272a013" provider=java
time="2026-09-23T15:01:05+02:00" level=info msg="language server log" line="!MESSAGE KONVEYOR_LOG: source-only analysis mode only scoping to Sources" provider=java
time="2026-09-23T15:01:05+02:00" level=info msg="language server log" line="!MESSAGE KONVEYOR_LOG: found errors: [] warnings: []" provider=java
time="2026-09-23T15:01:05+02:00" level=info msg="Symbols retrieved" cap=referenced conditionInfo="{\"Referenced\":{\"Pattern\":\"java.nio.channels.AsynchronousFileChannel*\",\"Location\":\"IMPORT\",\"annotated\":{\"pattern\":\"\"},\"Filepaths\":null}}" provider=java symbols=0
time="2026-09-23T15:01:05+02:00" level=info msg="language server log" line="!MESSAGE KONVEYOR_LOG: pattern: TypeDeclarationPattern: qualification<java.nio.channels>, type<asynchronousfilechannel*> TypeDeclarationPattern: pkg<*>, enclosing<*>, type<asynchronousfilechannel*>, pattern match, case insensitive, generic full match, fine grain: none | TypeReferencePattern: qualification<java.nio.channels>, type<asynchronousfilechannel*>, pattern match, case insensitive, generic full match, fine grain: none" provider=java
time="2026-09-23T15:01:05+02:00" level=info msg="language server log" line="!MESSAGE KONVEYOR_LOG: Got: 0 Number of search matching the query: \"java.nio.channels.AsynchronousFileChannel*\" and location type: 8" provider=java
time="2026-09-23T15:01:05+02:00" level=info msg="language server log" line="!MESSAGE KONVEYOR_LOG: Results size: 0" provider=java
time="2026-09-23T15:01:05+02:00" level=info msg="language server log" line="!MESSAGE KONVEYOR_LOG: Searching in target project: [Lorg.eclipse.jdt.core.IJavaProject;@520d0006" provider=java
time="2026-09-23T15:01:05+02:00" level=info msg="language server log" line="!MESSAGE KONVEYOR_LOG: source-only analysis mode only scoping to Sources" provider=java
time="2026-09-23T15:01:05+02:00" level=info msg="language server log" line="!MESSAGE KONVEYOR_LOG: found errors: [] warnings: []" provider=java
time="2026-09-23T15:01:05+02:00" level=info msg="language server log" line="!MESSAGE KONVEYOR_LOG: pattern: TypeDeclarationPattern: qualification<java.nio.channels>, type<filechannel*> TypeDeclarationPattern: pkg<*>, enclosing<*>, type<filechannel*>, pattern match, case insensitive, generic full match, fine grain: none | TypeReferencePattern: qualification<java.nio.channels>, type<filechannel*>, pattern match, case insensitive, generic full match, fine grain: none" provider=java
time="2026-09-23T15:01:05+02:00" level=info msg="language server log" line="!MESSAGE KONVEYOR_LOG: Got: 0 Number of search matching the query: \"java.nio.channels.FileChannel*\" and location type: 8" provider=java
time="2026-09-23T15:01:05+02:00" level=info msg="language server log" line="!MESSAGE KONVEYOR_LOG: Results size: 0" provider=java
time="2026-09-23T15:01:05+02:00" level=info msg="Symbols retrieved" cap=referenced conditionInfo="{\"Referenced\":{\"Pattern\":\"java.nio.channels.FileChannel*\",\"Location\":\"IMPORT\",\"annotated\":{\"pattern\":\"\"},\"Filepaths\":null}}" provider=java symbols=0
time="2026-09-23T15:01:05+02:00" level=info msg="Symbols retrieved" cap=referenced conditionInfo="{\"Referenced\":{\"Pattern\":\"java.nio.channels.FileLock*\",\"Location\":\"IMPORT\",\"annotated\":{\"pattern\":\"\"},\"Filepaths\":null}}" provider=java symbols=0
time="2026-09-23T15:01:05+02:00" level=info msg="language server log" line="!MESSAGE KONVEYOR_LOG: Searching in target project: [Lorg.eclipse.jdt.core.IJavaProject;@27d5e341" provider=java
time="2026-09-23T15:01:05+02:00" level=info msg="language server log" line="!MESSAGE KONVEYOR_LOG: source-only analysis mode only scoping to Sources" provider=java
time="2026-09-23T15:01:05+02:00" level=info msg="language server log" line="!MESSAGE KONVEYOR_LOG: found errors: [] warnings: []" provider=java
time="2026-09-23T15:01:05+02:00" level=info msg="language server log" line="!MESSAGE KONVEYOR_LOG: pattern: TypeDeclarationPattern: qualification<java.nio.channels>, type<filelock*> TypeDeclarationPattern: pkg<*>, enclosing<*>, type<filelock*>, pattern match, case insensitive, generic full match, fine grain: none | TypeReferencePattern: qualification<java.nio.channels>, type<filelock*>, pattern match, case insensitive, generic full match, fine grain: none" provider=java
time="2026-09-23T15:01:05+02:00" level=info msg="language server log" line="!MESSAGE KONVEYOR_LOG: Got: 0 Number of search matching the query: \"java.nio.channels.FileLock*\" and location type: 8" provider=java
time="2026-09-23T15:01:05+02:00" level=info msg="language server log" line="!MESSAGE KONVEYOR_LOG: Results size: 0" provider=java
time="2026-09-23T15:01:05+02:00" level=info msg="language server log" line="!MESSAGE KONVEYOR_LOG: Searching in target project: [Lorg.eclipse.jdt.core.IJavaProject;@2dcebecf" provider=java
time="2026-09-23T15:01:05+02:00" level=info msg="language server log" line="!MESSAGE KONVEYOR_LOG: source-only analysis mode only scoping to Sources" provider=java
time="2026-09-23T15:01:05+02:00" level=info msg="language server log" line="!MESSAGE KONVEYOR_LOG: found errors: [] warnings: []" provider=java
time="2026-09-23T15:01:05+02:00" level=info msg="language server log" line="!MESSAGE KONVEYOR_LOG: pattern: TypeDeclarationPattern: qualification<java.nio>, type<file*> TypeDeclarationPattern: pkg<*>, enclosing<*>, type<file*>, pattern match, case insensitive, generic full match, fine grain: none | TypeReferencePattern: qualification<java.nio>, type<file*>, pattern match, case insensitive, generic full match, fine grain: none" provider=java
time="2026-09-23T15:01:05+02:00" level=info msg="Adding Carrier span info to context" worker=1
time="2026-09-23T15:01:05+02:00" level=info msg="rule returned" ruleID=openliberty-logging-00001
time="2026-09-23T15:01:05+02:00" level=info msg="processed rule" logger=process-rule processed=127 ruleID=openliberty-logging-00001 total=312
time="2026-09-23T15:01:05+02:00" level=info msg="language server log" line="!MESSAGE KONVEYOR_LOG: Searching in target project: [Lorg.eclipse.jdt.core.IJavaProject;@3d98048d" provider=java
time="2026-09-23T15:01:05+02:00" level=info msg="language server log" line="!MESSAGE KONVEYOR_LOG: source-only analysis mode only scoping to Sources" provider=java
time="2026-09-23T15:01:05+02:00" level=info msg="language server log" line="!MESSAGE KONVEYOR_LOG: found errors: [] warnings: []" provider=java
time="2026-09-23T15:01:05+02:00" level=info msg="language server log" line="!MESSAGE KONVEYOR_LOG: pattern: TypeDeclarationPattern: qualification<org.apache.commons.io>, type<input*> TypeDeclarationPattern: pkg<*>, enclosing<*>, type<input*>, pattern match, case insensitive, generic full match, fine grain: none | TypeReferencePattern: qualification<org.apache.commons.io>, type<input*>, pattern match, case insensitive, generic full match, fine grain: none" provider=java
time="2026-09-23T15:01:05+02:00" level=info msg="language server log" line="!MESSAGE KONVEYOR_LOG: Got: 0 Number of search matching the query: \"java.nio.file*\" and location type: 8" provider=java
time="2026-09-23T15:01:05+02:00" level=info msg="language server log" line="!MESSAGE KONVEYOR_LOG: Results size: 0" provider=java
time="2026-09-23T15:01:05+02:00" level=info msg="Symbols retrieved" cap=referenced conditionInfo="{\"Referenced\":{\"Pattern\":\"java.nio.file*\",\"Location\":\"IMPORT\",\"annotated\":{\"pattern\":\"\"},\"Filepaths\":null}}" provider=java symbols=0
time="2026-09-23T15:01:05+02:00" level=info msg="language server log" line="!MESSAGE KONVEYOR_LOG: Got: 0 Number of search matching the query: \"org.apache.commons.io.input*\" and location type: 8" provider=java
time="2026-09-23T15:01:05+02:00" level=info msg="language server log" line="!MESSAGE KONVEYOR_LOG: Results size: 0" provider=java
time="2026-09-23T15:01:05+02:00" level=info msg="language server log" line="!MESSAGE KONVEYOR_LOG: Searching in target project: [Lorg.eclipse.jdt.core.IJavaProject;@2993aa92" provider=java
time="2026-09-23T15:01:05+02:00" level=info msg="language server log" line="!MESSAGE KONVEYOR_LOG: source-only analysis mode only scoping to Sources" provider=java
time="2026-09-23T15:01:05+02:00" level=info msg="language server log" line="!MESSAGE KONVEYOR_LOG: found errors: [] warnings: []" provider=java
time="2026-09-23T15:01:05+02:00" level=info msg="language server log" line="!MESSAGE KONVEYOR_LOG: pattern: MethodReferencePattern: java.nio.file.files.createtempfile(...), exact match, case insensitive, generic erasure match, fine grain: QUALIFIED_REFERENCE | MethodReferencePattern: java.nio.file.files.createtempdirectory(...), exact match, case insensitive, generic erasure match, fine grain: QUALIFIED_REFERENCE" provider=java
time="2026-09-23T15:01:05+02:00" level=info msg="Symbols retrieved" cap=referenced conditionInfo="{\"Referenced\":{\"Pattern\":\"org.apache.commons.io.input*\",\"Location\":\"IMPORT\",\"annotated\":{\"pattern\":\"\"},\"Filepaths\":null}}" provider=java symbols=0
time="2026-09-23T15:01:05+02:00" level=info msg="language server log" line="!MESSAGE KONVEYOR_LOG: Searching in target project: [Lorg.eclipse.jdt.core.IJavaProject;@6d8fd1d0" provider=java
time="2026-09-23T15:01:05+02:00" level=info msg="language server log" line="!MESSAGE KONVEYOR_LOG: source-only analysis mode only scoping to Sources" provider=java
time="2026-09-23T15:01:05+02:00" level=info msg="language server log" line="!MESSAGE KONVEYOR_LOG: found errors: [] warnings: []" provider=java
time="2026-09-23T15:01:05+02:00" level=info msg="language server log" line="!MESSAGE KONVEYOR_LOG: pattern: TypeDeclarationPattern: qualification<org.apache.commons.io>, type<output*> TypeDeclarationPattern: pkg<*>, enclosing<*>, type<output*>, pattern match, case insensitive, generic full match, fine grain: none | TypeReferencePattern: qualification<org.apache.commons.io>, type<output*>, pattern match, case insensitive, generic full match, fine grain: none" provider=java
time="2026-09-23T15:01:05+02:00" level=info msg="language server log" line="!MESSAGE KONVEYOR_LOG: Got: 0 Number of search matching the query: \"org.apache.commons.io.output*\" and location type: 8" provider=java
time="2026-09-23T15:01:05+02:00" level=info msg="Symbols retrieved" cap=referenced conditionInfo="{\"Referenced\":{\"Pattern\":\"org.apache.commons.io.output*\",\"Location\":\"IMPORT\",\"annotated\":{\"pattern\":\"\"},\"Filepaths\":null}}" provider=java symbols=0
time="2026-09-23T15:01:05+02:00" level=info msg="language server log" line="!MESSAGE KONVEYOR_LOG: Results size: 0" provider=java
time="2026-09-23T15:01:05+02:00" level=info msg="language server log" line="!MESSAGE KONVEYOR_LOG: Searching in target project: [Lorg.eclipse.jdt.core.IJavaProject;@56a3df3e" provider=java
time="2026-09-23T15:01:05+02:00" level=info msg="language server log" line="!MESSAGE KONVEYOR_LOG: source-only analysis mode only scoping to Sources" provider=java
time="2026-09-23T15:01:05+02:00" level=info msg="language server log" line="!MESSAGE KONVEYOR_LOG: found errors: [] warnings: []" provider=java
time="2026-09-23T15:01:05+02:00" level=info msg="language server log" line="!MESSAGE KONVEYOR_LOG: pattern: MethodReferencePattern: org.apache.commons.io.fileutils.gettempdirectory(...), exact match, case insensitive, generic erasure match, fine grain: QUALIFIED_REFERENCE" provider=java
time="2026-09-23T15:01:05+02:00" level=info msg="language server log" line="!MESSAGE KONVEYOR_LOG: Got: 0 Number of search matching the query: \"java.nio.file.Files.(createTempFile|createTempDirectory)\" and location type: 2" provider=java
time="2026-09-23T15:01:05+02:00" level=info msg="language server log" line="!MESSAGE KONVEYOR_LOG: Results size: 0" provider=java
time="2026-09-23T15:01:05+02:00" level=info msg="Symbols retrieved" cap=referenced conditionInfo="{\"Referenced\":{\"Pattern\":\"java.nio.file.Files.(createTempFile|createTempDirectory)\",\"Location\":\"METHOD_CALL\",\"annotated\":{\"pattern\":\"\"},\"Filepaths\":null}}" provider=java symbols=0
time="2026-09-23T15:01:05+02:00" level=info msg="Symbols retrieved" cap=referenced conditionInfo="{\"Referenced\":{\"Pattern\":\"org.apache.commons.io.FileUtils.getTempDirectory\",\"Location\":\"METHOD_CALL\",\"annotated\":{\"pattern\":\"\"},\"Filepaths\":null}}" provider=java symbols=0
time="2026-09-23T15:01:05+02:00" level=info msg="Adding Carrier span info to context" worker=1
time="2026-09-23T15:01:05+02:00" level=info msg="language server log" line="!MESSAGE KONVEYOR_LOG: Got: 0 Number of search matching the query: \"org.apache.commons.io.FileUtils.getTempDirectory\" and location type: 2" provider=java
time="2026-09-23T15:01:05+02:00" level=info msg="language server log" line="!MESSAGE KONVEYOR_LOG: Searching in target project: [Lorg.eclipse.jdt.core.IJavaProject;@6c524531" provider=java
time="2026-09-23T15:01:05+02:00" level=info msg="language server log" line="!MESSAGE KONVEYOR_LOG: Results size: 0" provider=java
time="2026-09-23T15:01:05+02:00" level=info msg="language server log" line="!MESSAGE KONVEYOR_LOG: source-only analysis mode only scoping to Sources" provider=java
time="2026-09-23T15:01:05+02:00" level=info msg="language server log" line="!MESSAGE KONVEYOR_LOG: found errors: [] warnings: []" provider=java
time="2026-09-23T15:01:05+02:00" level=info msg="language server log" line="!MESSAGE KONVEYOR_LOG: pattern: MethodReferencePattern: java.nio.file.paths.get(...), exact match, case insensitive, generic erasure match, fine grain: QUALIFIED_REFERENCE" provider=java
time="2026-09-23T15:01:05+02:00" level=info msg="rule returned" ruleID=local-storage-00006
time="2026-09-23T15:01:05+02:00" level=info msg="processed rule" logger=process-rule processed=128 ruleID=local-storage-00006 total=312
time="2026-09-23T15:01:05+02:00" level=info msg="rule returned" ruleID=openliberty-logging-00002
time="2026-09-23T15:01:05+02:00" level=info msg="processed rule" logger=process-rule processed=129 ruleID=openliberty-logging-00002 total=312
time="2026-09-23T15:01:05+02:00" level=info msg="rule returned" ruleID=openliberty-filesystem-00002
time="2026-09-23T15:01:05+02:00" level=info msg="processed rule" logger=process-rule processed=130 ruleID=openliberty-filesystem-00002 total=312
time="2026-09-23T15:01:05+02:00" level=info msg="Adding Carrier span info to context" worker=6
time="2026-09-23T15:01:05+02:00" level=info msg="Adding Carrier span info to context" worker=4
time="2026-09-23T15:01:05+02:00" level=info msg="Symbols retrieved" cap=referenced conditionInfo="{\"Referenced\":{\"Pattern\":\"java.nio.file.Paths.get\",\"Location\":\"METHOD_CALL\",\"annotated\":{\"pattern\":\"\"},\"Filepaths\":null}}" provider=java symbols=0
time="2026-09-23T15:01:05+02:00" level=info msg="language server log" line="!MESSAGE KONVEYOR_LOG: Got: 0 Number of search matching the query: \"java.nio.file.Paths.get\" and location type: 2" provider=java
time="2026-09-23T15:01:05+02:00" level=info msg="language server log" line="!MESSAGE KONVEYOR_LOG: Results size: 0" provider=java
time="2026-09-23T15:01:05+02:00" level=info msg="language server log" line="!MESSAGE KONVEYOR_LOG: Searching in target project: [Lorg.eclipse.jdt.core.IJavaProject;@66a0d4f0" provider=java
time="2026-09-23T15:01:05+02:00" level=info msg="language server log" line="!MESSAGE KONVEYOR_LOG: source-only analysis mode only scoping to Sources" provider=java
time="2026-09-23T15:01:05+02:00" level=info msg="language server log" line="!MESSAGE KONVEYOR_LOG: found errors: [] warnings: []" provider=java
time="2026-09-23T15:01:05+02:00" level=info msg="language server log" line="!MESSAGE KONVEYOR_LOG: pattern: TypeDeclarationPattern: qualification<java.nio.file>, type<files*> TypeDeclarationPattern: pkg<*>, enclosing<*>, type<files*>, pattern match, case insensitive, generic full match, fine grain: none | TypeReferencePattern: qualification<java.nio.file>, type<files*>, pattern match, case insensitive, generic full match, fine grain: none | TypeDeclarationPattern: qualification<java.nio.file>, type<paths*> TypeDeclarationPattern: pkg<*>, enclosing<*>, type<paths*>, pattern match, case insensitive, generic full match, fine grain: none | TypeReferencePattern: qualification<java.nio.file>, type<paths*>, pattern match, case insensitive, generic full match, fine grain: none" provider=java
time="2026-09-23T15:01:05+02:00" level=info msg="language server log" line="!MESSAGE KONVEYOR_LOG: Got: 0 Number of search matching the query: \"java.nio.file.(Files|Paths)*\" and location type: 8" provider=java
time="2026-09-23T15:01:05+02:00" level=info msg="language server log" line="!MESSAGE KONVEYOR_LOG: Results size: 0" provider=java
time="2026-09-23T15:01:05+02:00" level=info msg="Symbols retrieved" cap=referenced conditionInfo="{\"Referenced\":{\"Pattern\":\"java.nio.file.(Files|Paths)*\",\"Location\":\"IMPORT\",\"annotated\":{\"pattern\":\"\"},\"Filepaths\":null}}" provider=java symbols=0
time="2026-09-23T15:01:05+02:00" level=info msg="Adding Carrier span info to context" worker=0
time="2026-09-23T15:01:05+02:00" level=info msg="rule returned" ruleID=local-storage-00005
time="2026-09-23T15:01:05+02:00" level=info msg="processed rule" logger=process-rule processed=131 ruleID=local-storage-00005 total=312
time="2026-09-23T15:01:05+02:00" level=info msg="rule returned" ruleID=google-gcr-to-azure-acr-01000
time="2026-09-23T15:01:05+02:00" level=info msg="processed rule" logger=process-rule processed=132 ruleID=google-gcr-to-azure-acr-01000 total=312
time="2026-09-23T15:01:05+02:00" level=info msg="Adding Carrier span info to context" worker=3
time="2026-09-23T15:01:05+02:00" level=info msg="language server log" line="!MESSAGE KONVEYOR_LOG: Searching in target project: [Lorg.eclipse.jdt.core.IJavaProject;@45a4fabf" provider=java
time="2026-09-23T15:01:05+02:00" level=info msg="language server log" line="!MESSAGE KONVEYOR_LOG: source-only analysis mode only scoping to Sources" provider=java
time="2026-09-23T15:01:05+02:00" level=info msg="language server log" line="!MESSAGE KONVEYOR_LOG: found errors: [] warnings: []" provider=java
time="2026-09-23T15:01:05+02:00" level=info msg="language server log" line="!MESSAGE KONVEYOR_LOG: pattern: TypeDeclarationPattern: qualification<org.apache.*log4j>, type<*fileappender*> TypeDeclarationPattern: pkg<*>, enclosing<*>, type<*fileappender*>, pattern match, case insensitive, generic full match, fine grain: none | TypeReferencePattern: qualification<org.apache.*log4j>, type<*fileappender*>, pattern match, case insensitive, generic full match, fine grain: none" provider=java
time="2026-09-23T15:01:05+02:00" level=info msg="language server log" line="!MESSAGE KONVEYOR_LOG: Got: 0 Number of search matching the query: \"org.apache.*log4j.*FileAppender*\" and location type: 8" provider=java
time="2026-09-23T15:01:05+02:00" level=info msg="language server log" line="!MESSAGE KONVEYOR_LOG: Results size: 0" provider=java
time="2026-09-23T15:01:05+02:00" level=info msg="Symbols retrieved" cap=referenced conditionInfo="{\"Referenced\":{\"Pattern\":\"org.apache.*log4j.*FileAppender*\",\"Location\":\"IMPORT\",\"annotated\":{\"pattern\":\"\"},\"Filepaths\":null}}" provider=java symbols=0
time="2026-09-23T15:01:05+02:00" level=info msg="language server log" line="!MESSAGE KONVEYOR_LOG: Searching in target project: [Lorg.eclipse.jdt.core.IJavaProject;@5bce4e8a" provider=java
time="2026-09-23T15:01:05+02:00" level=info msg="language server log" line="!MESSAGE KONVEYOR_LOG: source-only analysis mode only scoping to Sources" provider=java
time="2026-09-23T15:01:05+02:00" level=info msg="language server log" line="!MESSAGE KONVEYOR_LOG: found errors: [] warnings: []" provider=java
time="2026-09-23T15:01:05+02:00" level=info msg="language server log" line="!MESSAGE KONVEYOR_LOG: pattern: TypeDeclarationPattern: qualification<java.util.logging>, type<filehandler*> TypeDeclarationPattern: pkg<*>, enclosing<*>, type<filehandler*>, pattern match, case insensitive, generic full match, fine grain: none | TypeReferencePattern: qualification<java.util.logging>, type<filehandler*>, pattern match, case insensitive, generic full match, fine grain: none" provider=java
time="2026-09-23T15:01:05+02:00" level=info msg="language server log" line="!MESSAGE KONVEYOR_LOG: Got: 0 Number of search matching the query: \"java.util.logging.FileHandler*\" and location type: 8" provider=java
time="2026-09-23T15:01:05+02:00" level=info msg="language server log" line="!MESSAGE KONVEYOR_LOG: Results size: 0" provider=java
time="2026-09-23T15:01:05+02:00" level=info msg="Symbols retrieved" cap=referenced conditionInfo="{\"Referenced\":{\"Pattern\":\"java.util.logging.FileHandler*\",\"Location\":\"IMPORT\",\"annotated\":{\"pattern\":\"\"},\"Filepaths\":null}}" provider=java symbols=0
time="2026-09-23T15:01:05+02:00" level=info msg="language server log" line="!MESSAGE KONVEYOR_LOG: Searching in target project: [Lorg.eclipse.jdt.core.IJavaProject;@36e29520" provider=java
time="2026-09-23T15:01:05+02:00" level=info msg="language server log" line="!MESSAGE KONVEYOR_LOG: source-only analysis mode only scoping to Sources" provider=java
time="2026-09-23T15:01:05+02:00" level=info msg="language server log" line="!MESSAGE KONVEYOR_LOG: found errors: [] warnings: []" provider=java
time="2026-09-23T15:01:05+02:00" level=info msg="language server log" line="!MESSAGE KONVEYOR_LOG: pattern: TypeDeclarationPattern: qualification<ch.qos.logback.core>, type<FileAppender> TypeDeclarationPattern: pkg<*>, enclosing<*>, type<FileAppender>, exact match, case sensitive, generic full match, fine grain: none | TypeReferencePattern: qualification<ch.qos.logback.core>, type<FileAppender>, exact match, case sensitive, generic full match, fine grain: none" provider=java
time="2026-09-23T15:01:05+02:00" level=info msg="language server log" line="!MESSAGE KONVEYOR_LOG: Got: 0 Number of search matching the query: \"ch.qos.logback.core.FileAppender\" and location type: 8" provider=java
time="2026-09-23T15:01:05+02:00" level=info msg="language server log" line="!MESSAGE KONVEYOR_LOG: Results size: 0" provider=java
time="2026-09-23T15:01:05+02:00" level=info msg="Symbols retrieved" cap=referenced conditionInfo="{\"Referenced\":{\"Pattern\":\"ch.qos.logback.core.FileAppender\",\"Location\":\"IMPORT\",\"annotated\":{\"pattern\":\"\"},\"Filepaths\":null}}" provider=java symbols=0
time="2026-09-23T15:01:05+02:00" level=info msg="language server log" line="!MESSAGE KONVEYOR_LOG: Searching in target project: [Lorg.eclipse.jdt.core.IJavaProject;@3f62cd40" provider=java
time="2026-09-23T15:01:05+02:00" level=info msg="language server log" line="!MESSAGE KONVEYOR_LOG: source-only analysis mode only scoping to Sources" provider=java
time="2026-09-23T15:01:05+02:00" level=info msg="language server log" line="!MESSAGE KONVEYOR_LOG: found errors: [] warnings: []" provider=java
time="2026-09-23T15:01:05+02:00" level=info msg="language server log" line="!MESSAGE KONVEYOR_LOG: pattern: TypeDeclarationPattern: qualification<org.pmw.tinylog.writers>, type<FileWriter> TypeDeclarationPattern: pkg<*>, enclosing<*>, type<FileWriter>, exact match, case sensitive, generic full match, fine grain: none | TypeReferencePattern: qualification<org.pmw.tinylog.writers>, type<FileWriter>, exact match, case sensitive, generic full match, fine grain: none" provider=java
time="2026-09-23T15:01:05+02:00" level=info msg="language server log" line="!MESSAGE KONVEYOR_LOG: Got: 0 Number of search matching the query: \"org.pmw.tinylog.writers.FileWriter\" and location type: 8" provider=java
time="2026-09-23T15:01:05+02:00" level=info msg="language server log" line="!MESSAGE KONVEYOR_LOG: Results size: 0" provider=java
time="2026-09-23T15:01:05+02:00" level=info msg="Adding Carrier span info to context" worker=9
time="2026-09-23T15:01:05+02:00" level=info msg="Symbols retrieved" cap=referenced conditionInfo="{\"Referenced\":{\"Pattern\":\"org.pmw.tinylog.writers.FileWriter\",\"Location\":\"IMPORT\",\"annotated\":{\"pattern\":\"\"},\"Filepaths\":null}}" provider=java symbols=0
time="2026-09-23T15:01:05+02:00" level=info msg="rule returned" ruleID=azure-password-01000
time="2026-09-23T15:01:05+02:00" level=info msg="processed rule" logger=process-rule processed=133 ruleID=azure-password-01000 total=312
time="2026-09-23T15:01:05+02:00" level=info msg="rule returned" ruleID=logging-0000
time="2026-09-23T15:01:05+02:00" level=info msg="processed rule" logger=process-rule processed=134 ruleID=logging-0000 total=312
time="2026-09-23T15:01:05+02:00" level=info msg="Adding Carrier span info to context" worker=3
time="2026-09-23T15:01:05+02:00" level=info msg="language server log" line="!MESSAGE KONVEYOR_LOG: Searching in target project: [Lorg.eclipse.jdt.core.IJavaProject;@5d71b911" provider=java
time="2026-09-23T15:01:05+02:00" level=info msg="language server log" line="!MESSAGE KONVEYOR_LOG: source-only analysis mode only scoping to Sources" provider=java
time="2026-09-23T15:01:05+02:00" level=info msg="language server log" line="!MESSAGE KONVEYOR_LOG: found errors: [] warnings: []" provider=java
time="2026-09-23T15:01:05+02:00" level=info msg="language server log" line="!MESSAGE KONVEYOR_LOG: pattern: TypeDeclarationPattern: qualification<java.util.logging>, type<sockethandler*> TypeDeclarationPattern: pkg<*>, enclosing<*>, type<sockethandler*>, pattern match, case insensitive, generic full match, fine grain: none | TypeReferencePattern: qualification<java.util.logging>, type<sockethandler*>, pattern match, case insensitive, generic full match, fine grain: none" provider=java
time="2026-09-23T15:01:05+02:00" level=info msg="language server log" line="!MESSAGE KONVEYOR_LOG: Got: 0 Number of search matching the query: \"java.util.logging.SocketHandler*\" and location type: 8" provider=java
time="2026-09-23T15:01:05+02:00" level=info msg="language server log" line="!MESSAGE KONVEYOR_LOG: Results size: 0" provider=java
time="2026-09-23T15:01:05+02:00" level=info msg="Symbols retrieved" cap=referenced conditionInfo="{\"Referenced\":{\"Pattern\":\"java.util.logging.SocketHandler*\",\"Location\":\"IMPORT\",\"annotated\":{\"pattern\":\"\"},\"Filepaths\":null}}" provider=java symbols=0
time="2026-09-23T15:01:05+02:00" level=info msg="Adding Carrier span info to context" worker=9
time="2026-09-23T15:01:05+02:00" level=info msg="rule returned" ruleID=logging-0001
time="2026-09-23T15:01:05+02:00" level=info msg="processed rule" logger=process-rule processed=135 ruleID=logging-0001 total=312
time="2026-09-23T15:01:05+02:00" level=info msg="rule returned" ruleID=logging-0003
time="2026-09-23T15:01:05+02:00" level=info msg="processed rule" logger=process-rule processed=136 ruleID=logging-0003 total=312
time="2026-09-23T15:01:05+02:00" level=info msg="Adding Carrier span info to context" worker=9
time="2026-09-23T15:01:05+02:00" level=info msg="Adding Carrier span info to context" worker=9
time="2026-09-23T15:01:05+02:00" level=info msg="rule returned" ruleID=logging-0004
time="2026-09-23T15:01:05+02:00" level=info msg="processed rule" logger=process-rule processed=137 ruleID=logging-0004 total=312
time="2026-09-23T15:01:05+02:00" level=info msg="rule returned" ruleID=logging-0005
time="2026-09-23T15:01:05+02:00" level=info msg="Adding Carrier span info to context" worker=9
time="2026-09-23T15:01:05+02:00" level=info msg="processed rule" logger=process-rule processed=138 ruleID=logging-0005 total=312
time="2026-09-23T15:01:05+02:00" level=info msg="language server log" line="!MESSAGE KONVEYOR_LOG: Searching in target project: [Lorg.eclipse.jdt.core.IJavaProject;@7462162b" provider=java
time="2026-09-23T15:01:05+02:00" level=info msg="language server log" line="!MESSAGE KONVEYOR_LOG: source-only analysis mode only scoping to Sources" provider=java
time="2026-09-23T15:01:05+02:00" level=info msg="language server log" line="!MESSAGE KONVEYOR_LOG: found errors: [] warnings: []" provider=java
time="2026-09-23T15:01:05+02:00" level=info msg="language server log" line="!MESSAGE KONVEYOR_LOG: pattern: PackageDeclarationPattern: <javax.mail*>, pattern match, case insensitive, generic full match, fine grain: none | PackageReferencePattern: <javax.mail*>, pattern match, case insensitive, generic full match, fine grain: none | PackageDeclarationPattern: <jakarta.mail*>, pattern match, case insensitive, generic full match, fine grain: none | PackageReferencePattern: <jakarta.mail*>, pattern match, case insensitive, generic full match, fine grain: none" provider=java
time="2026-09-23T15:01:05+02:00" level=info msg="language server log" line="!MESSAGE KONVEYOR_LOG: Got: 0 Number of search matching the query: \"(javax|jakarta).mail*\" and location type: 11" provider=java
time="2026-09-23T15:01:05+02:00" level=info msg="language server log" line="!MESSAGE KONVEYOR_LOG: Results size: 0" provider=java
time="2026-09-23T15:01:05+02:00" level=info msg="Symbols retrieved" cap=referenced conditionInfo="{\"Referenced\":{\"Pattern\":\"(javax|jakarta).mail*\",\"Location\":\"PACKAGE\",\"annotated\":{\"pattern\":\"\"},\"Filepaths\":null}}" provider=java symbols=0
time="2026-09-23T15:01:05+02:00" level=info msg="language server log" line="!MESSAGE KONVEYOR_LOG: Searching in target project: [Lorg.eclipse.jdt.core.IJavaProject;@560bd612" provider=java
time="2026-09-23T15:01:05+02:00" level=info msg="language server log" line="!MESSAGE KONVEYOR_LOG: source-only analysis mode only scoping to Sources" provider=java
time="2026-09-23T15:01:05+02:00" level=info msg="language server log" line="!MESSAGE KONVEYOR_LOG: found errors: [] warnings: []" provider=java
time="2026-09-23T15:01:05+02:00" level=info msg="language server log" line="!MESSAGE KONVEYOR_LOG: pattern: PackageDeclarationPattern: <com.sun.mail*>, pattern match, case insensitive, generic full match, fine grain: none | PackageReferencePattern: <com.sun.mail*>, pattern match, case insensitive, generic full match, fine grain: none" provider=java
time="2026-09-23T15:01:05+02:00" level=info msg="language server log" line="!MESSAGE KONVEYOR_LOG: Got: 0 Number of search matching the query: \"com.sun.mail*\" and location type: 11" provider=java
time="2026-09-23T15:01:05+02:00" level=info msg="language server log" line="!MESSAGE KONVEYOR_LOG: Results size: 0" provider=java
time="2026-09-23T15:01:05+02:00" level=info msg="Symbols retrieved" cap=referenced conditionInfo="{\"Referenced\":{\"Pattern\":\"com.sun.mail*\",\"Location\":\"PACKAGE\",\"annotated\":{\"pattern\":\"\"},\"Filepaths\":null}}" provider=java symbols=0
time="2026-09-23T15:01:05+02:00" level=info msg="language server log" line="!MESSAGE KONVEYOR_LOG: Searching in target project: [Lorg.eclipse.jdt.core.IJavaProject;@7f2a095e" provider=java
time="2026-09-23T15:01:05+02:00" level=info msg="language server log" line="!MESSAGE KONVEYOR_LOG: source-only analysis mode only scoping to Sources" provider=java
time="2026-09-23T15:01:05+02:00" level=info msg="language server log" line="!MESSAGE KONVEYOR_LOG: found errors: [] warnings: []" provider=java
time="2026-09-23T15:01:05+02:00" level=info msg="language server log" line="!MESSAGE KONVEYOR_LOG: pattern: PackageDeclarationPattern: <org.simplejavamail*>, pattern match, case insensitive, generic full match, fine grain: none | PackageReferencePattern: <org.simplejavamail*>, pattern match, case insensitive, generic full match, fine grain: none" provider=java
time="2026-09-23T15:01:05+02:00" level=info msg="language server log" line="!MESSAGE KONVEYOR_LOG: Got: 0 Number of search matching the query: \"org.simplejavamail*\" and location type: 11" provider=java
time="2026-09-23T15:01:05+02:00" level=info msg="language server log" line="!MESSAGE KONVEYOR_LOG: Results size: 0" provider=java
time="2026-09-23T15:01:05+02:00" level=info msg="Symbols retrieved" cap=referenced conditionInfo="{\"Referenced\":{\"Pattern\":\"org.simplejavamail*\",\"Location\":\"PACKAGE\",\"annotated\":{\"pattern\":\"\"},\"Filepaths\":null}}" provider=java symbols=0
time="2026-09-23T15:01:05+02:00" level=info msg="language server log" line="!MESSAGE KONVEYOR_LOG: Searching in target project: [Lorg.eclipse.jdt.core.IJavaProject;@2f439e9b" provider=java
time="2026-09-23T15:01:05+02:00" level=info msg="language server log" line="!MESSAGE KONVEYOR_LOG: source-only analysis mode only scoping to Sources" provider=java
time="2026-09-23T15:01:05+02:00" level=info msg="language server log" line="!MESSAGE KONVEYOR_LOG: found errors: [] warnings: []" provider=java
time="2026-09-23T15:01:05+02:00" level=info msg="language server log" line="!MESSAGE KONVEYOR_LOG: pattern: PackageDeclarationPattern: <org.apache.commons.mail*>, pattern match, case insensitive, generic full match, fine grain: none | PackageReferencePattern: <org.apache.commons.mail*>, pattern match, case insensitive, generic full match, fine grain: none" provider=java
time="2026-09-23T15:01:05+02:00" level=info msg="language server log" line="!MESSAGE KONVEYOR_LOG: Got: 0 Number of search matching the query: \"org.apache.commons.mail*\" and location type: 11" provider=java
time="2026-09-23T15:01:05+02:00" level=info msg="language server log" line="!MESSAGE KONVEYOR_LOG: Results size: 0" provider=java
time="2026-09-23T15:01:05+02:00" level=info msg="Symbols retrieved" cap=referenced conditionInfo="{\"Referenced\":{\"Pattern\":\"org.apache.commons.mail*\",\"Location\":\"PACKAGE\",\"annotated\":{\"pattern\":\"\"},\"Filepaths\":null}}" provider=java symbols=0
time="2026-09-23T15:01:05+02:00" level=info msg="Adding Carrier span info to context" worker=5
time="2026-09-23T15:01:05+02:00" level=info msg="rule returned" ruleID=jca-00000
time="2026-09-23T15:01:05+02:00" level=info msg="processed rule" logger=process-rule processed=139 ruleID=jca-00000 total=312
time="2026-09-23T15:01:05+02:00" level=info msg="language server log" line="!MESSAGE KONVEYOR_LOG: Searching in target project: [Lorg.eclipse.jdt.core.IJavaProject;@4b740616" provider=java
time="2026-09-23T15:01:05+02:00" level=info msg="language server log" line="!MESSAGE KONVEYOR_LOG: source-only analysis mode only scoping to Sources" provider=java
time="2026-09-23T15:01:05+02:00" level=info msg="language server log" line="!MESSAGE KONVEYOR_LOG: found errors: [] warnings: []" provider=java
time="2026-09-23T15:01:05+02:00" level=info msg="language server log" line="!MESSAGE KONVEYOR_LOG: pattern: MethodReferencePattern: javax.servlet.http.httpsession.setattribute(...), exact match, case insensitive, generic erasure match, fine grain: QUALIFIED_REFERENCE" provider=java
time="2026-09-23T15:01:05+02:00" level=info msg="Symbols retrieved" cap=referenced conditionInfo="{\"Referenced\":{\"Pattern\":\"javax.servlet.http.HttpSession.setAttribute\",\"Location\":\"METHOD_CALL\",\"annotated\":{\"pattern\":\"\"},\"Filepaths\":null}}" provider=java symbols=0
time="2026-09-23T15:01:05+02:00" level=info msg="language server log" line="!MESSAGE KONVEYOR_LOG: Got: 0 Number of search matching the query: \"javax.servlet.http.HttpSession.setAttribute\" and location type: 2" provider=java
time="2026-09-23T15:01:05+02:00" level=info msg="language server log" line="!MESSAGE KONVEYOR_LOG: Results size: 0" provider=java
time="2026-09-23T15:01:05+02:00" level=info msg="language server log" line="!MESSAGE KONVEYOR_LOG: Searching in target project: [Lorg.eclipse.jdt.core.IJavaProject;@342376ee" provider=java
time="2026-09-23T15:01:05+02:00" level=info msg="language server log" line="!MESSAGE KONVEYOR_LOG: source-only analysis mode only scoping to Sources" provider=java
time="2026-09-23T15:01:05+02:00" level=info msg="language server log" line="!MESSAGE KONVEYOR_LOG: found errors: [] warnings: []" provider=java
time="2026-09-23T15:01:05+02:00" level=info msg="language server log" line="!MESSAGE KONVEYOR_LOG: pattern: MethodReferencePattern: javax.servlet.http.httpsession.putvalue(...), exact match, case insensitive, generic erasure match, fine grain: QUALIFIED_REFERENCE" provider=java
time="2026-09-23T15:01:05+02:00" level=info msg="Symbols retrieved" cap=referenced conditionInfo="{\"Referenced\":{\"Pattern\":\"javax.servlet.http.HttpSession.putValue\",\"Location\":\"METHOD_CALL\",\"annotated\":{\"pattern\":\"\"},\"Filepaths\":null}}" provider=java symbols=0
time="2026-09-23T15:01:05+02:00" level=info msg="language server log" line="!MESSAGE KONVEYOR_LOG: Got: 0 Number of search matching the query: \"javax.servlet.http.HttpSession.putValue\" and location type: 2" provider=java
time="2026-09-23T15:01:05+02:00" level=info msg="language server log" line="!MESSAGE KONVEYOR_LOG: Results size: 0" provider=java
time="2026-09-23T15:01:05+02:00" level=info msg="Adding Carrier span info to context" worker=8
time="2026-09-23T15:01:05+02:00" level=info msg="rule returned" ruleID=openliberty-jms-00004
time="2026-09-23T15:01:05+02:00" level=info msg="processed rule" logger=process-rule processed=140 ruleID=openliberty-jms-00004 total=312
time="2026-09-23T15:01:05+02:00" level=info msg="language server log" line="!MESSAGE KONVEYOR_LOG: Searching in target project: [Lorg.eclipse.jdt.core.IJavaProject;@73c04284" provider=java
time="2026-09-23T15:01:05+02:00" level=info msg="language server log" line="!MESSAGE KONVEYOR_LOG: source-only analysis mode only scoping to Sources" provider=java
time="2026-09-23T15:01:05+02:00" level=info msg="language server log" line="!MESSAGE KONVEYOR_LOG: found errors: [] warnings: []" provider=java
time="2026-09-23T15:01:05+02:00" level=info msg="language server log" line="!MESSAGE KONVEYOR_LOG: pattern: MethodReferencePattern: jakarta.servlet.http.httpsession.setattribute(...), exact match, case insensitive, generic erasure match, fine grain: QUALIFIED_REFERENCE" provider=java
time="2026-09-23T15:01:05+02:00" level=info msg="language server log" line="!MESSAGE KONVEYOR_LOG: Searching in target project: [Lorg.eclipse.jdt.core.IJavaProject;@2f536122" provider=java
time="2026-09-23T15:01:05+02:00" level=info msg="language server log" line="!MESSAGE KONVEYOR_LOG: source-only analysis mode only scoping to Sources" provider=java
time="2026-09-23T15:01:05+02:00" level=info msg="language server log" line="!MESSAGE KONVEYOR_LOG: found errors: [] warnings: []" provider=java
time="2026-09-23T15:01:05+02:00" level=info msg="Symbols retrieved" cap=referenced conditionInfo="{\"Referenced\":{\"Pattern\":\"java.net.(Socket|MulticastSocket|DatagramSocket|InetSocketAddress)*\",\"Location\":\"IMPORT\",\"annotated\":{\"pattern\":\"\"},\"Filepaths\":null}}" provider=java symbols=0
time="2026-09-23T15:01:05+02:00" level=info msg="language server log" line="!MESSAGE KONVEYOR_LOG: pattern: TypeDeclarationPattern: qualification<java.net>, type<socket*> TypeDeclarationPattern: pkg<*>, enclosing<*>, type<socket*>, pattern match, case insensitive, generic full match, fine grain: none | TypeReferencePattern: qualification<java.net>, type<socket*>, pattern match, case insensitive, generic full match, fine grain: none | TypeDeclarationPattern: qualification<java.net>, type<multicastsocket*> TypeDeclarationPattern: pkg<*>, enclosing<*>, type<multicastsocket*>, pattern match, case insensitive, generic full match, fine grain: none | TypeReferencePattern: qualification<java.net>, type<multicastsocket*>, pattern match, case insensitive, generic full match, fine grain: none | TypeDeclarationPattern: qualification<java.net>, type<datagramsocket*> TypeDeclarationPattern: pkg<*>, enclosing<*>, type<datagramsocket*>, pattern match, case insensitive, generic full match, fine grain: none | TypeReferencePattern: qualification<java.net>, type<datagramsocket*>, pattern match, case insensitive, generic full match, fine grain: none | TypeDeclarationPattern: qualification<java.net>, type<inetsocketaddress*> TypeDeclarationPattern: pkg<*>, enclosing<*>, type<inetsocketaddress*>, pattern match, case insensitive, generic full match, fine grain: none | TypeReferencePattern: qualification<java.net>, type<inetsocketaddress*>, pattern match, case insensitive, generic full match, fine grain: none" provider=java
time="2026-09-23T15:01:05+02:00" level=info msg="language server log" line="!MESSAGE KONVEYOR_LOG: Got: 0 Number of search matching the query: \"java.net.(Socket|MulticastSocket|DatagramSocket|InetSocketAddress)*\" and location type: 8" provider=java
time="2026-09-23T15:01:05+02:00" level=info msg="language server log" line="!MESSAGE KONVEYOR_LOG: Results size: 0" provider=java
time="2026-09-23T15:01:05+02:00" level=info msg="language server log" line="!MESSAGE KONVEYOR_LOG: Searching in target project: [Lorg.eclipse.jdt.core.IJavaProject;@5a07686a" provider=java
time="2026-09-23T15:01:05+02:00" level=info msg="language server log" line="!MESSAGE KONVEYOR_LOG: source-only analysis mode only scoping to Sources" provider=java
time="2026-09-23T15:01:05+02:00" level=info msg="language server log" line="!MESSAGE KONVEYOR_LOG: found errors: [] warnings: []" provider=java
time="2026-09-23T15:01:05+02:00" level=info msg="language server log" line="!MESSAGE KONVEYOR_LOG: pattern: TypeDeclarationPattern: qualification<java.net>, type<serversocket*> TypeDeclarationPattern: pkg<*>, enclosing<*>, type<serversocket*>, pattern match, case insensitive, generic full match, fine grain: none | TypeReferencePattern: qualification<java.net>, type<serversocket*>, pattern match, case insensitive, generic full match, fine grain: none" provider=java
time="2026-09-23T15:01:05+02:00" level=info msg="language server log" line="!MESSAGE KONVEYOR_LOG: Got: 0 Number of search matching the query: \"java.net.ServerSocket*\" and location type: 8" provider=java
time="2026-09-23T15:01:05+02:00" level=info msg="language server log" line="!MESSAGE KONVEYOR_LOG: Results size: 0" provider=java
time="2026-09-23T15:01:05+02:00" level=info msg="Symbols retrieved" cap=referenced conditionInfo="{\"Referenced\":{\"Pattern\":\"java.net.ServerSocket*\",\"Location\":\"IMPORT\",\"annotated\":{\"pattern\":\"\"},\"Filepaths\":null}}" provider=java symbols=0
time="2026-09-23T15:01:05+02:00" level=info msg="language server log" line="!MESSAGE KONVEYOR_LOG: Searching in target project: [Lorg.eclipse.jdt.core.IJavaProject;@1e2acf9a" provider=java
time="2026-09-23T15:01:05+02:00" level=info msg="language server log" line="!MESSAGE KONVEYOR_LOG: source-only analysis mode only scoping to Sources" provider=java
time="2026-09-23T15:01:05+02:00" level=info msg="language server log" line="!MESSAGE KONVEYOR_LOG: found errors: [] warnings: []" provider=java
time="2026-09-23T15:01:05+02:00" level=info msg="language server log" line="!MESSAGE KONVEYOR_LOG: pattern: TypeDeclarationPattern: qualification<java.nio.channels>, type<asynchronousserversocketchannel*> TypeDeclarationPattern: pkg<*>, enclosing<*>, type<asynchronousserversocketchannel*>, pattern match, case insensitive, generic full match, fine grain: none | TypeReferencePattern: qualification<java.nio.channels>, type<asynchronousserversocketchannel*>, pattern match, case insensitive, generic full match, fine grain: none" provider=java
time="2026-09-23T15:01:05+02:00" level=info msg="language server log" line="!MESSAGE KONVEYOR_LOG: Got: 0 Number of search matching the query: \"java.nio.channels.AsynchronousServerSocketChannel*\" and location type: 8" provider=java
time="2026-09-23T15:01:05+02:00" level=info msg="language server log" line="!MESSAGE KONVEYOR_LOG: Results size: 0" provider=java
time="2026-09-23T15:01:05+02:00" level=info msg="Symbols retrieved" cap=referenced conditionInfo="{\"Referenced\":{\"Pattern\":\"java.nio.channels.AsynchronousServerSocketChannel*\",\"Location\":\"IMPORT\",\"annotated\":{\"pattern\":\"\"},\"Filepaths\":null}}" provider=java symbols=0
time="2026-09-23T15:01:05+02:00" level=info msg="language server log" line="!MESSAGE KONVEYOR_LOG: Searching in target project: [Lorg.eclipse.jdt.core.IJavaProject;@7dc98a86" provider=java
time="2026-09-23T15:01:05+02:00" level=info msg="language server log" line="!MESSAGE KONVEYOR_LOG: source-only analysis mode only scoping to Sources" provider=java
time="2026-09-23T15:01:05+02:00" level=info msg="language server log" line="!MESSAGE KONVEYOR_LOG: found errors: [] warnings: []" provider=java
time="2026-09-23T15:01:05+02:00" level=info msg="Symbols retrieved" cap=referenced conditionInfo="{\"Referenced\":{\"Pattern\":\"java.nio.channels.ServerSocketChannel*\",\"Location\":\"IMPORT\",\"annotated\":{\"pattern\":\"\"},\"Filepaths\":null}}" provider=java symbols=0
time="2026-09-23T15:01:05+02:00" level=info msg="Adding Carrier span info to context" worker=8
time="2026-09-23T15:01:05+02:00" level=info msg="rule returned" ruleID=socket-communication-00000
time="2026-09-23T15:01:05+02:00" level=info msg="processed rule" logger=process-rule processed=141 ruleID=socket-communication-00000 total=312
time="2026-09-23T15:01:05+02:00" level=info msg="language server log" line="!MESSAGE KONVEYOR_LOG: pattern: TypeDeclarationPattern: qualification<java.nio.channels>, type<serversocketchannel*> TypeDeclarationPattern: pkg<*>, enclosing<*>, type<serversocketchannel*>, pattern match, case insensitive, generic full match, fine grain: none | TypeReferencePattern: qualification<java.nio.channels>, type<serversocketchannel*>, pattern match, case insensitive, generic full match, fine grain: none" provider=java
time="2026-09-23T15:01:05+02:00" level=info msg="language server log" line="!MESSAGE KONVEYOR_LOG: Got: 0 Number of search matching the query: \"java.nio.channels.ServerSocketChannel*\" and location type: 8" provider=java
time="2026-09-23T15:01:05+02:00" level=info msg="language server log" line="!MESSAGE KONVEYOR_LOG: Results size: 0" provider=java
time="2026-09-23T15:01:05+02:00" level=info msg="Symbols retrieved" cap=referenced conditionInfo="{\"Referenced\":{\"Pattern\":\"java.nio.channels.(NetworkChannel|MulticastChannel|DatagramChannel|AsynchronousSocketChannel|SocketChannel)*\",\"Location\":\"IMPORT\",\"annotated\":{\"pattern\":\"\"},\"Filepaths\":null}}" provider=java symbols=0
time="2026-09-23T15:01:05+02:00" level=info msg="Adding Carrier span info to context" worker=8
time="2026-09-23T15:01:05+02:00" level=info msg="language server log" line="!MESSAGE KONVEYOR_LOG: Searching in target project: [Lorg.eclipse.jdt.core.IJavaProject;@4927be6c" provider=java
time="2026-09-23T15:01:05+02:00" level=info msg="language server log" line="!MESSAGE KONVEYOR_LOG: source-only analysis mode only scoping to Sources" provider=java
time="2026-09-23T15:01:05+02:00" level=info msg="language server log" line="!MESSAGE KONVEYOR_LOG: found errors: [] warnings: []" provider=java
time="2026-09-23T15:01:05+02:00" level=info msg="language server log" line="!MESSAGE KONVEYOR_LOG: pattern: TypeDeclarationPattern: qualification<java.nio.channels>, type<networkchannel*> TypeDeclarationPattern: pkg<*>, enclosing<*>, type<networkchannel*>, pattern match, case insensitive, generic full match, fine grain: none | TypeReferencePattern: qualification<java.nio.channels>, type<networkchannel*>, pattern match, case insensitive, generic full match, fine grain: none | TypeDeclarationPattern: qualification<java.nio.channels>, type<multicastchannel*> TypeDeclarationPattern: pkg<*>, enclosing<*>, type<multicastchannel*>, pattern match, case insensitive, generic full match, fine grain: none | TypeReferencePattern: qualification<java.nio.channels>, type<multicastchannel*>, pattern match, case insensitive, generic full match, fine grain: none | TypeDeclarationPattern: qualification<java.nio.channels>, type<datagramchannel*> TypeDeclarationPattern: pkg<*>, enclosing<*>, type<datagramchannel*>, pattern match, case insensitive, generic full match, fine grain: none | TypeReferencePattern: qualification<java.nio.channels>, type<datagramchannel*>, pattern match, case insensitive, generic full match, fine grain: none | TypeDeclarationPattern: qualification<java.nio.channels>, type<asynchronoussocketchannel*> TypeDeclarationPattern: pkg<*>, enclosing<*>, type<asynchronoussocketchannel*>, pattern match, case insensitive, generic full match, fine grain: none | TypeReferencePattern: qualification<java.nio.channels>, type<asynchronoussocketchannel*>, pattern match, case insensitive, generic full match, fine grain: none | TypeDeclarationPattern: qualification<java.nio.channels>, type<socketchannel*> TypeDeclarationPattern: pkg<*>, enclosing<*>, type<socketchannel*>, pattern match, case insensitive, generic full match, fine grain: none | TypeReferencePattern: qualification<java.nio.channels>, type<socketchannel*>, pattern match, case insensitive, generic full match, fine grain: none" provider=java
time="2026-09-23T15:01:05+02:00" level=info msg="rule returned" ruleID=socket-communication-00001
time="2026-09-23T15:01:05+02:00" level=info msg="language server log" line="!MESSAGE KONVEYOR_LOG: Got: 0 Number of search matching the query: \"java.nio.channels.(NetworkChannel|MulticastChannel|DatagramChannel|AsynchronousSocketChannel|SocketChannel)*\" and location type: 8" provider=java
time="2026-09-23T15:01:05+02:00" level=info msg="processed rule" logger=process-rule processed=142 ruleID=socket-communication-00001 total=312
time="2026-09-23T15:01:05+02:00" level=info msg="language server log" line="!MESSAGE KONVEYOR_LOG: Results size: 0" provider=java
time="2026-09-23T15:01:05+02:00" level=info msg="language server log" line="!MESSAGE KONVEYOR_LOG: Searching in target project: [Lorg.eclipse.jdt.core.IJavaProject;@2802cb1a" provider=java
time="2026-09-23T15:01:05+02:00" level=info msg="language server log" line="!MESSAGE KONVEYOR_LOG: source-only analysis mode only scoping to Sources" provider=java
time="2026-09-23T15:01:05+02:00" level=info msg="language server log" line="!MESSAGE KONVEYOR_LOG: found errors: [] warnings: []" provider=java
time="2026-09-23T15:01:05+02:00" level=info msg="language server log" line="!MESSAGE KONVEYOR_LOG: pattern: TypeDeclarationPattern: qualification<javax>, type<swing*> TypeDeclarationPattern: pkg<*>, enclosing<*>, type<swing*>, pattern match, case insensitive, generic full match, fine grain: none | TypeReferencePattern: qualification<javax>, type<swing*>, pattern match, case insensitive, generic full match, fine grain: none" provider=java
time="2026-09-23T15:01:05+02:00" level=info msg="language server log" line="!MESSAGE KONVEYOR_LOG: Got: 0 Number of search matching the query: \"jakarta.servlet.http.HttpSession.setAttribute\" and location type: 2" provider=java
time="2026-09-23T15:01:05+02:00" level=info msg="language server log" line="!MESSAGE KONVEYOR_LOG: Results size: 0" provider=java
time="2026-09-23T15:01:05+02:00" level=info msg="Symbols retrieved" cap=referenced conditionInfo="{\"Referenced\":{\"Pattern\":\"jakarta.servlet.http.HttpSession.setAttribute\",\"Location\":\"METHOD_CALL\",\"annotated\":{\"pattern\":\"\"},\"Filepaths\":null}}" provider=java symbols=0
time="2026-09-23T15:01:05+02:00" level=info msg="language server log" line="!MESSAGE KONVEYOR_LOG: Searching in target project: [Lorg.eclipse.jdt.core.IJavaProject;@1d9e1fc2" provider=java
time="2026-09-23T15:01:05+02:00" level=info msg="language server log" line="!MESSAGE KONVEYOR_LOG: source-only analysis mode only scoping to Sources" provider=java
time="2026-09-23T15:01:05+02:00" level=info msg="language server log" line="!MESSAGE KONVEYOR_LOG: found errors: [] warnings: []" provider=java
time="2026-09-23T15:01:05+02:00" level=info msg="language server log" line="!MESSAGE KONVEYOR_LOG: pattern: MethodReferencePattern: jakarta.servlet.http.httpsession.putvalue(...), exact match, case insensitive, generic erasure match, fine grain: QUALIFIED_REFERENCE" provider=java
time="2026-09-23T15:01:05+02:00" level=info msg="language server log" line="!MESSAGE KONVEYOR_LOG: Got: 0 Number of search matching the query: \"javax.swing*\" and location type: 8" provider=java
time="2026-09-23T15:01:05+02:00" level=info msg="Symbols retrieved" cap=referenced conditionInfo="{\"Referenced\":{\"Pattern\":\"javax.swing*\",\"Location\":\"IMPORT\",\"annotated\":{\"pattern\":\"\"},\"Filepaths\":null}}" provider=java symbols=0
time="2026-09-23T15:01:05+02:00" level=info msg="Adding Carrier span info to context" worker=8
time="2026-09-23T15:01:05+02:00" level=info msg="rule returned" ruleID=web-10000
time="2026-09-23T15:01:05+02:00" level=info msg="processed rule" logger=process-rule processed=143 ruleID=web-10000 total=312
time="2026-09-23T15:01:05+02:00" level=info msg="rule returned" ruleID=web-11000
time="2026-09-23T15:01:05+02:00" level=info msg="processed rule" logger=process-rule processed=144 ruleID=web-11000 total=312
time="2026-09-23T15:01:05+02:00" level=info msg="Adding Carrier span info to context" worker=8
time="2026-09-23T15:01:05+02:00" level=info msg="language server log" line="!MESSAGE KONVEYOR_LOG: Results size: 0" provider=java
time="2026-09-23T15:01:05+02:00" level=info msg="Symbols retrieved" cap=referenced conditionInfo="{\"Referenced\":{\"Pattern\":\"jakarta.servlet.http.HttpSession.putValue\",\"Location\":\"METHOD_CALL\",\"annotated\":{\"pattern\":\"\"},\"Filepaths\":null}}" provider=java symbols=0
time="2026-09-23T15:01:05+02:00" level=info msg="language server log" line="!MESSAGE KONVEYOR_LOG: Got: 0 Number of search matching the query: \"jakarta.servlet.http.HttpSession.putValue\" and location type: 2" provider=java
time="2026-09-23T15:01:05+02:00" level=info msg="language server log" line="!MESSAGE KONVEYOR_LOG: Results size: 0" provider=java
time="2026-09-23T15:01:05+02:00" level=info msg="language server log" line="!MESSAGE KONVEYOR_LOG: Searching in target project: [Lorg.eclipse.jdt.core.IJavaProject;@117559d4" provider=java
time="2026-09-23T15:01:05+02:00" level=info msg="language server log" line="!MESSAGE KONVEYOR_LOG: source-only analysis mode only scoping to Sources" provider=java
time="2026-09-23T15:01:05+02:00" level=info msg="language server log" line="!MESSAGE KONVEYOR_LOG: found errors: [] warnings: []" provider=java
time="2026-09-23T15:01:05+02:00" level=info msg="language server log" line="!MESSAGE KONVEYOR_LOG: pattern: TypeDeclarationPattern: qualification<javax.servlet.http>, type<HttpSession> TypeDeclarationPattern: pkg<*>, enclosing<*>, type<HttpSession>, exact match, case sensitive, generic full match, fine grain: none | TypeReferencePattern: qualification<javax.servlet.http>, type<HttpSession>, exact match, case sensitive, generic full match, fine grain: none | TypeDeclarationPattern: qualification<jakarta.servlet.http>, type<HttpSession> TypeDeclarationPattern: pkg<*>, enclosing<*>, type<HttpSession>, exact match, case sensitive, generic full match, fine grain: none | TypeReferencePattern: qualification<jakarta.servlet.http>, type<HttpSession>, exact match, case sensitive, generic full match, fine grain: none" provider=java
time="2026-09-23T15:01:05+02:00" level=info msg="language server log" line="!MESSAGE KONVEYOR_LOG: Got: 0 Number of search matching the query: \"(javax|jakarta).servlet.http.HttpSession\" and location type: 8" provider=java
time="2026-09-23T15:01:05+02:00" level=info msg="language server log" line="!MESSAGE KONVEYOR_LOG: Results size: 0" provider=java
time="2026-09-23T15:01:05+02:00" level=info msg="Symbols retrieved" cap=referenced conditionInfo="{\"Referenced\":{\"Pattern\":\"(javax|jakarta).servlet.http.HttpSession\",\"Location\":\"IMPORT\",\"annotated\":{\"pattern\":\"\"},\"Filepaths\":null}}" provider=java symbols=0
time="2026-09-23T15:01:05+02:00" level=info msg="Adding Carrier span info to context" worker=5
time="2026-09-23T15:01:05+02:00" level=info msg="rule returned" ruleID=session-00001
time="2026-09-23T15:01:05+02:00" level=info msg="processed rule" logger=process-rule processed=145 ruleID=session-00001 total=312
time="2026-09-23T15:01:05+02:00" level=info msg="language server log" line="!MESSAGE KONVEYOR_LOG: Searching in target project: [Lorg.eclipse.jdt.core.IJavaProject;@7cf83437" provider=java
time="2026-09-23T15:01:05+02:00" level=info msg="language server log" line="!MESSAGE KONVEYOR_LOG: source-only analysis mode only scoping to Sources" provider=java
time="2026-09-23T15:01:05+02:00" level=info msg="language server log" line="!MESSAGE KONVEYOR_LOG: found errors: [] warnings: []" provider=java
time="2026-09-23T15:01:05+02:00" level=info msg="language server log" line="!MESSAGE KONVEYOR_LOG: pattern: MethodReferencePattern: javax.xml.parsers.documentbuilder.parse(...), exact match, case insensitive, generic erasure match, fine grain: QUALIFIED_REFERENCE" provider=java
time="2026-09-23T15:01:05+02:00" level=info msg="language server log" line="!MESSAGE KONVEYOR_LOG: Got: 0 Number of search matching the query: \"javax.xml.parsers.DocumentBuilder.parse\" and location type: 2" provider=java
time="2026-09-23T15:01:05+02:00" level=info msg="language server log" line="!MESSAGE KONVEYOR_LOG: Results size: 0" provider=java
time="2026-09-23T15:01:05+02:00" level=info msg="Adding Carrier span info to context" worker=7
time="2026-09-23T15:01:05+02:00" level=info msg="Symbols retrieved" cap=referenced conditionInfo="{\"Referenced\":{\"Pattern\":\"javax.xml.parsers.DocumentBuilder.parse\",\"Location\":\"METHOD_CALL\",\"annotated\":{\"pattern\":\"\"},\"Filepaths\":null}}" provider=java symbols=0
time="2026-09-23T15:01:05+02:00" level=info msg="rule returned" ruleID=local-storage-00004
time="2026-09-23T15:01:05+02:00" level=info msg="processed rule" logger=process-rule processed=146 ruleID=local-storage-00004 total=312
time="2026-09-23T15:01:05+02:00" level=info msg="language server log" line="!MESSAGE KONVEYOR_LOG: Searching in target project: [Lorg.eclipse.jdt.core.IJavaProject;@4d26562d" provider=java
time="2026-09-23T15:01:05+02:00" level=info msg="language server log" line="!MESSAGE KONVEYOR_LOG: source-only analysis mode only scoping to Sources" provider=java
time="2026-09-23T15:01:05+02:00" level=info msg="language server log" line="!MESSAGE KONVEYOR_LOG: found errors: [] warnings: []" provider=java
time="2026-09-23T15:01:05+02:00" level=info msg="language server log" line="!MESSAGE KONVEYOR_LOG: pattern: TypeDeclarationPattern: qualification<sun>, type<net*> TypeDeclarationPattern: pkg<*>, enclosing<*>, type<net*>, pattern match, case insensitive, generic full match, fine grain: none | TypeReferencePattern: qualification<sun>, type<net*>, pattern match, case insensitive, generic full match, fine grain: none" provider=java
time="2026-09-23T15:01:05+02:00" level=info msg="language server log" line="!MESSAGE KONVEYOR_LOG: Got: 0 Number of search matching the query: \"sun.net*\" and location type: 8" provider=java
time="2026-09-23T15:01:05+02:00" level=info msg="language server log" line="!MESSAGE KONVEYOR_LOG: Results size: 0" provider=java
time="2026-09-23T15:01:05+02:00" level=info msg="Symbols retrieved" cap=referenced conditionInfo="{\"Referenced\":{\"Pattern\":\"sun.net*\",\"Location\":\"IMPORT\",\"annotated\":{\"pattern\":\"\"},\"Filepaths\":null}}" provider=java symbols=0
time="2026-09-23T15:01:05+02:00" level=info msg="Symbols retrieved" cap=referenced conditionInfo="{\"Referenced\":{\"Pattern\":\"org.apache.http.impl.client.HttpClients\",\"Location\":\"IMPORT\",\"annotated\":{\"pattern\":\"\"},\"Filepaths\":null}}" provider=java symbols=0
time="2026-09-23T15:01:05+02:00" level=info msg="language server log" line="!MESSAGE KONVEYOR_LOG: Searching in target project: [Lorg.eclipse.jdt.core.IJavaProject;@4b54149d" provider=java
time="2026-09-23T15:01:05+02:00" level=info msg="language server log" line="!MESSAGE KONVEYOR_LOG: source-only analysis mode only scoping to Sources" provider=java
time="2026-09-23T15:01:05+02:00" level=info msg="language server log" line="!MESSAGE KONVEYOR_LOG: found errors: [] warnings: []" provider=java
time="2026-09-23T15:01:05+02:00" level=info msg="language server log" line="!MESSAGE KONVEYOR_LOG: pattern: TypeDeclarationPattern: qualification<org.apache.http.impl.client>, type<HttpClients> TypeDeclarationPattern: pkg<*>, enclosing<*>, type<HttpClients>, exact match, case sensitive, generic full match, fine grain: none | TypeReferencePattern: qualification<org.apache.http.impl.client>, type<HttpClients>, exact match, case sensitive, generic full match, fine grain: none" provider=java
time="2026-09-23T15:01:05+02:00" level=info msg="language server log" line="!MESSAGE KONVEYOR_LOG: Got: 0 Number of search matching the query: \"org.apache.http.impl.client.HttpClients\" and location type: 8" provider=java
time="2026-09-23T15:01:05+02:00" level=info msg="language server log" line="!MESSAGE KONVEYOR_LOG: Results size: 0" provider=java
time="2026-09-23T15:01:05+02:00" level=info msg="Symbols retrieved" cap=referenced conditionInfo="{\"Referenced\":{\"Pattern\":\"org.apache.http.impl.client.CloseableHttpClient\",\"Location\":\"IMPORT\",\"annotated\":{\"pattern\":\"\"},\"Filepaths\":null}}" provider=java symbols=0
time="2026-09-23T15:01:05+02:00" level=info msg="Adding Carrier span info to context" worker=7
time="2026-09-23T15:01:05+02:00" level=info msg="rule returned" ruleID=unsecure-network-protocol-00000
time="2026-09-23T15:01:05+02:00" level=info msg="processed rule" logger=process-rule processed=147 ruleID=unsecure-network-protocol-00000 total=312
time="2026-09-23T15:01:05+02:00" level=info msg="language server log" line="!MESSAGE KONVEYOR_LOG: Searching in target project: [Lorg.eclipse.jdt.core.IJavaProject;@70544fda" provider=java
time="2026-09-23T15:01:05+02:00" level=info msg="language server log" line="!MESSAGE KONVEYOR_LOG: source-only analysis mode only scoping to Sources" provider=java
time="2026-09-23T15:01:05+02:00" level=info msg="language server log" line="!MESSAGE KONVEYOR_LOG: found errors: [] warnings: []" provider=java
time="2026-09-23T15:01:05+02:00" level=info msg="language server log" line="!MESSAGE KONVEYOR_LOG: pattern: TypeDeclarationPattern: qualification<org.apache.http.impl.client>, type<CloseableHttpClient> TypeDeclarationPattern: pkg<*>, enclosing<*>, type<CloseableHttpClient>, exact match, case sensitive, generic full match, fine grain: none | TypeReferencePattern: qualification<org.apache.http.impl.client>, type<CloseableHttpClient>, exact match, case sensitive, generic full match, fine grain: none" provider=java
time="2026-09-23T15:01:05+02:00" level=info msg="language server log" line="!MESSAGE KONVEYOR_LOG: Got: 0 Number of search matching the query: \"org.apache.http.impl.client.CloseableHttpClient\" and location type: 8" provider=java
time="2026-09-23T15:01:05+02:00" level=info msg="language server log" line="!MESSAGE KONVEYOR_LOG: Results size: 0" provider=java
time="2026-09-23T15:01:05+02:00" level=info msg="Adding Carrier span info to context" worker=7
time="2026-09-23T15:01:05+02:00" level=info msg="rule returned" ruleID=hardcoded-urls-00001
time="2026-09-23T15:01:05+02:00" level=info msg="processed rule" logger=process-rule processed=148 ruleID=hardcoded-urls-00001 total=312
time="2026-09-23T15:01:05+02:00" level=info msg="Adding Carrier span info to context" worker=7
time="2026-09-23T15:01:05+02:00" level=info msg="rule returned" ruleID=hardcoded-urls-00002
time="2026-09-23T15:01:05+02:00" level=info msg="processed rule" logger=process-rule processed=149 ruleID=hardcoded-urls-00002 total=312
time="2026-09-23T15:01:05+02:00" level=info msg="language server log" line="!MESSAGE KONVEYOR_LOG: Searching in target project: [Lorg.eclipse.jdt.core.IJavaProject;@4d30946b" provider=java
time="2026-09-23T15:01:05+02:00" level=info msg="language server log" line="!MESSAGE KONVEYOR_LOG: source-only analysis mode only scoping to Sources" provider=java
time="2026-09-23T15:01:05+02:00" level=info msg="language server log" line="!MESSAGE KONVEYOR_LOG: found errors: [] warnings: []" provider=java
time="2026-09-23T15:01:05+02:00" level=info msg="language server log" line="!MESSAGE KONVEYOR_LOG: pattern: TypeDeclarationPattern: qualification<javax.servlet.http>, type<HttpServletRequest> TypeDeclarationPattern: pkg<*>, enclosing<*>, type<HttpServletRequest>, exact match, case sensitive, generic full match, fine grain: none | TypeReferencePattern: qualification<javax.servlet.http>, type<HttpServletRequest>, exact match, case sensitive, generic full match, fine grain: none" provider=java
time="2026-09-23T15:01:05+02:00" level=info msg="language server log" line="!MESSAGE KONVEYOR_LOG: Got: 0 Number of search matching the query: \"javax.servlet.http.HttpServletRequest\" and location type: 8" provider=java
time="2026-09-23T15:01:05+02:00" level=info msg="language server log" line="!MESSAGE KONVEYOR_LOG: Results size: 0" provider=java
time="2026-09-23T15:01:05+02:00" level=info msg="Symbols retrieved" cap=referenced conditionInfo="{\"Referenced\":{\"Pattern\":\"javax.servlet.http.HttpServletRequest\",\"Location\":\"IMPORT\",\"annotated\":{\"pattern\":\"\"},\"Filepaths\":null}}" provider=java symbols=0
time="2026-09-23T15:01:05+02:00" level=info msg="Adding Carrier span info to context" worker=1
time="2026-09-23T15:01:05+02:00" level=info msg="rule returned" ruleID=localhost-http-00001
time="2026-09-23T15:01:05+02:00" level=info msg="processed rule" logger=process-rule processed=150 ruleID=localhost-http-00001 total=312
time="2026-09-23T15:01:05+02:00" level=info msg="rule returned" ruleID=localhost-jdbc-00002
time="2026-09-23T15:01:05+02:00" level=info msg="processed rule" logger=process-rule processed=151 ruleID=localhost-jdbc-00002 total=312
time="2026-09-23T15:01:05+02:00" level=info msg="Adding Carrier span info to context" worker=6
time="2026-09-23T15:01:05+02:00" level=info msg="language server log" line="!MESSAGE KONVEYOR_LOG: Searching in target project: [Lorg.eclipse.jdt.core.IJavaProject;@32d834de" provider=java
time="2026-09-23T15:01:05+02:00" level=info msg="language server log" line="!MESSAGE KONVEYOR_LOG: source-only analysis mode only scoping to Sources" provider=java
time="2026-09-23T15:01:05+02:00" level=info msg="language server log" line="!MESSAGE KONVEYOR_LOG: found errors: [] warnings: []" provider=java
time="2026-09-23T15:01:05+02:00" level=info msg="language server log" line="!MESSAGE KONVEYOR_LOG: pattern: TypeDeclarationPattern: qualification<com.sun.jna.platform.win32>, type<Advapi32Util> TypeDeclarationPattern: pkg<*>, enclosing<*>, type<Advapi32Util>, exact match, case sensitive, generic full match, fine grain: none | TypeReferencePattern: qualification<com.sun.jna.platform.win32>, type<Advapi32Util>, exact match, case sensitive, generic full match, fine grain: none" provider=java
time="2026-09-23T15:01:05+02:00" level=info msg="Symbols retrieved" cap=referenced conditionInfo="{\"Referenced\":{\"Pattern\":\"com.sun.jna.platform.win32.Advapi32Util\",\"Location\":\"IMPORT\",\"annotated\":{\"pattern\":\"\"},\"Filepaths\":null}}" provider=java symbols=0
time="2026-09-23T15:01:05+02:00" level=info msg="language server log" line="!MESSAGE KONVEYOR_LOG: Got: 0 Number of search matching the query: \"com.sun.jna.platform.win32.Advapi32Util\" and location type: 8" provider=java
time="2026-09-23T15:01:05+02:00" level=info msg="language server log" line="!MESSAGE KONVEYOR_LOG: Results size: 0" provider=java
time="2026-09-23T15:01:05+02:00" level=info msg="Adding Carrier span info to context" worker=4
time="2026-09-23T15:01:05+02:00" level=info msg="language server log" line="!MESSAGE KONVEYOR_LOG: Searching in target project: [Lorg.eclipse.jdt.core.IJavaProject;@59433ee4" provider=java
time="2026-09-23T15:01:05+02:00" level=info msg="language server log" line="!MESSAGE KONVEYOR_LOG: source-only analysis mode only scoping to Sources" provider=java
time="2026-09-23T15:01:05+02:00" level=info msg="language server log" line="!MESSAGE KONVEYOR_LOG: found errors: [] warnings: []" provider=java
time="2026-09-23T15:01:05+02:00" level=info msg="language server log" line="!MESSAGE KONVEYOR_LOG: pattern: TypeDeclarationPattern: qualification<com.sun.jna.platform.win32>, type<WinReg> TypeDeclarationPattern: pkg<*>, enclosing<*>, type<WinReg>, exact match, case sensitive, generic full match, fine grain: none | TypeReferencePattern: qualification<com.sun.jna.platform.win32>, type<WinReg>, exact match, case sensitive, generic full match, fine grain: none" provider=java
time="2026-09-23T15:01:05+02:00" level=info msg="language server log" line="!MESSAGE KONVEYOR_LOG: Got: 0 Number of search matching the query: \"com.sun.jna.platform.win32.WinReg\" and location type: 8" provider=java
time="2026-09-23T15:01:05+02:00" level=info msg="language server log" line="!MESSAGE KONVEYOR_LOG: Results size: 0" provider=java
time="2026-09-23T15:01:05+02:00" level=info msg="Symbols retrieved" cap=referenced conditionInfo="{\"Referenced\":{\"Pattern\":\"com.sun.jna.platform.win32.WinReg\",\"Location\":\"IMPORT\",\"annotated\":{\"pattern\":\"\"},\"Filepaths\":null}}" provider=java symbols=0
time="2026-09-23T15:01:05+02:00" level=info msg="language server log" line="!MESSAGE KONVEYOR_LOG: Searching in target project: [Lorg.eclipse.jdt.core.IJavaProject;@bbb8089" provider=java
time="2026-09-23T15:01:05+02:00" level=info msg="language server log" line="!MESSAGE KONVEYOR_LOG: source-only analysis mode only scoping to Sources" provider=java
time="2026-09-23T15:01:05+02:00" level=info msg="language server log" line="!MESSAGE KONVEYOR_LOG: found errors: [] warnings: []" provider=java
time="2026-09-23T15:01:05+02:00" level=info msg="language server log" line="!MESSAGE KONVEYOR_LOG: pattern: MethodReferencePattern: com.sun.jna.platform.win32.advapi32util.registrygetstringvalue(...), exact match, case insensitive, generic erasure match, fine grain: QUALIFIED_REFERENCE" provider=java
time="2026-09-23T15:01:05+02:00" level=info msg="rule returned" ruleID=localhost-ws-00003
time="2026-09-23T15:01:05+02:00" level=info msg="processed rule" logger=process-rule processed=152 ruleID=localhost-ws-00003 total=312
time="2026-09-23T15:01:05+02:00" level=info msg="language server log" line="!MESSAGE KONVEYOR_LOG: Got: 0 Number of search matching the query: \"com.sun.jna.platform.win32.Advapi32Util.registryGetStringValue\" and location type: 2" provider=java
time="2026-09-23T15:01:05+02:00" level=info msg="language server log" line="!MESSAGE KONVEYOR_LOG: Results size: 0" provider=java
time="2026-09-23T15:01:05+02:00" level=info msg="Symbols retrieved" cap=referenced conditionInfo="{\"Referenced\":{\"Pattern\":\"com.sun.jna.platform.win32.Advapi32Util.registryGetStringValue\",\"Location\":\"METHOD_CALL\",\"annotated\":{\"pattern\":\"\"},\"Filepaths\":null}}" provider=java symbols=0
time="2026-09-23T15:01:05+02:00" level=info msg="language server log" line="!MESSAGE KONVEYOR_LOG: Searching in target project: [Lorg.eclipse.jdt.core.IJavaProject;@42e1ce59" provider=java
time="2026-09-23T15:01:05+02:00" level=info msg="language server log" line="!MESSAGE KONVEYOR_LOG: source-only analysis mode only scoping to Sources" provider=java
time="2026-09-23T15:01:05+02:00" level=info msg="language server log" line="!MESSAGE KONVEYOR_LOG: found errors: [] warnings: []" provider=java
time="2026-09-23T15:01:05+02:00" level=info msg="language server log" line="!MESSAGE KONVEYOR_LOG: pattern: MethodReferencePattern: com.sun.jna.platform.win32.advapi32util.registrysetstringvalue(...), exact match, case insensitive, generic erasure match, fine grain: QUALIFIED_REFERENCE" provider=java
time="2026-09-23T15:01:05+02:00" level=info msg="Symbols retrieved" cap=referenced conditionInfo="{\"Referenced\":{\"Pattern\":\"com.sun.jna.platform.win32.Advapi32Util.registrySetStringValue\",\"Location\":\"METHOD_CALL\",\"annotated\":{\"pattern\":\"\"},\"Filepaths\":null}}" provider=java symbols=0
time="2026-09-23T15:01:05+02:00" level=info msg="Adding Carrier span info to context" worker=1
time="2026-09-23T15:01:05+02:00" level=info msg="language server log" line="!MESSAGE KONVEYOR_LOG: Got: 0 Number of search matching the query: \"com.sun.jna.platform.win32.Advapi32Util.registrySetStringValue\" and location type: 2" provider=java
time="2026-09-23T15:01:05+02:00" level=info msg="language server log" line="!MESSAGE KONVEYOR_LOG: Results size: 0" provider=java
time="2026-09-23T15:01:05+02:00" level=info msg="rule returned" ruleID=windows-registry-00000
time="2026-09-23T15:01:05+02:00" level=info msg="processed rule" logger=process-rule processed=153 ruleID=windows-registry-00000 total=312
time="2026-09-23T15:01:05+02:00" level=info msg="Adding Carrier span info to context" worker=0
time="2026-09-23T15:01:05+02:00" level=info msg="rule returned" ruleID=localhost-00004
time="2026-09-23T15:01:05+02:00" level=info msg="processed rule" logger=process-rule processed=154 ruleID=localhost-00004 total=312
time="2026-09-23T15:01:05+02:00" level=info msg="Adding Carrier span info to context" worker=3
time="2026-09-23T15:01:05+02:00" level=info msg="rule returned" ruleID=logging-0002
time="2026-09-23T15:01:05+02:00" level=info msg="processed rule" logger=process-rule processed=155 ruleID=logging-0002 total=312
time="2026-09-23T15:01:05+02:00" level=info msg="rule returned" ruleID=ant-build-tool-00001
time="2026-09-23T15:01:05+02:00" level=info msg="processed rule" logger=process-rule processed=156 ruleID=ant-build-tool-00001 total=312
time="2026-09-23T15:01:05+02:00" level=info msg="Adding Carrier span info to context" worker=3
time="2026-09-23T15:01:05+02:00" level=info msg="Adding Carrier span info to context" worker=5
time="2026-09-23T15:01:05+02:00" level=info msg="rule returned" ruleID=external-config-00000
time="2026-09-23T15:01:05+02:00" level=info msg="processed rule" logger=process-rule processed=157 ruleID=external-config-00000 total=312
time="2026-09-23T15:01:05+02:00" level=info msg="rule returned" ruleID=jakarta-auth-00001
time="2026-09-23T15:01:05+02:00" level=info msg="processed rule" logger=process-rule processed=158 ruleID=jakarta-auth-00001 total=312
time="2026-09-23T15:01:05+02:00" level=info msg="Adding Carrier span info to context" worker=5
time="2026-09-23T15:01:05+02:00" level=info msg="Adding Carrier span info to context" worker=5
time="2026-09-23T15:01:05+02:00" level=info msg="rule returned" ruleID=jakarta-database-00001
time="2026-09-23T15:01:05+02:00" level=info msg="processed rule" logger=process-rule processed=159 ruleID=jakarta-database-00001 total=312
time="2026-09-23T15:01:05+02:00" level=info msg="rule returned" ruleID=jakarta-database-00002
time="2026-09-23T15:01:05+02:00" level=info msg="processed rule" logger=process-rule processed=160 ruleID=jakarta-database-00002 total=312
time="2026-09-23T15:01:05+02:00" level=info msg="Adding Carrier span info to context" worker=5
time="2026-09-23T15:01:05+02:00" level=info msg="Adding Carrier span info to context" worker=5
time="2026-09-23T15:01:05+02:00" level=info msg="rule returned" ruleID=jakarta-database-00003
time="2026-09-23T15:01:05+02:00" level=info msg="processed rule" logger=process-rule processed=161 ruleID=jakarta-database-00003 total=312
time="2026-09-23T15:01:05+02:00" level=info msg="Adding Carrier span info to context" worker=5
time="2026-09-23T15:01:05+02:00" level=info msg="rule returned" ruleID=jakarta-service-00001
time="2026-09-23T15:01:05+02:00" level=info msg="processed rule" logger=process-rule processed=162 ruleID=jakarta-service-00001 total=312
time="2026-09-23T15:01:05+02:00" level=info msg="Adding Carrier span info to context" worker=5
time="2026-09-23T15:01:05+02:00" level=info msg="rule returned" ruleID=jakarta-service-00002
time="2026-09-23T15:01:05+02:00" level=info msg="processed rule" logger=process-rule processed=163 ruleID=jakarta-service-00002 total=312
time="2026-09-23T15:01:05+02:00" level=info msg="Adding Carrier span info to context" worker=7
time="2026-09-23T15:01:05+02:00" level=info msg="rule returned" ruleID=webform-auth-00000
time="2026-09-23T15:01:05+02:00" level=info msg="processed rule" logger=process-rule processed=164 ruleID=webform-auth-00000 total=312
time="2026-09-23T15:01:05+02:00" level=info msg="Adding Carrier span info to context" worker=6
time="2026-09-23T15:01:05+02:00" level=info msg="rule returned" ruleID=dockerfile-00000
time="2026-09-23T15:01:05+02:00" level=info msg="processed rule" logger=process-rule processed=165 ruleID=dockerfile-00000 total=312
time="2026-09-23T15:01:05+02:00" level=info msg="Adding Carrier span info to context" worker=4
time="2026-09-23T15:01:05+02:00" level=info msg="rule returned" ruleID=dockerfile-00010
time="2026-09-23T15:01:05+02:00" level=info msg="processed rule" logger=process-rule processed=166 ruleID=dockerfile-00010 total=312
time="2026-09-23T15:01:05+02:00" level=info msg="rule returned" ruleID=dockerfile-00030
time="2026-09-23T15:01:05+02:00" level=info msg="processed rule" logger=process-rule processed=167 ruleID=dockerfile-00030 total=312
time="2026-09-23T15:01:05+02:00" level=info msg="rule returned" ruleID=dockerfile-00020
time="2026-09-23T15:01:05+02:00" level=info msg="processed rule" logger=process-rule processed=168 ruleID=dockerfile-00020 total=312
time="2026-09-23T15:01:05+02:00" level=info msg="Adding Carrier span info to context" worker=1
time="2026-09-23T15:01:05+02:00" level=info msg="Adding Carrier span info to context" worker=0
time="2026-09-23T15:01:05+02:00" level=info msg="language server log" line="!MESSAGE KONVEYOR_LOG: Searching in target project: [Lorg.eclipse.jdt.core.IJavaProject;@316c7c1f" provider=java
time="2026-09-23T15:01:05+02:00" level=info msg="language server log" line="!MESSAGE KONVEYOR_LOG: source-only analysis mode only scoping to Sources" provider=java
time="2026-09-23T15:01:05+02:00" level=info msg="language server log" line="!MESSAGE KONVEYOR_LOG: found errors: [] warnings: []" provider=java
time="2026-09-23T15:01:05+02:00" level=info msg="language server log" line="!MESSAGE KONVEYOR_LOG: pattern: TypeDeclarationPattern: qualification<org.springframework>, type<mail*> TypeDeclarationPattern: pkg<*>, enclosing<*>, type<mail*>, pattern match, case insensitive, generic full match, fine grain: none | TypeReferencePattern: qualification<org.springframework>, type<mail*>, pattern match, case insensitive, generic full match, fine grain: none" provider=java
time="2026-09-23T15:01:05+02:00" level=info msg="language server log" line="!MESSAGE KONVEYOR_LOG: Got: 0 Number of search matching the query: \"org.springframework.mail*\" and location type: 8" provider=java
time="2026-09-23T15:01:05+02:00" level=info msg="language server log" line="!MESSAGE KONVEYOR_LOG: Results size: 0" provider=java
time="2026-09-23T15:01:05+02:00" level=info msg="Symbols retrieved" cap=referenced conditionInfo="{\"Referenced\":{\"Pattern\":\"org.springframework.mail*\",\"Location\":\"IMPORT\",\"annotated\":{\"pattern\":\"\"},\"Filepaths\":null}}" provider=java symbols=0
time="2026-09-23T15:01:05+02:00" level=info msg="Adding Carrier span info to context" worker=9
time="2026-09-23T15:01:05+02:00" level=info msg="rule returned" ruleID=mail-00000
time="2026-09-23T15:01:05+02:00" level=info msg="processed rule" logger=process-rule processed=169 ruleID=mail-00000 total=312
time="2026-09-23T15:01:06+02:00" level=info msg="Adding Carrier span info to context" worker=5
time="2026-09-23T15:01:06+02:00" level=info msg="rule returned" ruleID=cra-weak-crypto-md5-01000
time="2026-09-23T15:01:06+02:00" level=info msg="processed rule" logger=process-rule processed=170 ruleID=cra-weak-crypto-md5-01000 total=312
time="2026-09-23T15:01:06+02:00" level=info msg="rule returned" ruleID=cra-weak-crypto-ecb-05000
time="2026-09-23T15:01:06+02:00" level=info msg="processed rule" logger=process-rule processed=171 ruleID=cra-weak-crypto-ecb-05000 total=312
time="2026-09-23T15:01:06+02:00" level=info msg="Adding Carrier span info to context" worker=0
time="2026-09-23T15:01:06+02:00" level=info msg="Adding Carrier span info to context" worker=4
time="2026-09-23T15:01:06+02:00" level=info msg="rule returned" ruleID=cra-weak-crypto-rc4-04000
time="2026-09-23T15:01:06+02:00" level=info msg="processed rule" logger=process-rule processed=172 ruleID=cra-weak-crypto-rc4-04000 total=312
time="2026-09-23T15:01:06+02:00" level=info msg="Adding Carrier span info to context" worker=7
time="2026-09-23T15:01:06+02:00" level=info msg="rule returned" ruleID=cra-weak-crypto-sha1-02000
time="2026-09-23T15:01:06+02:00" level=info msg="processed rule" logger=process-rule processed=173 ruleID=cra-weak-crypto-sha1-02000 total=312
time="2026-09-23T15:01:06+02:00" level=info msg="rule returned" ruleID=cra-weak-crypto-password-hash-07000
time="2026-09-23T15:01:06+02:00" level=info msg="processed rule" logger=process-rule processed=174 ruleID=cra-weak-crypto-password-hash-07000 total=312
time="2026-09-23T15:01:06+02:00" level=info msg="Adding Carrier span info to context" worker=9
time="2026-09-23T15:01:06+02:00" level=info msg="Adding Carrier span info to context" worker=1
time="2026-09-23T15:01:06+02:00" level=info msg="rule returned" ruleID=cra-weak-crypto-blowfish-06000
time="2026-09-23T15:01:06+02:00" level=info msg="processed rule" logger=process-rule processed=175 ruleID=cra-weak-crypto-blowfish-06000 total=312
time="2026-09-23T15:01:06+02:00" level=info msg="rule returned" ruleID=cra-weak-crypto-des-03000
time="2026-09-23T15:01:06+02:00" level=info msg="processed rule" logger=process-rule processed=176 ruleID=cra-weak-crypto-des-03000 total=312
time="2026-09-23T15:01:06+02:00" level=info msg="Adding Carrier span info to context" worker=6
time="2026-09-23T15:01:06+02:00" level=info msg="Adding Carrier span info to context" worker=1
time="2026-09-23T15:01:06+02:00" level=info msg="rule returned" ruleID=cra-hardcoded-credential-password-01000
time="2026-09-23T15:01:06+02:00" level=info msg="processed rule" logger=process-rule processed=177 ruleID=cra-hardcoded-credential-password-01000 total=312
time="2026-09-23T15:01:06+02:00" level=info msg="Adding Carrier span info to context" worker=7
time="2026-09-23T15:01:06+02:00" level=info msg="rule returned" ruleID=cra-insecure-tls-hostname-verify-04000
time="2026-09-23T15:01:06+02:00" level=info msg="processed rule" logger=process-rule processed=178 ruleID=cra-insecure-tls-hostname-verify-04000 total=312
time="2026-09-23T15:01:06+02:00" level=info msg="rule returned" ruleID=cra-insecure-tls-protocol-01000
time="2026-09-23T15:01:06+02:00" level=info msg="processed rule" logger=process-rule processed=179 ruleID=cra-insecure-tls-protocol-01000 total=312
time="2026-09-23T15:01:06+02:00" level=info msg="Adding Carrier span info to context" worker=5
time="2026-09-23T15:01:06+02:00" level=info msg="Adding Carrier span info to context" worker=5
time="2026-09-23T15:01:06+02:00" level=info msg="rule returned" ruleID=cra-hardcoded-credential-crypto-key-05000
time="2026-09-23T15:01:06+02:00" level=info msg="processed rule" logger=process-rule processed=180 ruleID=cra-hardcoded-credential-crypto-key-05000 total=312
time="2026-09-23T15:01:06+02:00" level=info msg="Adding Carrier span info to context" worker=6
time="2026-09-23T15:01:06+02:00" level=info msg="rule returned" ruleID=cra-hardcoded-credential-apikey-02000
time="2026-09-23T15:01:06+02:00" level=info msg="processed rule" logger=process-rule processed=181 ruleID=cra-hardcoded-credential-apikey-02000 total=312
time="2026-09-23T15:01:06+02:00" level=info msg="language server log" line="!MESSAGE KONVEYOR_LOG: Searching in target project: [Lorg.eclipse.jdt.core.IJavaProject;@7198c0c8" provider=java
time="2026-09-23T15:01:06+02:00" level=info msg="language server log" line="!MESSAGE KONVEYOR_LOG: source-only analysis mode only scoping to Sources" provider=java
time="2026-09-23T15:01:06+02:00" level=info msg="language server log" line="!MESSAGE KONVEYOR_LOG: found errors: [] warnings: []" provider=java
time="2026-09-23T15:01:06+02:00" level=info msg="Adding Carrier span info to context" worker=6
time="2026-09-23T15:01:06+02:00" level=info msg="language server log" line="!MESSAGE KONVEYOR_LOG: Searching in target project: [Lorg.eclipse.jdt.core.IJavaProject;@8f958b1" provider=java
time="2026-09-23T15:01:06+02:00" level=info msg="language server log" line="!MESSAGE KONVEYOR_LOG: source-only analysis mode only scoping to Sources" provider=java
time="2026-09-23T15:01:06+02:00" level=info msg="language server log" line="!MESSAGE KONVEYOR_LOG: pattern: TypeDeclarationPattern: qualification<org.apache.http.conn.ssl>, type<NoopHostnameVerifier> TypeDeclarationPattern: pkg<*>, enclosing<*>, type<NoopHostnameVerifier>, exact match, case sensitive, generic full match, fine grain: none | TypeReferencePattern: qualification<org.apache.http.conn.ssl>, type<NoopHostnameVerifier>, exact match, case sensitive, generic full match, fine grain: none" provider=java
time="2026-09-23T15:01:06+02:00" level=info msg="language server log" line="!MESSAGE KONVEYOR_LOG: found errors: [] warnings: []" provider=java
time="2026-09-23T15:01:06+02:00" level=info msg="language server log" line="!MESSAGE KONVEYOR_LOG: pattern: TypeDeclarationPattern: qualification<java.util>, type<Random> TypeDeclarationPattern: pkg<*>, enclosing<*>, type<Random>, exact match, case sensitive, generic full match, fine grain: none | TypeReferencePattern: qualification<java.util>, type<Random>, exact match, case sensitive, generic full match, fine grain: none" provider=java
time="2026-09-23T15:01:06+02:00" level=info msg="language server log" line="!MESSAGE KONVEYOR_LOG: Got: 0 Number of search matching the query: \"org.apache.http.conn.ssl.NoopHostnameVerifier\" and location type: 8" provider=java
time="2026-09-23T15:01:06+02:00" level=info msg="language server log" line="!MESSAGE KONVEYOR_LOG: Got: 0 Number of search matching the query: \"java.util.Random\" and location type: 8" provider=java
time="2026-09-23T15:01:06+02:00" level=info msg="language server log" line="!MESSAGE KONVEYOR_LOG: Results size: 0" provider=java
time="2026-09-23T15:01:06+02:00" level=info msg="language server log" line="!MESSAGE KONVEYOR_LOG: Results size: 0" provider=java
time="2026-09-23T15:01:06+02:00" level=info msg="Symbols retrieved" cap=referenced conditionInfo="{\"Referenced\":{\"Pattern\":\"org.apache.http.conn.ssl.NoopHostnameVerifier\",\"Location\":\"IMPORT\",\"annotated\":{\"pattern\":\"\"},\"Filepaths\":null}}" provider=java symbols=0
time="2026-09-23T15:01:06+02:00" level=info msg="Symbols retrieved" cap=referenced conditionInfo="{\"Referenced\":{\"Pattern\":\"java.util.Random\",\"Location\":\"IMPORT\",\"annotated\":{\"pattern\":\"\"},\"Filepaths\":null}}" provider=java symbols=0
time="2026-09-23T15:01:06+02:00" level=info msg="rule returned" ruleID=cra-insecure-random-math-02000
time="2026-09-23T15:01:06+02:00" level=info msg="processed rule" logger=process-rule processed=182 ruleID=cra-insecure-random-math-02000 total=312
time="2026-09-23T15:01:06+02:00" level=info msg="language server log" line="!MESSAGE KONVEYOR_LOG: Searching in target project: [Lorg.eclipse.jdt.core.IJavaProject;@2670a9ba" provider=java
time="2026-09-23T15:01:06+02:00" level=info msg="language server log" line="!MESSAGE KONVEYOR_LOG: Searching in target project: [Lorg.eclipse.jdt.core.IJavaProject;@6f061e" provider=java
time="2026-09-23T15:01:06+02:00" level=info msg="language server log" line="!MESSAGE KONVEYOR_LOG: Searching in target project: [Lorg.eclipse.jdt.core.IJavaProject;@5e4ff598" provider=java
time="2026-09-23T15:01:06+02:00" level=info msg="language server log" line="!MESSAGE KONVEYOR_LOG: source-only analysis mode only scoping to Sources" provider=java
time="2026-09-23T15:01:06+02:00" level=info msg="language server log" line="!MESSAGE KONVEYOR_LOG: source-only analysis mode only scoping to Sources" provider=java
time="2026-09-23T15:01:06+02:00" level=info msg="language server log" line="!MESSAGE KONVEYOR_LOG: found errors: [] warnings: []" provider=java
time="2026-09-23T15:01:06+02:00" level=info msg="language server log" line="!MESSAGE KONVEYOR_LOG: pattern: ConstructorCombinedPattern: java.util.random*(...), pattern match, case insensitive, generic erasure match, fine grain: none" provider=java
time="2026-09-23T15:01:06+02:00" level=info msg="language server log" line="!MESSAGE KONVEYOR_LOG: source-only analysis mode only scoping to Sources" provider=java
time="2026-09-23T15:01:06+02:00" level=info msg="language server log" line="!MESSAGE KONVEYOR_LOG: found errors: [] warnings: []" provider=java
time="2026-09-23T15:01:06+02:00" level=info msg="language server log" line="!MESSAGE KONVEYOR_LOG: found errors: [] warnings: []" provider=java
time="2026-09-23T15:01:06+02:00" level=info msg="language server log" line="!MESSAGE KONVEYOR_LOG: Got: 0 Number of search matching the query: \"java.util.Random*\" and location type: 3" provider=java
time="2026-09-23T15:01:06+02:00" level=info msg="language server log" line="!MESSAGE KONVEYOR_LOG: pattern: TypeDeclarationPattern: qualification<org.apache.http.conn.ssl>, type<AllowAllHostnameVerifier> TypeDeclarationPattern: pkg<*>, enclosing<*>, type<AllowAllHostnameVerifier>, exact match, case sensitive, generic full match, fine grain: none | TypeReferencePattern: qualification<org.apache.http.conn.ssl>, type<AllowAllHostnameVerifier>, exact match, case sensitive, generic full match, fine grain: none" provider=java
time="2026-09-23T15:01:06+02:00" level=info msg="Symbols retrieved" cap=referenced conditionInfo="{\"Referenced\":{\"Pattern\":\"org.apache.http.conn.ssl.AllowAllHostnameVerifier\",\"Location\":\"IMPORT\",\"annotated\":{\"pattern\":\"\"},\"Filepaths\":null}}" provider=java symbols=0
time="2026-09-23T15:01:06+02:00" level=info msg="Adding Carrier span info to context" worker=4
time="2026-09-23T15:01:06+02:00" level=info msg="rule returned" ruleID=cra-insecure-tls-trust-all-03000
time="2026-09-23T15:01:06+02:00" level=info msg="processed rule" logger=process-rule processed=183 ruleID=cra-insecure-tls-trust-all-03000 total=312
time="2026-09-23T15:01:06+02:00" level=info msg="Symbols retrieved" cap=referenced conditionInfo="{\"Referenced\":{\"Pattern\":\"java.util.concurrent.ThreadLocalRandom\",\"Location\":\"IMPORT\",\"annotated\":{\"pattern\":\"\"},\"Filepaths\":null}}" provider=java symbols=0
time="2026-09-23T15:01:06+02:00" level=info msg="Adding Carrier span info to context" worker=6
time="2026-09-23T15:01:06+02:00" level=info msg="language server log" line="!MESSAGE KONVEYOR_LOG: Got: 0 Number of search matching the query: \"org.apache.http.conn.ssl.AllowAllHostnameVerifier\" and location type: 8" provider=java
time="2026-09-23T15:01:06+02:00" level=info msg="language server log" line="!MESSAGE KONVEYOR_LOG: Results size: 0" provider=java
time="2026-09-23T15:01:06+02:00" level=info msg="language server log" line="!MESSAGE KONVEYOR_LOG: pattern: TypeDeclarationPattern: qualification<java.util.concurrent>, type<ThreadLocalRandom> TypeDeclarationPattern: pkg<*>, enclosing<*>, type<ThreadLocalRandom>, exact match, case sensitive, generic full match, fine grain: none | TypeReferencePattern: qualification<java.util.concurrent>, type<ThreadLocalRandom>, exact match, case sensitive, generic full match, fine grain: none" provider=java
time="2026-09-23T15:01:06+02:00" level=info msg="language server log" line="!MESSAGE KONVEYOR_LOG: Got: 0 Number of search matching the query: \"java.util.concurrent.ThreadLocalRandom\" and location type: 8" provider=java
time="2026-09-23T15:01:06+02:00" level=info msg="language server log" line="!MESSAGE KONVEYOR_LOG: Results size: 0" provider=java
time="2026-09-23T15:01:06+02:00" level=info msg="language server log" line="!MESSAGE KONVEYOR_LOG: Results size: 0" provider=java
time="2026-09-23T15:01:06+02:00" level=info msg="rule returned" ruleID=cra-insecure-random-threadlocal-03000
time="2026-09-23T15:01:06+02:00" level=info msg="processed rule" logger=process-rule processed=184 ruleID=cra-insecure-random-threadlocal-03000 total=312
time="2026-09-23T15:01:06+02:00" level=info msg="Symbols retrieved" cap=referenced conditionInfo="{\"Referenced\":{\"Pattern\":\"java.util.Random*\",\"Location\":\"CONSTRUCTOR_CALL\",\"annotated\":{\"pattern\":\"\"},\"Filepaths\":null}}" provider=java symbols=0
time="2026-09-23T15:01:06+02:00" level=info msg="Adding Carrier span info to context" worker=5
time="2026-09-23T15:01:06+02:00" level=info msg="rule returned" ruleID=cra-insecure-random-01000
time="2026-09-23T15:01:06+02:00" level=info msg="processed rule" logger=process-rule processed=185 ruleID=cra-insecure-random-01000 total=312
time="2026-09-23T15:01:06+02:00" level=info msg="language server log" line="!MESSAGE KONVEYOR_LOG: Searching in target project: [Lorg.eclipse.jdt.core.IJavaProject;@a131c07" provider=java
time="2026-09-23T15:01:06+02:00" level=info msg="language server log" line="!MESSAGE KONVEYOR_LOG: source-only analysis mode only scoping to Sources" provider=java
time="2026-09-23T15:01:06+02:00" level=info msg="language server log" line="!MESSAGE KONVEYOR_LOG: found errors: [] warnings: []" provider=java
time="2026-09-23T15:01:06+02:00" level=info msg="language server log" line="!MESSAGE KONVEYOR_LOG: pattern: TypeDeclarationPattern: qualification<com.sun.java.browser.plugin2>, type<dom*> TypeDeclarationPattern: pkg<*>, enclosing<*>, type<dom*>, pattern match, case insensitive, generic full match, fine grain: none | TypeReferencePattern: qualification<com.sun.java.browser.plugin2>, type<dom*>, pattern match, case insensitive, generic full match, fine grain: none" provider=java
time="2026-09-23T15:01:06+02:00" level=info msg="language server log" line="!MESSAGE KONVEYOR_LOG: Searching in target project: [Lorg.eclipse.jdt.core.IJavaProject;@28ce8253" provider=java
time="2026-09-23T15:01:06+02:00" level=info msg="language server log" line="!MESSAGE KONVEYOR_LOG: Got: 0 Number of search matching the query: \"com.sun.java.browser.plugin2.DOM*\" and location type: 8" provider=java
time="2026-09-23T15:01:06+02:00" level=info msg="language server log" line="!MESSAGE KONVEYOR_LOG: Results size: 0" provider=java
time="2026-09-23T15:01:06+02:00" level=info msg="Symbols retrieved" cap=referenced conditionInfo="{\"Referenced\":{\"Pattern\":\"com.sun.java.browser.plugin2.DOM*\",\"Location\":\"IMPORT\",\"annotated\":{\"pattern\":\"\"},\"Filepaths\":null}}" provider=java symbols=0
time="2026-09-23T15:01:06+02:00" level=info msg="language server log" line="!MESSAGE KONVEYOR_LOG: source-only analysis mode only scoping to Sources" provider=java
time="2026-09-23T15:01:06+02:00" level=info msg="language server log" line="!MESSAGE KONVEYOR_LOG: Searching in target project: [Lorg.eclipse.jdt.core.IJavaProject;@6aaf282b" provider=java
time="2026-09-23T15:01:06+02:00" level=info msg="language server log" line="!MESSAGE KONVEYOR_LOG: source-only analysis mode only scoping to Sources" provider=java
time="2026-09-23T15:01:06+02:00" level=info msg="language server log" line="!MESSAGE KONVEYOR_LOG: found errors: [] warnings: []" provider=java
time="2026-09-23T15:01:06+02:00" level=info msg="language server log" line="!MESSAGE KONVEYOR_LOG: found errors: [] warnings: []" provider=java
time="2026-09-23T15:01:06+02:00" level=info msg="language server log" line="!MESSAGE KONVEYOR_LOG: pattern: MethodReferencePattern: javafx.application.hostservices.getwebcontext(...), exact match, case insensitive, generic erasure match, fine grain: QUALIFIED_REFERENCE" provider=java
time="2026-09-23T15:01:06+02:00" level=info msg="language server log" line="!MESSAGE KONVEYOR_LOG: pattern: MethodReferencePattern: java.lang.runtime.getlocalizedinputstream(...), exact match, case insensitive, generic erasure match, fine grain: QUALIFIED_REFERENCE" provider=java
time="2026-09-23T15:01:06+02:00" level=info msg="language server log" line="!MESSAGE KONVEYOR_LOG: Searching in target project: [Lorg.eclipse.jdt.core.IJavaProject;@20b0ef05" provider=java
time="2026-09-23T15:01:06+02:00" level=info msg="language server log" line="!MESSAGE KONVEYOR_LOG: source-only analysis mode only scoping to Sources" provider=java
time="2026-09-23T15:01:06+02:00" level=info msg="language server log" line="!MESSAGE KONVEYOR_LOG: found errors: [] warnings: []" provider=java
time="2026-09-23T15:01:06+02:00" level=info msg="language server log" line="!MESSAGE KONVEYOR_LOG: pattern: TypeDeclarationPattern: qualification<sun.plugin.dom>, type<domobject*> TypeDeclarationPattern: pkg<*>, enclosing<*>, type<domobject*>, pattern match, case insensitive, generic full match, fine grain: none | TypeReferencePattern: qualification<sun.plugin.dom>, type<domobject*>, pattern match, case insensitive, generic full match, fine grain: none" provider=java
time="2026-09-23T15:01:06+02:00" level=info msg="language server log" line="!MESSAGE KONVEYOR_LOG: Got: 0 Number of search matching the query: \"sun.plugin.dom.DOMObject*\" and location type: 8" provider=java
time="2026-09-23T15:01:06+02:00" level=info msg="language server log" line="!MESSAGE KONVEYOR_LOG: Results size: 0" provider=java
time="2026-09-23T15:01:06+02:00" level=info msg="Symbols retrieved" cap=referenced conditionInfo="{\"Referenced\":{\"Pattern\":\"sun.plugin.dom.DOMObject*\",\"Location\":\"IMPORT\",\"annotated\":{\"pattern\":\"\"},\"Filepaths\":null}}" provider=java symbols=0
time="2026-09-23T15:01:06+02:00" level=info msg="Adding Carrier span info to context" worker=4
time="2026-09-23T15:01:06+02:00" level=info msg="rule returned" ruleID=java-10-deprecate-dom-00000
time="2026-09-23T15:01:06+02:00" level=info msg="processed rule" logger=process-rule processed=186 ruleID=java-10-deprecate-dom-00000 total=312
time="2026-09-23T15:01:06+02:00" level=info msg="language server log" line="!MESSAGE KONVEYOR_LOG: Searching in target project: [Lorg.eclipse.jdt.core.IJavaProject;@7bc306b3" provider=java
time="2026-09-23T15:01:06+02:00" level=info msg="language server log" line="!MESSAGE KONVEYOR_LOG: source-only analysis mode only scoping to Sources" provider=java
time="2026-09-23T15:01:06+02:00" level=info msg="language server log" line="!MESSAGE KONVEYOR_LOG: found errors: [] warnings: []" provider=java
time="2026-09-23T15:01:06+02:00" level=info msg="language server log" line="!MESSAGE KONVEYOR_LOG: Got: 0 Number of search matching the query: \"javafx.application.HostServices.getWebContext\" and location type: 2" provider=java
time="2026-09-23T15:01:06+02:00" level=info msg="language server log" line="!MESSAGE KONVEYOR_LOG: Results size: 0" provider=java
time="2026-09-23T15:01:06+02:00" level=info msg="Adding Carrier span info to context" worker=8
time="2026-09-23T15:01:06+02:00" level=info msg="Symbols retrieved" cap=referenced conditionInfo="{\"Referenced\":{\"Pattern\":\"javafx.application.HostServices.getWebContext\",\"Location\":\"METHOD_CALL\",\"annotated\":{\"pattern\":\"\"},\"Filepaths\":null}}" provider=java symbols=0
time="2026-09-23T15:01:06+02:00" level=info msg="rule returned" ruleID=clustering-00000
time="2026-09-23T15:01:06+02:00" level=info msg="processed rule" logger=process-rule processed=187 ruleID=clustering-00000 total=312
time="2026-09-23T15:01:06+02:00" level=info msg="rule returned" ruleID=java-10-deprecate-javafx-00000
time="2026-09-23T15:01:06+02:00" level=info msg="processed rule" logger=process-rule processed=188 ruleID=java-10-deprecate-javafx-00000 total=312
time="2026-09-23T15:01:06+02:00" level=info msg="Adding Carrier span info to context" worker=6
time="2026-09-23T15:01:06+02:00" level=info msg="language server log" line="!MESSAGE KONVEYOR_LOG: pattern: MethodReferencePattern: java.lang.securitymanager.getincheck(...), exact match, case insensitive, generic erasure match, fine grain: QUALIFIED_REFERENCE | MethodReferencePattern: java.lang.securitymanager.classdepth(...), exact match, case insensitive, generic erasure match, fine grain: QUALIFIED_REFERENCE | MethodReferencePattern: java.lang.securitymanager.classloaderdepth(...), exact match, case insensitive, generic erasure match, fine grain: QUALIFIED_REFERENCE | MethodReferencePattern: java.lang.securitymanager.currentclassloader(...), exact match, case insensitive, generic erasure match, fine grain: QUALIFIED_REFERENCE | MethodReferencePattern: java.lang.securitymanager.currentloadedclass(...), exact match, case insensitive, generic erasure match, fine grain: QUALIFIED_REFERENCE | MethodReferencePattern: java.lang.securitymanager.inclass(...), exact match, case insensitive, generic erasure match, fine grain: QUALIFIED_REFERENCE | MethodReferencePattern: java.lang.securitymanager.inclassloader(...), exact match, case insensitive, generic erasure match, fine grain: QUALIFIED_REFERENCE" provider=java
time="2026-09-23T15:01:06+02:00" level=info msg="language server log" line="!MESSAGE KONVEYOR_LOG: Searching in target project: [Lorg.eclipse.jdt.core.IJavaProject;@645b512e" provider=java
time="2026-09-23T15:01:06+02:00" level=info msg="language server log" line="!MESSAGE KONVEYOR_LOG: source-only analysis mode only scoping to Sources" provider=java
time="2026-09-23T15:01:06+02:00" level=info msg="language server log" line="!MESSAGE KONVEYOR_LOG: found errors: [] warnings: []" provider=java
time="2026-09-23T15:01:06+02:00" level=info msg="language server log" line="!MESSAGE KONVEYOR_LOG: Searching in target project: [Lorg.eclipse.jdt.core.IJavaProject;@3fa18c68" provider=java
time="2026-09-23T15:01:06+02:00" level=info msg="language server log" line="!MESSAGE KONVEYOR_LOG: source-only analysis mode only scoping to Sources" provider=java
time="2026-09-23T15:01:06+02:00" level=info msg="language server log" line="!MESSAGE KONVEYOR_LOG: found errors: [] warnings: []" provider=java
time="2026-09-23T15:01:06+02:00" level=info msg="language server log" line="!MESSAGE KONVEYOR_LOG: pattern: TypeDeclarationPattern: qualification<com.sun.security>, type<auth*> TypeDeclarationPattern: pkg<*>, enclosing<*>, type<auth*>, pattern match, case insensitive, generic full match, fine grain: none | TypeReferencePattern: qualification<com.sun.security>, type<auth*>, pattern match, case insensitive, generic full match, fine grain: none" provider=java
time="2026-09-23T15:01:06+02:00" level=info msg="language server log" line="!MESSAGE KONVEYOR_LOG: pattern: TypeDeclarationPattern: qualification<java.security>, type<Certificate> TypeDeclarationPattern: pkg<*>, enclosing<*>, type<Certificate>, exact match, case sensitive, generic full match, fine grain: none | TypeReferencePattern: qualification<java.security>, type<Certificate>, exact match, case sensitive, generic full match, fine grain: none | TypeDeclarationPattern: qualification<java.security>, type<Identity> TypeDeclarationPattern: pkg<*>, enclosing<*>, type<Identity>, exact match, case sensitive, generic full match, fine grain: none | TypeReferencePattern: qualification<java.security>, type<Identity>, exact match, case sensitive, generic full match, fine grain: none | TypeDeclarationPattern: qualification<java.security>, type<IdentityScope> TypeDeclarationPattern: pkg<*>, enclosing<*>, type<IdentityScope>, exact match, case sensitive, generic full match, fine grain: none | TypeReferencePattern: qualification<java.security>, type<IdentityScope>, exact match, case sensitive, generic full match, fine grain: none | TypeDeclarationPattern: qualification<java.security>, type<Signer> TypeDeclarationPattern: pkg<*>, enclosing<*>, type<Signer>, exact match, case sensitive, generic full match, fine grain: none | TypeReferencePattern: qualification<java.security>, type<Signer>, exact match, case sensitive, generic full match, fine grain: none" provider=java
time="2026-09-23T15:01:06+02:00" level=info msg="Symbols retrieved" cap=referenced conditionInfo="{\"Referenced\":{\"Pattern\":\"java.security.(Certificate|Identity|IdentityScope|Signer)\",\"Location\":\"IMPORT\",\"annotated\":{\"pattern\":\"\"},\"Filepaths\":null}}" provider=java symbols=0
time="2026-09-23T15:01:06+02:00" level=info msg="Adding Carrier span info to context" worker=6
time="2026-09-23T15:01:06+02:00" level=info msg="rule returned" ruleID=java-10-deprecate-security-00002
time="2026-09-23T15:01:06+02:00" level=info msg="processed rule" logger=process-rule processed=189 ruleID=java-10-deprecate-security-00002 total=312
time="2026-09-23T15:01:06+02:00" level=info msg="language server log" line="!MESSAGE KONVEYOR_LOG: Got: 0 Number of search matching the query: \"java.security.(Certificate|Identity|IdentityScope|Signer)\" and location type: 8" provider=java
time="2026-09-23T15:01:06+02:00" level=info msg="language server log" line="!MESSAGE KONVEYOR_LOG: Results size: 0" provider=java
time="2026-09-23T15:01:06+02:00" level=info msg="Symbols retrieved" cap=referenced conditionInfo="{\"Referenced\":{\"Pattern\":\"java.lang.Runtime.getLocalizedInputStream\",\"Location\":\"METHOD_CALL\",\"annotated\":{\"pattern\":\"\"},\"Filepaths\":null}}" provider=java symbols=0
time="2026-09-23T15:01:06+02:00" level=info msg="language server log" line="!MESSAGE KONVEYOR_LOG: Got: 0 Number of search matching the query: \"java.lang.Runtime.getLocalizedInputStream\" and location type: 2" provider=java
time="2026-09-23T15:01:06+02:00" level=info msg="language server log" line="!MESSAGE KONVEYOR_LOG: Results size: 0" provider=java
time="2026-09-23T15:01:06+02:00" level=info msg="language server log" line="!MESSAGE KONVEYOR_LOG: Searching in target project: [Lorg.eclipse.jdt.core.IJavaProject;@3b9e0f44" provider=java
time="2026-09-23T15:01:06+02:00" level=info msg="language server log" line="!MESSAGE KONVEYOR_LOG: source-only analysis mode only scoping to Sources" provider=java
time="2026-09-23T15:01:06+02:00" level=info msg="language server log" line="!MESSAGE KONVEYOR_LOG: found errors: [] warnings: []" provider=java
time="2026-09-23T15:01:06+02:00" level=info msg="language server log" line="!MESSAGE KONVEYOR_LOG: pattern: TypeDeclarationPattern: qualification<java.security>, type<acl*> TypeDeclarationPattern: pkg<*>, enclosing<*>, type<acl*>, pattern match, case insensitive, generic full match, fine grain: none | TypeReferencePattern: qualification<java.security>, type<acl*>, pattern match, case insensitive, generic full match, fine grain: none" provider=java
time="2026-09-23T15:01:06+02:00" level=info msg="language server log" line="!MESSAGE KONVEYOR_LOG: Got: 0 Number of search matching the query: \"com.sun.security.auth*\" and location type: 8" provider=java
time="2026-09-23T15:01:06+02:00" level=info msg="language server log" line="!MESSAGE KONVEYOR_LOG: Results size: 0" provider=java
time="2026-09-23T15:01:06+02:00" level=info msg="language server log" line="!MESSAGE KONVEYOR_LOG: Searching in target project: [Lorg.eclipse.jdt.core.IJavaProject;@26a5b1c4" provider=java
time="2026-09-23T15:01:06+02:00" level=info msg="Symbols retrieved" cap=referenced conditionInfo="{\"Referenced\":{\"Pattern\":\"com.sun.security.auth*\",\"Location\":\"IMPORT\",\"annotated\":{\"pattern\":\"\"},\"Filepaths\":null}}" provider=java symbols=0
time="2026-09-23T15:01:06+02:00" level=info msg="Adding Carrier span info to context" worker=8
time="2026-09-23T15:01:06+02:00" level=info msg="language server log" line="!MESSAGE KONVEYOR_LOG: source-only analysis mode only scoping to Sources" provider=java
time="2026-09-23T15:01:06+02:00" level=info msg="language server log" line="!MESSAGE KONVEYOR_LOG: found errors: [] warnings: []" provider=java
time="2026-09-23T15:01:06+02:00" level=info msg="rule returned" ruleID=java-10-deprecate-security-00001
time="2026-09-23T15:01:06+02:00" level=info msg="processed rule" logger=process-rule processed=190 ruleID=java-10-deprecate-security-00001 total=312
time="2026-09-23T15:01:06+02:00" level=info msg="language server log" line="!MESSAGE KONVEYOR_LOG: pattern: MethodReferencePattern: java.lang.runtime.getlocalizedoutputstream(...), exact match, case insensitive, generic erasure match, fine grain: QUALIFIED_REFERENCE" provider=java
time="2026-09-23T15:01:06+02:00" level=info msg="Symbols retrieved" cap=referenced conditionInfo="{\"Referenced\":{\"Pattern\":\"java.security.acl*\",\"Location\":\"IMPORT\",\"annotated\":{\"pattern\":\"\"},\"Filepaths\":null}}" provider=java symbols=0
time="2026-09-23T15:01:06+02:00" level=info msg="Adding Carrier span info to context" worker=6
time="2026-09-23T15:01:06+02:00" level=info msg="rule returned" ruleID=java-10-deprecate-security-00003
time="2026-09-23T15:01:06+02:00" level=info msg="processed rule" logger=process-rule processed=191 ruleID=java-10-deprecate-security-00003 total=312
time="2026-09-23T15:01:06+02:00" level=info msg="Symbols retrieved" cap=referenced conditionInfo="{\"Referenced\":{\"Pattern\":\"javax.security.auth.Policy*\",\"Location\":\"IMPORT\",\"annotated\":{\"pattern\":\"\"},\"Filepaths\":null}}" provider=java symbols=0
time="2026-09-23T15:01:06+02:00" level=info msg="Adding Carrier span info to context" worker=8
time="2026-09-23T15:01:06+02:00" level=info msg="language server log" line="!MESSAGE KONVEYOR_LOG: Searching in target project: [Lorg.eclipse.jdt.core.IJavaProject;@4947550e" provider=java
time="2026-09-23T15:01:06+02:00" level=info msg="language server log" line="!MESSAGE KONVEYOR_LOG: source-only analysis mode only scoping to Sources" provider=java
time="2026-09-23T15:01:06+02:00" level=info msg="language server log" line="!MESSAGE KONVEYOR_LOG: found errors: [] warnings: []" provider=java
time="2026-09-23T15:01:06+02:00" level=info msg="language server log" line="!MESSAGE KONVEYOR_LOG: pattern: TypeDeclarationPattern: qualification<javax.security.auth>, type<policy*> TypeDeclarationPattern: pkg<*>, enclosing<*>, type<policy*>, pattern match, case insensitive, generic full match, fine grain: none | TypeReferencePattern: qualification<javax.security.auth>, type<policy*>, pattern match, case insensitive, generic full match, fine grain: none" provider=java
time="2026-09-23T15:01:06+02:00" level=info msg="language server log" line="!MESSAGE KONVEYOR_LOG: Got: 0 Number of search matching the query: \"java.security.acl*\" and location type: 8" provider=java
time="2026-09-23T15:01:06+02:00" level=info msg="language server log" line="!MESSAGE KONVEYOR_LOG: Results size: 0" provider=java
time="2026-09-23T15:01:06+02:00" level=info msg="language server log" line="!MESSAGE KONVEYOR_LOG: Got: 0 Number of search matching the query: \"javax.security.auth.Policy*\" and location type: 8" provider=java
time="2026-09-23T15:01:06+02:00" level=info msg="language server log" line="!MESSAGE KONVEYOR_LOG: Results size: 0" provider=java
time="2026-09-23T15:01:06+02:00" level=info msg="language server log" line="!MESSAGE KONVEYOR_LOG: Searching in target project: [Lorg.eclipse.jdt.core.IJavaProject;@2d66a5a9" provider=java
time="2026-09-23T15:01:06+02:00" level=info msg="language server log" line="!MESSAGE KONVEYOR_LOG: source-only analysis mode only scoping to Sources" provider=java
time="2026-09-23T15:01:06+02:00" level=info msg="language server log" line="!MESSAGE KONVEYOR_LOG: found errors: [] warnings: []" provider=java
time="2026-09-23T15:01:06+02:00" level=info msg="language server log" line="!MESSAGE KONVEYOR_LOG: pattern: TypeDeclarationPattern: qualification<com.sun.awt>, type<awtutilities*> TypeDeclarationPattern: pkg<*>, enclosing<*>, type<awtutilities*>, pattern match, case insensitive, generic full match, fine grain: none | TypeReferencePattern: qualification<com.sun.awt>, type<awtutilities*>, pattern match, case insensitive, generic full match, fine grain: none" provider=java
time="2026-09-23T15:01:06+02:00" level=info msg="rule returned" ruleID=java-10-deprecate-security-00004
time="2026-09-23T15:01:06+02:00" level=info msg="processed rule" logger=process-rule processed=192 ruleID=java-10-deprecate-security-00004 total=312
time="2026-09-23T15:01:06+02:00" level=info msg="language server log" line="!MESSAGE KONVEYOR_LOG: Got: 0 Number of search matching the query: \"com.sun.awt.AWTUtilities*\" and location type: 8" provider=java
time="2026-09-23T15:01:06+02:00" level=info msg="language server log" line="!MESSAGE KONVEYOR_LOG: Results size: 0" provider=java
time="2026-09-23T15:01:06+02:00" level=info msg="language server log" line="!MESSAGE KONVEYOR_LOG: Searching in target project: [Lorg.eclipse.jdt.core.IJavaProject;@5ca19c6e" provider=java
time="2026-09-23T15:01:06+02:00" level=info msg="language server log" line="!MESSAGE KONVEYOR_LOG: source-only analysis mode only scoping to Sources" provider=java
time="2026-09-23T15:01:06+02:00" level=info msg="language server log" line="!MESSAGE KONVEYOR_LOG: found errors: [] warnings: []" provider=java
time="2026-09-23T15:01:06+02:00" level=info msg="language server log" line="!MESSAGE KONVEYOR_LOG: pattern: PackageDeclarationPattern: <javax.activity*>, pattern match, case insensitive, generic full match, fine grain: none | PackageReferencePattern: <javax.activity*>, pattern match, case insensitive, generic full match, fine grain: none" provider=java
time="2026-09-23T15:01:06+02:00" level=info msg="Symbols retrieved" cap=referenced conditionInfo="{\"Referenced\":{\"Pattern\":\"com.sun.awt.AWTUtilities*\",\"Location\":\"IMPORT\",\"annotated\":{\"pattern\":\"\"},\"Filepaths\":null}}" provider=java symbols=0
time="2026-09-23T15:01:06+02:00" level=info msg="Adding Carrier span info to context" worker=6
time="2026-09-23T15:01:06+02:00" level=info msg="rule returned" ruleID=java-11-deprecate-awt-00000
time="2026-09-23T15:01:06+02:00" level=info msg="processed rule" logger=process-rule processed=193 ruleID=java-11-deprecate-awt-00000 total=312
time="2026-09-23T15:01:06+02:00" level=info msg="language server log" line="!MESSAGE KONVEYOR_LOG: Got: 0 Number of search matching the query: \"javax.activity*\" and location type: 11" provider=java
time="2026-09-23T15:01:06+02:00" level=info msg="language server log" line="!MESSAGE KONVEYOR_LOG: Results size: 0" provider=java
time="2026-09-23T15:01:06+02:00" level=info msg="Symbols retrieved" cap=referenced conditionInfo="{\"Referenced\":{\"Pattern\":\"javax.activity*\",\"Location\":\"PACKAGE\",\"annotated\":{\"pattern\":\"\"},\"Filepaths\":null}}" provider=java symbols=0
time="2026-09-23T15:01:06+02:00" level=info msg="language server log" line="!MESSAGE KONVEYOR_LOG: Searching in target project: [Lorg.eclipse.jdt.core.IJavaProject;@23eb208c" provider=java
time="2026-09-23T15:01:06+02:00" level=info msg="language server log" line="!MESSAGE KONVEYOR_LOG: source-only analysis mode only scoping to Sources" provider=java
time="2026-09-23T15:01:06+02:00" level=info msg="language server log" line="!MESSAGE KONVEYOR_LOG: found errors: [] warnings: []" provider=java
time="2026-09-23T15:01:06+02:00" level=info msg="language server log" line="!MESSAGE KONVEYOR_LOG: pattern: PackageDeclarationPattern: <javax.activation*>, pattern match, case insensitive, generic full match, fine grain: none | PackageReferencePattern: <javax.activation*>, pattern match, case insensitive, generic full match, fine grain: none" provider=java
time="2026-09-23T15:01:06+02:00" level=info msg="language server log" line="!MESSAGE KONVEYOR_LOG: Searching in target project: [Lorg.eclipse.jdt.core.IJavaProject;@38f13de5" provider=java
time="2026-09-23T15:01:06+02:00" level=info msg="language server log" line="!MESSAGE KONVEYOR_LOG: source-only analysis mode only scoping to Sources" provider=java
time="2026-09-23T15:01:06+02:00" level=info msg="language server log" line="!MESSAGE KONVEYOR_LOG: found errors: [] warnings: []" provider=java
time="2026-09-23T15:01:06+02:00" level=info msg="language server log" line="!MESSAGE KONVEYOR_LOG: pattern: PackageDeclarationPattern: <javax.rmi*>, pattern match, case insensitive, generic full match, fine grain: none | PackageReferencePattern: <javax.rmi*>, pattern match, case insensitive, generic full match, fine grain: none" provider=java
time="2026-09-23T15:01:06+02:00" level=info msg="language server log" line="!MESSAGE KONVEYOR_LOG: Got: 0 Number of search matching the query: \"javax.activation*\" and location type: 11" provider=java
time="2026-09-23T15:01:06+02:00" level=info msg="language server log" line="!MESSAGE KONVEYOR_LOG: Results size: 0" provider=java
time="2026-09-23T15:01:06+02:00" level=info msg="Symbols retrieved" cap=referenced conditionInfo="{\"Referenced\":{\"Pattern\":\"javax.activation*\",\"Location\":\"PACKAGE\",\"annotated\":{\"pattern\":\"\"},\"Filepaths\":null}}" provider=java symbols=0
time="2026-09-23T15:01:06+02:00" level=info msg="Adding Carrier span info to context" worker=6
time="2026-09-23T15:01:06+02:00" level=info msg="rule returned" ruleID=java-11-deprecate-javaee-00000
time="2026-09-23T15:01:06+02:00" level=info msg="processed rule" logger=process-rule processed=194 ruleID=java-11-deprecate-javaee-00000 total=312
time="2026-09-23T15:01:06+02:00" level=info msg="language server log" line="!MESSAGE KONVEYOR_LOG: Got: 0 Number of search matching the query: \"javax.rmi*\" and location type: 11" provider=java
time="2026-09-23T15:01:06+02:00" level=info msg="language server log" line="!MESSAGE KONVEYOR_LOG: Results size: 0" provider=java
time="2026-09-23T15:01:06+02:00" level=info msg="language server log" line="!MESSAGE KONVEYOR_LOG: Searching in target project: [Lorg.eclipse.jdt.core.IJavaProject;@f5824b3" provider=java
time="2026-09-23T15:01:06+02:00" level=info msg="Symbols retrieved" cap=referenced conditionInfo="{\"Referenced\":{\"Pattern\":\"javax.rmi*\",\"Location\":\"PACKAGE\",\"annotated\":{\"pattern\":\"\"},\"Filepaths\":null}}" provider=java symbols=0
time="2026-09-23T15:01:06+02:00" level=info msg="language server log" line="!MESSAGE KONVEYOR_LOG: source-only analysis mode only scoping to Sources" provider=java
time="2026-09-23T15:01:06+02:00" level=info msg="language server log" line="!MESSAGE KONVEYOR_LOG: found errors: [] warnings: []" provider=java
time="2026-09-23T15:01:06+02:00" level=info msg="language server log" line="!MESSAGE KONVEYOR_LOG: pattern: PackageDeclarationPattern: <javax.annotation*>, pattern match, case insensitive, generic full match, fine grain: none | PackageReferencePattern: <javax.annotation*>, pattern match, case insensitive, generic full match, fine grain: none" provider=java
time="2026-09-23T15:01:06+02:00" level=info msg="language server log" line="!MESSAGE KONVEYOR_LOG: Searching in target project: [Lorg.eclipse.jdt.core.IJavaProject;@77a72250" provider=java
time="2026-09-23T15:01:06+02:00" level=info msg="language server log" line="!MESSAGE KONVEYOR_LOG: source-only analysis mode only scoping to Sources" provider=java
time="2026-09-23T15:01:06+02:00" level=info msg="language server log" line="!MESSAGE KONVEYOR_LOG: found errors: [] warnings: []" provider=java
time="2026-09-23T15:01:06+02:00" level=info msg="language server log" line="!MESSAGE KONVEYOR_LOG: pattern: PackageDeclarationPattern: <com.sun.corba*>, pattern match, case insensitive, generic full match, fine grain: none | PackageReferencePattern: <com.sun.corba*>, pattern match, case insensitive, generic full match, fine grain: none" provider=java
time="2026-09-23T15:01:06+02:00" level=info msg="Symbols retrieved" cap=referenced conditionInfo="{\"Referenced\":{\"Pattern\":\"com.sun.corba*\",\"Location\":\"PACKAGE\",\"annotated\":{\"pattern\":\"\"},\"Filepaths\":null}}" provider=java symbols=0
time="2026-09-23T15:01:06+02:00" level=info msg="Adding Carrier span info to context" worker=8
time="2026-09-23T15:01:06+02:00" level=info msg="rule returned" ruleID=java-11-deprecate-corba-00000
time="2026-09-23T15:01:06+02:00" level=info msg="processed rule" logger=process-rule processed=195 ruleID=java-11-deprecate-corba-00000 total=312
time="2026-09-23T15:01:06+02:00" level=info msg="language server log" line="!MESSAGE KONVEYOR_LOG: Got: 0 Number of search matching the query: \"com.sun.corba*\" and location type: 11" provider=java
time="2026-09-23T15:01:06+02:00" level=info msg="language server log" line="!MESSAGE KONVEYOR_LOG: Results size: 0" provider=java
time="2026-09-23T15:01:06+02:00" level=info msg="language server log" line="!MESSAGE KONVEYOR_LOG: Searching in target project: [Lorg.eclipse.jdt.core.IJavaProject;@6f748ae0" provider=java
time="2026-09-23T15:01:06+02:00" level=info msg="language server log" line="!MESSAGE KONVEYOR_LOG: source-only analysis mode only scoping to Sources" provider=java
time="2026-09-23T15:01:06+02:00" level=info msg="language server log" line="!MESSAGE KONVEYOR_LOG: found errors: [] warnings: []" provider=java
time="2026-09-23T15:01:06+02:00" level=info msg="language server log" line="!MESSAGE KONVEYOR_LOG: pattern: TypeDeclarationPattern: qualification<java.util.jar>, type<Pack200> TypeDeclarationPattern: pkg<*>, enclosing<*>, type<Pack200>, exact match, case sensitive, generic full match, fine grain: none | TypeReferencePattern: qualification<java.util.jar>, type<Pack200>, exact match, case sensitive, generic full match, fine grain: none" provider=java
time="2026-09-23T15:01:06+02:00" level=info msg="language server log" line="!MESSAGE KONVEYOR_LOG: Got: 0 Number of search matching the query: \"java.util.jar.Pack200\" and location type: 8" provider=java
time="2026-09-23T15:01:06+02:00" level=info msg="language server log" line="!MESSAGE KONVEYOR_LOG: Results size: 0" provider=java
time="2026-09-23T15:01:06+02:00" level=info msg="Symbols retrieved" cap=referenced conditionInfo="{\"Referenced\":{\"Pattern\":\"java.util.jar.Pack200\",\"Location\":\"IMPORT\",\"annotated\":{\"pattern\":\"\"},\"Filepaths\":null}}" provider=java symbols=0
time="2026-09-23T15:01:06+02:00" level=info msg="Adding Carrier span info to context" worker=8
time="2026-09-23T15:01:06+02:00" level=info msg="rule returned" ruleID=java-11-deprecate-pack-00000
time="2026-09-23T15:01:06+02:00" level=info msg="processed rule" logger=process-rule processed=196 ruleID=java-11-deprecate-pack-00000 total=312
time="2026-09-23T15:01:06+02:00" level=info msg="Symbols retrieved" cap=referenced conditionInfo="{\"Referenced\":{\"Pattern\":\"javax.annotation*\",\"Location\":\"PACKAGE\",\"annotated\":{\"pattern\":\"\"},\"Filepaths\":null}}" provider=java symbols=0
time="2026-09-23T15:01:06+02:00" level=info msg="Adding Carrier span info to context" worker=6
time="2026-09-23T15:01:06+02:00" level=info msg="rule returned" ruleID=java-11-deprecate-javaee-00001
time="2026-09-23T15:01:06+02:00" level=info msg="processed rule" logger=process-rule processed=197 ruleID=java-11-deprecate-javaee-00001 total=312
time="2026-09-23T15:01:06+02:00" level=info msg="language server log" line="!MESSAGE KONVEYOR_LOG: Got: 0 Number of search matching the query: \"javax.annotation*\" and location type: 11" provider=java
time="2026-09-23T15:01:06+02:00" level=info msg="language server log" line="!MESSAGE KONVEYOR_LOG: Results size: 0" provider=java
time="2026-09-23T15:01:06+02:00" level=info msg="language server log" line="!MESSAGE KONVEYOR_LOG: Searching in target project: [Lorg.eclipse.jdt.core.IJavaProject;@3fe6398c" provider=java
time="2026-09-23T15:01:06+02:00" level=info msg="language server log" line="!MESSAGE KONVEYOR_LOG: source-only analysis mode only scoping to Sources" provider=java
time="2026-09-23T15:01:06+02:00" level=info msg="language server log" line="!MESSAGE KONVEYOR_LOG: found errors: [] warnings: []" provider=java
time="2026-09-23T15:01:06+02:00" level=info msg="language server log" line="!MESSAGE KONVEYOR_LOG: pattern: MethodReferencePattern: java.awt.font.getpeer(...), exact match, case insensitive, generic erasure match, fine grain: QUALIFIED_REFERENCE" provider=java
time="2026-09-23T15:01:06+02:00" level=info msg="language server log" line="!MESSAGE KONVEYOR_LOG: Got: 0 Number of search matching the query: \"java.lang.Runtime.getLocalizedOutputStream\" and location type: 2" provider=java
time="2026-09-23T15:01:06+02:00" level=info msg="language server log" line="!MESSAGE KONVEYOR_LOG: Results size: 0" provider=java
time="2026-09-23T15:01:06+02:00" level=info msg="Symbols retrieved" cap=referenced conditionInfo="{\"Referenced\":{\"Pattern\":\"java.lang.Runtime.getLocalizedOutputStream\",\"Location\":\"METHOD_CALL\",\"annotated\":{\"pattern\":\"\"},\"Filepaths\":null}}" provider=java symbols=0
time="2026-09-23T15:01:06+02:00" level=info msg="Adding Carrier span info to context" worker=5
time="2026-09-23T15:01:06+02:00" level=info msg="rule returned" ruleID=java-10-deprecate-runtime-00000
time="2026-09-23T15:01:06+02:00" level=info msg="processed rule" logger=process-rule processed=198 ruleID=java-10-deprecate-runtime-00000 total=312
time="2026-09-23T15:01:06+02:00" level=info msg="Adding Carrier span info to context" worker=5
time="2026-09-23T15:01:06+02:00" level=info msg="rule returned" ruleID=java-11-deprecate-property-00001
time="2026-09-23T15:01:06+02:00" level=info msg="processed rule" logger=process-rule processed=199 ruleID=java-11-deprecate-property-00001 total=312
time="2026-09-23T15:01:06+02:00" level=info msg="Adding Carrier span info to context" worker=6
time="2026-09-23T15:01:06+02:00" level=info msg="rule returned" ruleID=java-11-deprecate-property-00000
time="2026-09-23T15:01:06+02:00" level=info msg="processed rule" logger=process-rule processed=200 ruleID=java-11-deprecate-property-00000 total=312
time="2026-09-23T15:01:06+02:00" level=info msg="language server log" line="!MESSAGE KONVEYOR_LOG: Searching in target project: [Lorg.eclipse.jdt.core.IJavaProject;@4785692c" provider=java
time="2026-09-23T15:01:06+02:00" level=info msg="language server log" line="!MESSAGE KONVEYOR_LOG: source-only analysis mode only scoping to Sources" provider=java
time="2026-09-23T15:01:06+02:00" level=info msg="language server log" line="!MESSAGE KONVEYOR_LOG: found errors: [] warnings: []" provider=java
time="2026-09-23T15:01:06+02:00" level=info msg="language server log" line="!MESSAGE KONVEYOR_LOG: pattern: MethodReferencePattern: java.lang.securitymanager.checkawteventqueueaccess(...), exact match, case insensitive, generic erasure match, fine grain: QUALIFIED_REFERENCE | MethodReferencePattern: java.lang.securitymanager.checksystemclipboardaccess(...), exact match, case insensitive, generic erasure match, fine grain: QUALIFIED_REFERENCE | MethodReferencePattern: java.lang.securitymanager.checktoplevelwindow(...), exact match, case insensitive, generic erasure match, fine grain: QUALIFIED_REFERENCE" provider=java
time="2026-09-23T15:01:06+02:00" level=info msg="language server log" line="!MESSAGE KONVEYOR_LOG: Searching in target project: [Lorg.eclipse.jdt.core.IJavaProject;@598f1e2f" provider=java
time="2026-09-23T15:01:06+02:00" level=info msg="language server log" line="!MESSAGE KONVEYOR_LOG: source-only analysis mode only scoping to Sources" provider=java
time="2026-09-23T15:01:06+02:00" level=info msg="language server log" line="!MESSAGE KONVEYOR_LOG: found errors: [] warnings: []" provider=java
time="2026-09-23T15:01:06+02:00" level=info msg="language server log" line="!MESSAGE KONVEYOR_LOG: pattern: MethodReferencePattern: java.lang.securitymanager.checkmemberaccess(...), exact match, case insensitive, generic erasure match, fine grain: QUALIFIED_REFERENCE" provider=java
time="2026-09-23T15:01:06+02:00" level=info msg="Symbols retrieved" cap=referenced conditionInfo="{\"Referenced\":{\"Pattern\":\"java.lang.SecurityManager.checkMemberAccess\",\"Location\":\"METHOD_CALL\",\"annotated\":{\"pattern\":\"\"},\"Filepaths\":null}}" provider=java symbols=0
time="2026-09-23T15:01:06+02:00" level=info msg="Adding Carrier span info to context" worker=6
time="2026-09-23T15:01:06+02:00" level=info msg="rule returned" ruleID=java-11-deprecate-security-00001
time="2026-09-23T15:01:06+02:00" level=info msg="processed rule" logger=process-rule processed=201 ruleID=java-11-deprecate-security-00001 total=312
time="2026-09-23T15:01:06+02:00" level=info msg="language server log" line="!MESSAGE KONVEYOR_LOG: Got: 0 Number of search matching the query: \"java.lang.SecurityManager.checkMemberAccess\" and location type: 2" provider=java
time="2026-09-23T15:01:06+02:00" level=info msg="language server log" line="!MESSAGE KONVEYOR_LOG: Results size: 0" provider=java
time="2026-09-23T15:01:06+02:00" level=info msg="language server log" line="!MESSAGE KONVEYOR_LOG: Searching in target project: [Lorg.eclipse.jdt.core.IJavaProject;@b9d67dd" provider=java
time="2026-09-23T15:01:06+02:00" level=info msg="language server log" line="!MESSAGE KONVEYOR_LOG: source-only analysis mode only scoping to Sources" provider=java
time="2026-09-23T15:01:06+02:00" level=info msg="language server log" line="!MESSAGE KONVEYOR_LOG: found errors: [] warnings: []" provider=java
time="2026-09-23T15:01:06+02:00" level=info msg="language server log" line="!MESSAGE KONVEYOR_LOG: pattern: MethodReferencePattern: org.ietf.jgss.gsscontext.initseccontext(...), exact match, case insensitive, generic erasure match, fine grain: QUALIFIED_REFERENCE" provider=java
time="2026-09-23T15:01:06+02:00" level=info msg="language server log" line="!MESSAGE KONVEYOR_LOG: Got: 0 Number of search matching the query: \"java.awt.Font.getPeer\" and location type: 2" provider=java
time="2026-09-23T15:01:06+02:00" level=info msg="language server log" line="!MESSAGE KONVEYOR_LOG: Results size: 0" provider=java
time="2026-09-23T15:01:06+02:00" level=info msg="Symbols retrieved" cap=referenced conditionInfo="{\"Referenced\":{\"Pattern\":\"java.awt.Font.getPeer\",\"Location\":\"METHOD_CALL\",\"annotated\":{\"pattern\":\"\"},\"Filepaths\":null}}" provider=java symbols=0
time="2026-09-23T15:01:06+02:00" level=info msg="language server log" line="!MESSAGE KONVEYOR_LOG: Searching in target project: [Lorg.eclipse.jdt.core.IJavaProject;@45f391bc" provider=java
time="2026-09-23T15:01:06+02:00" level=info msg="language server log" line="!MESSAGE KONVEYOR_LOG: source-only analysis mode only scoping to Sources" provider=java
time="2026-09-23T15:01:06+02:00" level=info msg="language server log" line="!MESSAGE KONVEYOR_LOG: found errors: [] warnings: []" provider=java
time="2026-09-23T15:01:06+02:00" level=info msg="language server log" line="!MESSAGE KONVEYOR_LOG: pattern: MethodReferencePattern: java.awt.component.getpeer(...), exact match, case insensitive, generic erasure match, fine grain: QUALIFIED_REFERENCE" provider=java
time="2026-09-23T15:01:06+02:00" level=info msg="language server log" line="!MESSAGE KONVEYOR_LOG: Got: 0 Number of search matching the query: \"org.ietf.jgss.GSSContext.initSecContext\" and location type: 2" provider=java
time="2026-09-23T15:01:06+02:00" level=info msg="language server log" line="!MESSAGE KONVEYOR_LOG: Results size: 0" provider=java
time="2026-09-23T15:01:06+02:00" level=info msg="Symbols retrieved" cap=referenced conditionInfo="{\"Referenced\":{\"Pattern\":\"org.ietf.jgss.GSSContext.initSecContext\",\"Location\":\"METHOD_CALL\",\"annotated\":{\"pattern\":\"\"},\"Filepaths\":null}}" provider=java symbols=0
time="2026-09-23T15:01:06+02:00" level=info msg="language server log" line="!MESSAGE KONVEYOR_LOG: Searching in target project: [Lorg.eclipse.jdt.core.IJavaProject;@609c879f" provider=java
time="2026-09-23T15:01:06+02:00" level=info msg="language server log" line="!MESSAGE KONVEYOR_LOG: source-only analysis mode only scoping to Sources" provider=java
time="2026-09-23T15:01:06+02:00" level=info msg="language server log" line="!MESSAGE KONVEYOR_LOG: found errors: [] warnings: []" provider=java
time="2026-09-23T15:01:06+02:00" level=info msg="language server log" line="!MESSAGE KONVEYOR_LOG: pattern: MethodReferencePattern: org.ietf.jgss.gsscontext.acceptseccontext(...), exact match, case insensitive, generic erasure match, fine grain: QUALIFIED_REFERENCE" provider=java
time="2026-09-23T15:01:06+02:00" level=info msg="Symbols retrieved" cap=referenced conditionInfo="{\"Referenced\":{\"Pattern\":\"java.awt.Component.getPeer\",\"Location\":\"METHOD_CALL\",\"annotated\":{\"pattern\":\"\"},\"Filepaths\":null}}" provider=java symbols=0
time="2026-09-23T15:01:06+02:00" level=info msg="Adding Carrier span info to context" worker=8
time="2026-09-23T15:01:06+02:00" level=info msg="rule returned" ruleID=java-11-deprecate-peer-00000
time="2026-09-23T15:01:06+02:00" level=info msg="processed rule" logger=process-rule processed=202 ruleID=java-11-deprecate-peer-00000 total=312
time="2026-09-23T15:01:06+02:00" level=info msg="language server log" line="!MESSAGE KONVEYOR_LOG: Got: 0 Number of search matching the query: \"java.awt.Component.getPeer\" and location type: 2" provider=java
time="2026-09-23T15:01:06+02:00" level=info msg="language server log" line="!MESSAGE KONVEYOR_LOG: Results size: 0" provider=java
time="2026-09-23T15:01:06+02:00" level=info msg="language server log" line="!MESSAGE KONVEYOR_LOG: Searching in target project: [Lorg.eclipse.jdt.core.IJavaProject;@5e020cf8" provider=java
time="2026-09-23T15:01:06+02:00" level=info msg="language server log" line="!MESSAGE KONVEYOR_LOG: source-only analysis mode only scoping to Sources" provider=java
time="2026-09-23T15:01:06+02:00" level=info msg="language server log" line="!MESSAGE KONVEYOR_LOG: found errors: [] warnings: []" provider=java
time="2026-09-23T15:01:06+02:00" level=info msg="language server log" line="!MESSAGE KONVEYOR_LOG: pattern: MethodReferencePattern: java.lang.thread.stop(...), exact match, case insensitive, generic erasure match, fine grain: QUALIFIED_REFERENCE" provider=java
time="2026-09-23T15:01:06+02:00" level=info msg="language server log" line="!MESSAGE KONVEYOR_LOG: Got: 0 Number of search matching the query: \"org.ietf.jgss.GSSContext.acceptSecContext\" and location type: 2" provider=java
time="2026-09-23T15:01:06+02:00" level=info msg="language server log" line="!MESSAGE KONVEYOR_LOG: Results size: 0" provider=java
time="2026-09-23T15:01:06+02:00" level=info msg="Symbols retrieved" cap=referenced conditionInfo="{\"Referenced\":{\"Pattern\":\"org.ietf.jgss.GSSContext.acceptSecContext\",\"Location\":\"METHOD_CALL\",\"annotated\":{\"pattern\":\"\"},\"Filepaths\":null}}" provider=java symbols=0
time="2026-09-23T15:01:06+02:00" level=info msg="language server log" line="!MESSAGE KONVEYOR_LOG: Got: 0 Number of search matching the query: \"java.lang.Thread.stop\" and location type: 2" provider=java
time="2026-09-23T15:01:06+02:00" level=info msg="language server log" line="!MESSAGE KONVEYOR_LOG: Results size: 0" provider=java
time="2026-09-23T15:01:06+02:00" level=info msg="Symbols retrieved" cap=referenced conditionInfo="{\"Referenced\":{\"Pattern\":\"java.lang.Thread.stop\",\"Location\":\"METHOD_CALL\",\"annotated\":{\"pattern\":\"\"},\"Filepaths\":null}}" provider=java symbols=0
time="2026-09-23T15:01:06+02:00" level=info msg="language server log" line="!MESSAGE KONVEYOR_LOG: Got: 0 Number of search matching the query: \"java.lang.SecurityManager.(checkAwtEventQueueAccess|checkSystemClipboardAccess|checkTopLevelWindow)\" and location type: 2" provider=java
time="2026-09-23T15:01:06+02:00" level=info msg="language server log" line="!MESSAGE KONVEYOR_LOG: Results size: 0" provider=java
time="2026-09-23T15:01:06+02:00" level=info msg="language server log" line="!MESSAGE KONVEYOR_LOG: Searching in target project: [Lorg.eclipse.jdt.core.IJavaProject;@198d0fbc" provider=java
time="2026-09-23T15:01:06+02:00" level=info msg="language server log" line="!MESSAGE KONVEYOR_LOG: source-only analysis mode only scoping to Sources" provider=java
time="2026-09-23T15:01:06+02:00" level=info msg="language server log" line="!MESSAGE KONVEYOR_LOG: found errors: [] warnings: []" provider=java
time="2026-09-23T15:01:06+02:00" level=info msg="Symbols retrieved" cap=referenced conditionInfo="{\"Referenced\":{\"Pattern\":\"java.lang.SecurityManager.(checkAwtEventQueueAccess|checkSystemClipboardAccess|checkTopLevelWindow)\",\"Location\":\"METHOD_CALL\",\"annotated\":{\"pattern\":\"\"},\"Filepaths\":null}}" provider=java symbols=0
time="2026-09-23T15:01:06+02:00" level=info msg="Adding Carrier span info to context" worker=5
time="2026-09-23T15:01:06+02:00" level=info msg="rule returned" ruleID=java-11-deprecate-security-00000
time="2026-09-23T15:01:06+02:00" level=info msg="processed rule" logger=process-rule processed=203 ruleID=java-11-deprecate-security-00000 total=312
time="2026-09-23T15:01:06+02:00" level=info msg="language server log" line="!MESSAGE KONVEYOR_LOG: pattern: MethodReferencePattern: org.ietf.jgss.gsscontext.wrap(...), exact match, case insensitive, generic erasure match, fine grain: QUALIFIED_REFERENCE" provider=java
time="2026-09-23T15:01:06+02:00" level=info msg="language server log" line="!MESSAGE KONVEYOR_LOG: Searching in target project: [Lorg.eclipse.jdt.core.IJavaProject;@5c696e86" provider=java
time="2026-09-23T15:01:06+02:00" level=info msg="language server log" line="!MESSAGE KONVEYOR_LOG: source-only analysis mode only scoping to Sources" provider=java
time="2026-09-23T15:01:06+02:00" level=info msg="language server log" line="!MESSAGE KONVEYOR_LOG: found errors: [] warnings: []" provider=java
time="2026-09-23T15:01:06+02:00" level=info msg="language server log" line="!MESSAGE KONVEYOR_LOG: pattern: MethodReferencePattern: java.lang.thread.destroy(...), exact match, case insensitive, generic erasure match, fine grain: QUALIFIED_REFERENCE" provider=java
time="2026-09-23T15:01:06+02:00" level=info msg="language server log" line="!MESSAGE KONVEYOR_LOG: Searching in target project: [Lorg.eclipse.jdt.core.IJavaProject;@7e9c8653" provider=java
time="2026-09-23T15:01:06+02:00" level=info msg="language server log" line="!MESSAGE KONVEYOR_LOG: source-only analysis mode only scoping to Sources" provider=java
time="2026-09-23T15:01:06+02:00" level=info msg="language server log" line="!MESSAGE KONVEYOR_LOG: found errors: [] warnings: []" provider=java
time="2026-09-23T15:01:06+02:00" level=info msg="language server log" line="!MESSAGE KONVEYOR_LOG: pattern: MethodReferencePattern: sun.misc.unsafe.defineclass(...), exact match, case insensitive, generic erasure match, fine grain: QUALIFIED_REFERENCE" provider=java
time="2026-09-23T15:01:06+02:00" level=info msg="Symbols retrieved" cap=referenced conditionInfo="{\"Referenced\":{\"Pattern\":\"org.ietf.jgss.GSSContext.wrap\",\"Location\":\"METHOD_CALL\",\"annotated\":{\"pattern\":\"\"},\"Filepaths\":null}}" provider=java symbols=0
time="2026-09-23T15:01:06+02:00" level=info msg="language server log" line="!MESSAGE KONVEYOR_LOG: Got: 0 Number of search matching the query: \"org.ietf.jgss.GSSContext.wrap\" and location type: 2" provider=java
time="2026-09-23T15:01:06+02:00" level=info msg="language server log" line="!MESSAGE KONVEYOR_LOG: Results size: 0" provider=java
time="2026-09-23T15:01:06+02:00" level=info msg="language server log" line="!MESSAGE KONVEYOR_LOG: Searching in target project: [Lorg.eclipse.jdt.core.IJavaProject;@697c243e" provider=java
time="2026-09-23T15:01:06+02:00" level=info msg="language server log" line="!MESSAGE KONVEYOR_LOG: source-only analysis mode only scoping to Sources" provider=java
time="2026-09-23T15:01:06+02:00" level=info msg="language server log" line="!MESSAGE KONVEYOR_LOG: found errors: [] warnings: []" provider=java
time="2026-09-23T15:01:06+02:00" level=info msg="language server log" line="!MESSAGE KONVEYOR_LOG: pattern: MethodReferencePattern: org.ietf.jgss.gsscontext.unwrap(...), exact match, case insensitive, generic erasure match, fine grain: QUALIFIED_REFERENCE" provider=java
time="2026-09-23T15:01:06+02:00" level=info msg="Symbols retrieved" cap=referenced conditionInfo="{\"Referenced\":{\"Pattern\":\"java.lang.Thread.destroy\",\"Location\":\"METHOD_CALL\",\"annotated\":{\"pattern\":\"\"},\"Filepaths\":null}}" provider=java symbols=0
time="2026-09-23T15:01:06+02:00" level=info msg="Adding Carrier span info to context" worker=8
time="2026-09-23T15:01:06+02:00" level=info msg="Symbols retrieved" cap=referenced conditionInfo="{\"Referenced\":{\"Pattern\":\"java.lang.SecurityManager.(getInCheck|classDepth|classLoaderDepth|currentClassLoader|currentLoadedClass|inClass|inClassLoader)\",\"Location\":\"METHOD_CALL\",\"annotated\":{\"pattern\":\"\"},\"Filepaths\":null}}" provider=java symbols=0
time="2026-09-23T15:01:06+02:00" level=info msg="rule returned" ruleID=java-11-deprecate-thread-00000
time="2026-09-23T15:01:06+02:00" level=info msg="processed rule" logger=process-rule processed=204 ruleID=java-11-deprecate-thread-00000 total=312
time="2026-09-23T15:01:06+02:00" level=info msg="rule returned" ruleID=java-10-deprecate-security-00000
time="2026-09-23T15:01:06+02:00" level=info msg="processed rule" logger=process-rule processed=205 ruleID=java-10-deprecate-security-00000 total=312
time="2026-09-23T15:01:06+02:00" level=info msg="Adding Carrier span info to context" worker=4
time="2026-09-23T15:01:06+02:00" level=info msg="language server log" line="!MESSAGE KONVEYOR_LOG: Got: 0 Number of search matching the query: \"java.lang.SecurityManager.(getInCheck|classDepth|classLoaderDepth|currentClassLoader|currentLoadedClass|inClass|inClassLoader)\" and location type: 2" provider=java
time="2026-09-23T15:01:06+02:00" level=info msg="language server log" line="!MESSAGE KONVEYOR_LOG: Results size: 0" provider=java
time="2026-09-23T15:01:06+02:00" level=info msg="language server log" line="!MESSAGE KONVEYOR_LOG: Got: 0 Number of search matching the query: \"java.lang.Thread.destroy\" and location type: 2" provider=java
time="2026-09-23T15:01:06+02:00" level=info msg="language server log" line="!MESSAGE KONVEYOR_LOG: Results size: 0" provider=java
time="2026-09-23T15:01:06+02:00" level=info msg="language server log" line="!MESSAGE KONVEYOR_LOG: Searching in target project: [Lorg.eclipse.jdt.core.IJavaProject;@4462a3bb" provider=java
time="2026-09-23T15:01:06+02:00" level=info msg="language server log" line="!MESSAGE KONVEYOR_LOG: source-only analysis mode only scoping to Sources" provider=java
time="2026-09-23T15:01:06+02:00" level=info msg="language server log" line="!MESSAGE KONVEYOR_LOG: found errors: [] warnings: []" provider=java
time="2026-09-23T15:01:06+02:00" level=info msg="language server log" line="!MESSAGE KONVEYOR_LOG: pattern: TypeDeclarationPattern: qualification<sun.misc>, type<unsafe*> TypeDeclarationPattern: pkg<*>, enclosing<*>, type<unsafe*>, pattern match, case insensitive, generic full match, fine grain: none | TypeReferencePattern: qualification<sun.misc>, type<unsafe*>, pattern match, case insensitive, generic full match, fine grain: none" provider=java
time="2026-09-23T15:01:06+02:00" level=info msg="language server log" line="!MESSAGE KONVEYOR_LOG: Searching in target project: [Lorg.eclipse.jdt.core.IJavaProject;@6a15a328" provider=java
time="2026-09-23T15:01:06+02:00" level=info msg="language server log" line="!MESSAGE KONVEYOR_LOG: source-only analysis mode only scoping to Sources" provider=java
time="2026-09-23T15:01:06+02:00" level=info msg="language server log" line="!MESSAGE KONVEYOR_LOG: found errors: [] warnings: []" provider=java
time="2026-09-23T15:01:06+02:00" level=info msg="language server log" line="!MESSAGE KONVEYOR_LOG: Got: 0 Number of search matching the query: \"sun.misc.Unsafe*\" and location type: 8" provider=java
time="2026-09-23T15:01:06+02:00" level=info msg="language server log" line="!MESSAGE KONVEYOR_LOG: Results size: 0" provider=java
time="2026-09-23T15:01:06+02:00" level=info msg="Symbols retrieved" cap=referenced conditionInfo="{\"Referenced\":{\"Pattern\":\"sun.misc.Unsafe*\",\"Location\":\"IMPORT\",\"annotated\":{\"pattern\":\"\"},\"Filepaths\":null}}" provider=java symbols=0
time="2026-09-23T15:01:06+02:00" level=info msg="Adding Carrier span info to context" worker=8
time="2026-09-23T15:01:06+02:00" level=info msg="language server log" line="!MESSAGE KONVEYOR_LOG: pattern: TypeDeclarationPattern: qualification<sun.misc>, type<base64encoder*> TypeDeclarationPattern: pkg<*>, enclosing<*>, type<base64encoder*>, pattern match, case insensitive, generic full match, fine grain: none | TypeReferencePattern: qualification<sun.misc>, type<base64encoder*>, pattern match, case insensitive, generic full match, fine grain: none" provider=java
time="2026-09-23T15:01:06+02:00" level=info msg="language server log" line="!MESSAGE KONVEYOR_LOG: Got: 0 Number of search matching the query: \"sun.misc.BASE64Encoder*\" and location type: 8" provider=java
time="2026-09-23T15:01:06+02:00" level=info msg="Symbols retrieved" cap=referenced conditionInfo="{\"Referenced\":{\"Pattern\":\"sun.misc.BASE64Encoder*\",\"Location\":\"IMPORT\",\"annotated\":{\"pattern\":\"\"},\"Filepaths\":null}}" provider=java symbols=0
time="2026-09-23T15:01:06+02:00" level=info msg="language server log" line="!MESSAGE KONVEYOR_LOG: Results size: 0" provider=java
time="2026-09-23T15:01:06+02:00" level=info msg="language server log" line="!MESSAGE KONVEYOR_LOG: Searching in target project: [Lorg.eclipse.jdt.core.IJavaProject;@3453af03" provider=java
time="2026-09-23T15:01:06+02:00" level=info msg="language server log" line="!MESSAGE KONVEYOR_LOG: source-only analysis mode only scoping to Sources" provider=java
time="2026-09-23T15:01:06+02:00" level=info msg="language server log" line="!MESSAGE KONVEYOR_LOG: found errors: [] warnings: []" provider=java
time="2026-09-23T15:01:06+02:00" level=info msg="rule returned" ruleID=java-11-deprecate-unsafe-00001
time="2026-09-23T15:01:06+02:00" level=info msg="processed rule" logger=process-rule processed=206 ruleID=java-11-deprecate-unsafe-00001 total=312
time="2026-09-23T15:01:06+02:00" level=info msg="Symbols retrieved" cap=referenced conditionInfo="{\"Referenced\":{\"Pattern\":\"sun.misc.BASE64Decoder*\",\"Location\":\"IMPORT\",\"annotated\":{\"pattern\":\"\"},\"Filepaths\":null}}" provider=java symbols=0
time="2026-09-23T15:01:06+02:00" level=info msg="Adding Carrier span info to context" worker=4
time="2026-09-23T15:01:06+02:00" level=info msg="Symbols retrieved" cap=referenced conditionInfo="{\"Referenced\":{\"Pattern\":\"sun.misc.Unsafe.defineClass\",\"Location\":\"METHOD_CALL\",\"annotated\":{\"pattern\":\"\"},\"Filepaths\":null}}" provider=java symbols=0
time="2026-09-23T15:01:06+02:00" level=info msg="language server log" line="!MESSAGE KONVEYOR_LOG: pattern: TypeDeclarationPattern: qualification<sun.misc>, type<base64decoder*> TypeDeclarationPattern: pkg<*>, enclosing<*>, type<base64decoder*>, pattern match, case insensitive, generic full match, fine grain: none | TypeReferencePattern: qualification<sun.misc>, type<base64decoder*>, pattern match, case insensitive, generic full match, fine grain: none" provider=java
time="2026-09-23T15:01:06+02:00" level=info msg="language server log" line="!MESSAGE KONVEYOR_LOG: Got: 0 Number of search matching the query: \"org.ietf.jgss.GSSContext.unwrap\" and location type: 2" provider=java
time="2026-09-23T15:01:06+02:00" level=info msg="language server log" line="!MESSAGE KONVEYOR_LOG: Results size: 0" provider=java
time="2026-09-23T15:01:06+02:00" level=info msg="language server log" line="!MESSAGE KONVEYOR_LOG: Got: 0 Number of search matching the query: \"sun.misc.BASE64Decoder*\" and location type: 8" provider=java
time="2026-09-23T15:01:06+02:00" level=info msg="language server log" line="!MESSAGE KONVEYOR_LOG: Results size: 0" provider=java
time="2026-09-23T15:01:06+02:00" level=info msg="language server log" line="!MESSAGE KONVEYOR_LOG: Got: 0 Number of search matching the query: \"sun.misc.Unsafe.defineClass\" and location type: 2" provider=java
time="2026-09-23T15:01:06+02:00" level=info msg="language server log" line="!MESSAGE KONVEYOR_LOG: Results size: 0" provider=java
time="2026-09-23T15:01:06+02:00" level=info msg="Symbols retrieved" cap=referenced conditionInfo="{\"Referenced\":{\"Pattern\":\"org.ietf.jgss.GSSContext.unwrap\",\"Location\":\"METHOD_CALL\",\"annotated\":{\"pattern\":\"\"},\"Filepaths\":null}}" provider=java symbols=0
time="2026-09-23T15:01:06+02:00" level=info msg="rule returned" ruleID=java-removals-00000
time="2026-09-23T15:01:06+02:00" level=info msg="processed rule" logger=process-rule processed=207 ruleID=java-removals-00000 total=312
time="2026-09-23T15:01:06+02:00" level=info msg="rule returned" ruleID=java-11-deprecate-unsafe-00000
time="2026-09-23T15:01:06+02:00" level=info msg="processed rule" logger=process-rule processed=208 ruleID=java-11-deprecate-unsafe-00000 total=312
time="2026-09-23T15:01:06+02:00" level=info msg="Adding Carrier span info to context" worker=5
time="2026-09-23T15:01:06+02:00" level=info msg="language server log" line="!MESSAGE KONVEYOR_LOG: Searching in target project: [Lorg.eclipse.jdt.core.IJavaProject;@1ae0f33a" provider=java
time="2026-09-23T15:01:06+02:00" level=info msg="language server log" line="!MESSAGE KONVEYOR_LOG: source-only analysis mode only scoping to Sources" provider=java
time="2026-09-23T15:01:06+02:00" level=info msg="language server log" line="!MESSAGE KONVEYOR_LOG: found errors: [] warnings: []" provider=java
time="2026-09-23T15:01:06+02:00" level=info msg="language server log" line="!MESSAGE KONVEYOR_LOG: pattern: MethodReferencePattern: runfinalizersonexit(...), exact match, case insensitive, generic erasure match, fine grain: none" provider=java
time="2026-09-23T15:01:06+02:00" level=info msg="language server log" line="!MESSAGE KONVEYOR_LOG: Got: 0 Number of search matching the query: \"runFinalizersOnExit\" and location type: 2" provider=java
time="2026-09-23T15:01:06+02:00" level=info msg="language server log" line="!MESSAGE KONVEYOR_LOG: Results size: 0" provider=java
time="2026-09-23T15:01:06+02:00" level=info msg="Symbols retrieved" cap=referenced conditionInfo="{\"Referenced\":{\"Pattern\":\"runFinalizersOnExit\",\"Location\":\"METHOD_CALL\",\"annotated\":{\"pattern\":\"\"},\"Filepaths\":null}}" provider=java symbols=0
time="2026-09-23T15:01:06+02:00" level=info msg="Adding Carrier span info to context" worker=8
time="2026-09-23T15:01:06+02:00" level=info msg="rule returned" ruleID=java-removals-00010
time="2026-09-23T15:01:06+02:00" level=info msg="processed rule" logger=process-rule processed=209 ruleID=java-removals-00010 total=312
time="2026-09-23T15:01:06+02:00" level=info msg="language server log" line="!MESSAGE KONVEYOR_LOG: Searching in target project: [Lorg.eclipse.jdt.core.IJavaProject;@7c590a70" provider=java
time="2026-09-23T15:01:06+02:00" level=info msg="language server log" line="!MESSAGE KONVEYOR_LOG: source-only analysis mode only scoping to Sources" provider=java
time="2026-09-23T15:01:06+02:00" level=info msg="language server log" line="!MESSAGE KONVEYOR_LOG: found errors: [] warnings: []" provider=java
time="2026-09-23T15:01:06+02:00" level=info msg="language server log" line="!MESSAGE KONVEYOR_LOG: pattern: TypeDeclarationPattern: qualification<com.sun.java.browser.plugin2>, type<dom*> TypeDeclarationPattern: pkg<*>, enclosing<*>, type<dom*>, pattern match, case insensitive, generic full match, fine grain: none | TypeReferencePattern: qualification<com.sun.java.browser.plugin2>, type<dom*>, pattern match, case insensitive, generic full match, fine grain: none" provider=java
time="2026-09-23T15:01:06+02:00" level=info msg="language server log" line="!MESSAGE KONVEYOR_LOG: Searching in target project: [Lorg.eclipse.jdt.core.IJavaProject;@444eb5ba" provider=java
time="2026-09-23T15:01:06+02:00" level=info msg="language server log" line="!MESSAGE KONVEYOR_LOG: source-only analysis mode only scoping to Sources" provider=java
time="2026-09-23T15:01:06+02:00" level=info msg="language server log" line="!MESSAGE KONVEYOR_LOG: Searching in target project: [Lorg.eclipse.jdt.core.IJavaProject;@76c02543" provider=java
time="2026-09-23T15:01:06+02:00" level=info msg="language server log" line="!MESSAGE KONVEYOR_LOG: found errors: [] warnings: []" provider=java
time="2026-09-23T15:01:06+02:00" level=info msg="language server log" line="!MESSAGE KONVEYOR_LOG: Got: 0 Number of search matching the query: \"com.sun.java.browser.plugin2.DOM*\" and location type: 8" provider=java
time="2026-09-23T15:01:06+02:00" level=info msg="language server log" line="!MESSAGE KONVEYOR_LOG: source-only analysis mode only scoping to Sources" provider=java
time="2026-09-23T15:01:06+02:00" level=info msg="language server log" line="!MESSAGE KONVEYOR_LOG: pattern: TypeDeclarationPattern: qualification<javafx.scene>, type<*builder> TypeDeclarationPattern: pkg<*>, enclosing<*>, type<*builder>, pattern match, case insensitive, generic full match, fine grain: none | TypeReferencePattern: qualification<javafx.scene>, type<*builder>, pattern match, case insensitive, generic full match, fine grain: none" provider=java
time="2026-09-23T15:01:06+02:00" level=info msg="language server log" line="!MESSAGE KONVEYOR_LOG: Results size: 0" provider=java
time="2026-09-23T15:01:06+02:00" level=info msg="language server log" line="!MESSAGE KONVEYOR_LOG: found errors: [] warnings: []" provider=java
time="2026-09-23T15:01:06+02:00" level=info msg="Symbols retrieved" cap=referenced conditionInfo="{\"Referenced\":{\"Pattern\":\"com.sun.java.browser.plugin2.DOM*\",\"Location\":\"IMPORT\",\"annotated\":{\"pattern\":\"\"},\"Filepaths\":null}}" provider=java symbols=0
time="2026-09-23T15:01:06+02:00" level=info msg="language server log" line="!MESSAGE KONVEYOR_LOG: Got: 0 Number of search matching the query: \"javafx.scene.*Builder\" and location type: 8" provider=java
time="2026-09-23T15:01:06+02:00" level=info msg="language server log" line="!MESSAGE KONVEYOR_LOG: Results size: 0" provider=java
time="2026-09-23T15:01:06+02:00" level=info msg="language server log" line="!MESSAGE KONVEYOR_LOG: pattern: MethodReferencePattern: org.ietf.jgss.gsscontext.getmic(...), exact match, case insensitive, generic erasure match, fine grain: QUALIFIED_REFERENCE" provider=java
time="2026-09-23T15:01:06+02:00" level=info msg="Symbols retrieved" cap=referenced conditionInfo="{\"Referenced\":{\"Pattern\":\"javafx.scene.*Builder\",\"Location\":\"IMPORT\",\"annotated\":{\"pattern\":\"\"},\"Filepaths\":null}}" provider=java symbols=0
time="2026-09-23T15:01:06+02:00" level=info msg="Adding Carrier span info to context" worker=8
time="2026-09-23T15:01:06+02:00" level=info msg="rule returned" ruleID=java-9-deprecate-javafx-00000
time="2026-09-23T15:01:06+02:00" level=info msg="processed rule" logger=process-rule processed=210 ruleID=java-9-deprecate-javafx-00000 total=312
time="2026-09-23T15:01:06+02:00" level=info msg="Symbols retrieved" cap=referenced conditionInfo="{\"Referenced\":{\"Pattern\":\"sun.plugin.dom.DOMObject*\",\"Location\":\"IMPORT\",\"annotated\":{\"pattern\":\"\"},\"Filepaths\":null}}" provider=java symbols=0
time="2026-09-23T15:01:06+02:00" level=info msg="Adding Carrier span info to context" worker=5
time="2026-09-23T15:01:06+02:00" level=info msg="rule returned" ruleID=java-9-deprecate-dom-00000
time="2026-09-23T15:01:06+02:00" level=info msg="processed rule" logger=process-rule processed=211 ruleID=java-9-deprecate-dom-00000 total=312
time="2026-09-23T15:01:06+02:00" level=info msg="language server log" line="!MESSAGE KONVEYOR_LOG: Searching in target project: [Lorg.eclipse.jdt.core.IJavaProject;@73b2e978" provider=java
time="2026-09-23T15:01:06+02:00" level=info msg="language server log" line="!MESSAGE KONVEYOR_LOG: source-only analysis mode only scoping to Sources" provider=java
time="2026-09-23T15:01:06+02:00" level=info msg="language server log" line="!MESSAGE KONVEYOR_LOG: found errors: [] warnings: []" provider=java
time="2026-09-23T15:01:06+02:00" level=info msg="language server log" line="!MESSAGE KONVEYOR_LOG: pattern: TypeDeclarationPattern: qualification<sun.plugin.dom>, type<domobject*> TypeDeclarationPattern: pkg<*>, enclosing<*>, type<domobject*>, pattern match, case insensitive, generic full match, fine grain: none | TypeReferencePattern: qualification<sun.plugin.dom>, type<domobject*>, pattern match, case insensitive, generic full match, fine grain: none" provider=java
time="2026-09-23T15:01:06+02:00" level=info msg="language server log" line="!MESSAGE KONVEYOR_LOG: Got: 0 Number of search matching the query: \"sun.plugin.dom.DOMObject*\" and location type: 8" provider=java
time="2026-09-23T15:01:06+02:00" level=info msg="language server log" line="!MESSAGE KONVEYOR_LOG: Results size: 0" provider=java
time="2026-09-23T15:01:06+02:00" level=info msg="language server log" line="!MESSAGE KONVEYOR_LOG: Searching in target project: [Lorg.eclipse.jdt.core.IJavaProject;@30bdf473" provider=java
time="2026-09-23T15:01:06+02:00" level=info msg="language server log" line="!MESSAGE KONVEYOR_LOG: source-only analysis mode only scoping to Sources" provider=java
time="2026-09-23T15:01:06+02:00" level=info msg="language server log" line="!MESSAGE KONVEYOR_LOG: found errors: [] warnings: []" provider=java
time="2026-09-23T15:01:06+02:00" level=info msg="language server log" line="!MESSAGE KONVEYOR_LOG: pattern: MethodReferencePattern: java.util.logging.logmanager.addpropertychangelistener(...), exact match, case insensitive, generic erasure match, fine grain: QUALIFIED_REFERENCE" provider=java
time="2026-09-23T15:01:06+02:00" level=info msg="language server log" line="!MESSAGE KONVEYOR_LOG: Searching in target project: [Lorg.eclipse.jdt.core.IJavaProject;@3b16e004" provider=java
time="2026-09-23T15:01:06+02:00" level=info msg="language server log" line="!MESSAGE KONVEYOR_LOG: source-only analysis mode only scoping to Sources" provider=java
time="2026-09-23T15:01:06+02:00" level=info msg="language server log" line="!MESSAGE KONVEYOR_LOG: found errors: [] warnings: []" provider=java
time="2026-09-23T15:01:06+02:00" level=info msg="language server log" line="!MESSAGE KONVEYOR_LOG: pattern: MethodReferencePattern: java.util.jar.pack200.packer.addpropertychangelistener(...), exact match, case insensitive, generic erasure match, fine grain: QUALIFIED_REFERENCE" provider=java
time="2026-09-23T15:01:06+02:00" level=info msg="Symbols retrieved" cap=referenced conditionInfo="{\"Referenced\":{\"Pattern\":\"java.util.jar.Pack200.Packer.addPropertyChangeListener\",\"Location\":\"METHOD_CALL\",\"annotated\":{\"pattern\":\"\"},\"Filepaths\":null}}" provider=java symbols=0
time="2026-09-23T15:01:06+02:00" level=info msg="language server log" line="!MESSAGE KONVEYOR_LOG: Got: 0 Number of search matching the query: \"java.util.jar.Pack200.Packer.addPropertyChangeListener\" and location type: 2" provider=java
time="2026-09-23T15:01:06+02:00" level=info msg="language server log" line="!MESSAGE KONVEYOR_LOG: Results size: 0" provider=java
time="2026-09-23T15:01:06+02:00" level=info msg="language server log" line="!MESSAGE KONVEYOR_LOG: Searching in target project: [Lorg.eclipse.jdt.core.IJavaProject;@2c9cb4be" provider=java
time="2026-09-23T15:01:06+02:00" level=info msg="language server log" line="!MESSAGE KONVEYOR_LOG: source-only analysis mode only scoping to Sources" provider=java
time="2026-09-23T15:01:06+02:00" level=info msg="language server log" line="!MESSAGE KONVEYOR_LOG: found errors: [] warnings: []" provider=java
time="2026-09-23T15:01:06+02:00" level=info msg="language server log" line="!MESSAGE KONVEYOR_LOG: pattern: MethodReferencePattern: java.util.jar.pack200.packer.removepropertychangelistener(...), exact match, case insensitive, generic erasure match, fine grain: QUALIFIED_REFERENCE" provider=java
time="2026-09-23T15:01:06+02:00" level=info msg="Symbols retrieved" cap=referenced conditionInfo="{\"Referenced\":{\"Pattern\":\"java.util.logging.LogManager.addPropertyChangeListener\",\"Location\":\"METHOD_CALL\",\"annotated\":{\"pattern\":\"\"},\"Filepaths\":null}}" provider=java symbols=0
time="2026-09-23T15:01:06+02:00" level=info msg="language server log" line="!MESSAGE KONVEYOR_LOG: Got: 0 Number of search matching the query: \"java.util.logging.LogManager.addPropertyChangeListener\" and location type: 2" provider=java
time="2026-09-23T15:01:06+02:00" level=info msg="language server log" line="!MESSAGE KONVEYOR_LOG: Results size: 0" provider=java
time="2026-09-23T15:01:06+02:00" level=info msg="language server log" line="!MESSAGE KONVEYOR_LOG: Searching in target project: [Lorg.eclipse.jdt.core.IJavaProject;@7504696d" provider=java
time="2026-09-23T15:01:06+02:00" level=info msg="language server log" line="!MESSAGE KONVEYOR_LOG: Got: 0 Number of search matching the query: \"java.util.jar.Pack200.Packer.removePropertyChangeListener\" and location type: 2" provider=java
time="2026-09-23T15:01:06+02:00" level=info msg="language server log" line="!MESSAGE KONVEYOR_LOG: Results size: 0" provider=java
time="2026-09-23T15:01:06+02:00" level=info msg="Symbols retrieved" cap=referenced conditionInfo="{\"Referenced\":{\"Pattern\":\"java.util.jar.Pack200.Packer.removePropertyChangeListener\",\"Location\":\"METHOD_CALL\",\"annotated\":{\"pattern\":\"\"},\"Filepaths\":null}}" provider=java symbols=0
time="2026-09-23T15:01:06+02:00" level=info msg="language server log" line="!MESSAGE KONVEYOR_LOG: source-only analysis mode only scoping to Sources" provider=java
time="2026-09-23T15:01:06+02:00" level=info msg="language server log" line="!MESSAGE KONVEYOR_LOG: found errors: [] warnings: []" provider=java
time="2026-09-23T15:01:06+02:00" level=info msg="language server log" line="!MESSAGE KONVEYOR_LOG: pattern: MethodReferencePattern: java.util.logging.logmanager.removepropertychangelistener(...), exact match, case insensitive, generic erasure match, fine grain: QUALIFIED_REFERENCE" provider=java
time="2026-09-23T15:01:06+02:00" level=info msg="language server log" line="!MESSAGE KONVEYOR_LOG: Searching in target project: [Lorg.eclipse.jdt.core.IJavaProject;@55743b0f" provider=java
time="2026-09-23T15:01:06+02:00" level=info msg="language server log" line="!MESSAGE KONVEYOR_LOG: source-only analysis mode only scoping to Sources" provider=java
time="2026-09-23T15:01:06+02:00" level=info msg="language server log" line="!MESSAGE KONVEYOR_LOG: found errors: [] warnings: []" provider=java
time="2026-09-23T15:01:06+02:00" level=info msg="language server log" line="!MESSAGE KONVEYOR_LOG: pattern: MethodReferencePattern: java.util.jar.pack200.unpacker.addpropertychangelistener(...), exact match, case insensitive, generic erasure match, fine grain: QUALIFIED_REFERENCE" provider=java
time="2026-09-23T15:01:06+02:00" level=info msg="Symbols retrieved" cap=referenced conditionInfo="{\"Referenced\":{\"Pattern\":\"java.util.jar.Pack200.Unpacker.addPropertyChangeListener\",\"Location\":\"METHOD_CALL\",\"annotated\":{\"pattern\":\"\"},\"Filepaths\":null}}" provider=java symbols=0
time="2026-09-23T15:01:06+02:00" level=info msg="language server log" line="!MESSAGE KONVEYOR_LOG: Got: 0 Number of search matching the query: \"java.util.jar.Pack200.Unpacker.addPropertyChangeListener\" and location type: 2" provider=java
time="2026-09-23T15:01:06+02:00" level=info msg="language server log" line="!MESSAGE KONVEYOR_LOG: Results size: 0" provider=java
time="2026-09-23T15:01:06+02:00" level=info msg="language server log" line="!MESSAGE KONVEYOR_LOG: Searching in target project: [Lorg.eclipse.jdt.core.IJavaProject;@d286ab9" provider=java
time="2026-09-23T15:01:06+02:00" level=info msg="language server log" line="!MESSAGE KONVEYOR_LOG: source-only analysis mode only scoping to Sources" provider=java
time="2026-09-23T15:01:06+02:00" level=info msg="language server log" line="!MESSAGE KONVEYOR_LOG: found errors: [] warnings: []" provider=java
time="2026-09-23T15:01:06+02:00" level=info msg="language server log" line="!MESSAGE KONVEYOR_LOG: pattern: MethodReferencePattern: java.util.jar.pack200.unpacker.removepropertychangelistener(...), exact match, case insensitive, generic erasure match, fine grain: QUALIFIED_REFERENCE" provider=java
time="2026-09-23T15:01:06+02:00" level=info msg="language server log" line="!MESSAGE KONVEYOR_LOG: Got: 0 Number of search matching the query: \"java.util.logging.LogManager.removePropertyChangeListener\" and location type: 2" provider=java
time="2026-09-23T15:01:06+02:00" level=info msg="language server log" line="!MESSAGE KONVEYOR_LOG: Results size: 0" provider=java
time="2026-09-23T15:01:06+02:00" level=info msg="Symbols retrieved" cap=referenced conditionInfo="{\"Referenced\":{\"Pattern\":\"java.util.logging.LogManager.removePropertyChangeListener\",\"Location\":\"METHOD_CALL\",\"annotated\":{\"pattern\":\"\"},\"Filepaths\":null}}" provider=java symbols=0
time="2026-09-23T15:01:06+02:00" level=info msg="Adding Carrier span info to context" worker=8
time="2026-09-23T15:01:06+02:00" level=info msg="rule returned" ruleID=java-9-deprecate-log-00000
time="2026-09-23T15:01:06+02:00" level=info msg="processed rule" logger=process-rule processed=212 ruleID=java-9-deprecate-log-00000 total=312
time="2026-09-23T15:01:06+02:00" level=info msg="language server log" line="!MESSAGE KONVEYOR_LOG: Got: 0 Number of search matching the query: \"org.ietf.jgss.GSSContext.getMIC\" and location type: 2" provider=java
time="2026-09-23T15:01:06+02:00" level=info msg="language server log" line="!MESSAGE KONVEYOR_LOG: Got: 0 Number of search matching the query: \"java.util.jar.Pack200.Unpacker.removePropertyChangeListener\" and location type: 2" provider=java
time="2026-09-23T15:01:06+02:00" level=info msg="language server log" line="!MESSAGE KONVEYOR_LOG: Results size: 0" provider=java
time="2026-09-23T15:01:06+02:00" level=info msg="language server log" line="!MESSAGE KONVEYOR_LOG: Searching in target project: [Lorg.eclipse.jdt.core.IJavaProject;@5ad8a512" provider=java
time="2026-09-23T15:01:06+02:00" level=info msg="language server log" line="!MESSAGE KONVEYOR_LOG: source-only analysis mode only scoping to Sources" provider=java
time="2026-09-23T15:01:06+02:00" level=info msg="language server log" line="!MESSAGE KONVEYOR_LOG: found errors: [] warnings: []" provider=java
time="2026-09-23T15:01:06+02:00" level=info msg="language server log" line="!MESSAGE KONVEYOR_LOG: pattern: PackageDeclarationPattern: <java.awt.peer*>, pattern match, case insensitive, generic full match, fine grain: none | PackageReferencePattern: <java.awt.peer*>, pattern match, case insensitive, generic full match, fine grain: none" provider=java
time="2026-09-23T15:01:06+02:00" level=info msg="Symbols retrieved" cap=referenced conditionInfo="{\"Referenced\":{\"Pattern\":\"java.util.jar.Pack200.Unpacker.removePropertyChangeListener\",\"Location\":\"METHOD_CALL\",\"annotated\":{\"pattern\":\"\"},\"Filepaths\":null}}" provider=java symbols=0
time="2026-09-23T15:01:06+02:00" level=info msg="Adding Carrier span info to context" worker=5
time="2026-09-23T15:01:06+02:00" level=info msg="language server log" line="!MESSAGE KONVEYOR_LOG: Got: 0 Number of search matching the query: \"java.awt.peer*\" and location type: 11" provider=java
time="2026-09-23T15:01:06+02:00" level=info msg="language server log" line="!MESSAGE KONVEYOR_LOG: Results size: 0" provider=java
time="2026-09-23T15:01:06+02:00" level=info msg="rule returned" ruleID=java-9-deprecate-pack-00000
time="2026-09-23T15:01:06+02:00" level=info msg="language server log" line="!MESSAGE KONVEYOR_LOG: Results size: 0" provider=java
time="2026-09-23T15:01:06+02:00" level=info msg="processed rule" logger=process-rule processed=213 ruleID=java-9-deprecate-pack-00000 total=312
time="2026-09-23T15:01:06+02:00" level=info msg="Symbols retrieved" cap=referenced conditionInfo="{\"Referenced\":{\"Pattern\":\"org.ietf.jgss.GSSContext.getMIC\",\"Location\":\"METHOD_CALL\",\"annotated\":{\"pattern\":\"\"},\"Filepaths\":null}}" provider=java symbols=0
time="2026-09-23T15:01:06+02:00" level=info msg="Symbols retrieved" cap=referenced conditionInfo="{\"Referenced\":{\"Pattern\":\"java.awt.peer*\",\"Location\":\"PACKAGE\",\"annotated\":{\"pattern\":\"\"},\"Filepaths\":null}}" provider=java symbols=0
time="2026-09-23T15:01:06+02:00" level=info msg="language server log" line="!MESSAGE KONVEYOR_LOG: Searching in target project: [Lorg.eclipse.jdt.core.IJavaProject;@3f7a8f36" provider=java
time="2026-09-23T15:01:06+02:00" level=info msg="language server log" line="!MESSAGE KONVEYOR_LOG: source-only analysis mode only scoping to Sources" provider=java
time="2026-09-23T15:01:06+02:00" level=info msg="language server log" line="!MESSAGE KONVEYOR_LOG: found errors: [] warnings: []" provider=java
time="2026-09-23T15:01:06+02:00" level=info msg="Adding Carrier span info to context" worker=5
time="2026-09-23T15:01:06+02:00" level=info msg="language server log" line="!MESSAGE KONVEYOR_LOG: pattern: PackageDeclarationPattern: <java.awt.dnd.peer*>, pattern match, case insensitive, generic full match, fine grain: none | PackageReferencePattern: <java.awt.dnd.peer*>, pattern match, case insensitive, generic full match, fine grain: none" provider=java
time="2026-09-23T15:01:06+02:00" level=info msg="language server log" line="!MESSAGE KONVEYOR_LOG: Got: 0 Number of search matching the query: \"java.awt.dnd.peer*\" and location type: 11" provider=java
time="2026-09-23T15:01:06+02:00" level=info msg="rule returned" ruleID=java-9-deprecate-property-00000
time="2026-09-23T15:01:06+02:00" level=info msg="processed rule" logger=process-rule processed=214 ruleID=java-9-deprecate-property-00000 total=312
time="2026-09-23T15:01:06+02:00" level=info msg="language server log" line="!MESSAGE KONVEYOR_LOG: Results size: 0" provider=java
time="2026-09-23T15:01:06+02:00" level=info msg="Adding Carrier span info to context" worker=5
time="2026-09-23T15:01:06+02:00" level=info msg="rule returned" ruleID=java-9-deprecate-property-00001
time="2026-09-23T15:01:06+02:00" level=info msg="processed rule" logger=process-rule processed=215 ruleID=java-9-deprecate-property-00001 total=312
time="2026-09-23T15:01:06+02:00" level=info msg="Symbols retrieved" cap=referenced conditionInfo="{\"Referenced\":{\"Pattern\":\"java.awt.dnd.peer*\",\"Location\":\"PACKAGE\",\"annotated\":{\"pattern\":\"\"},\"Filepaths\":null}}" provider=java symbols=0
time="2026-09-23T15:01:06+02:00" level=info msg="Adding Carrier span info to context" worker=8
time="2026-09-23T15:01:06+02:00" level=info msg="rule returned" ruleID=java-9-deprecate-peer-00000
time="2026-09-23T15:01:06+02:00" level=info msg="processed rule" logger=process-rule processed=216 ruleID=java-9-deprecate-peer-00000 total=312
time="2026-09-23T15:01:06+02:00" level=info msg="language server log" line="!MESSAGE KONVEYOR_LOG: Searching in target project: [Lorg.eclipse.jdt.core.IJavaProject;@132bdd8" provider=java
time="2026-09-23T15:01:06+02:00" level=info msg="language server log" line="!MESSAGE KONVEYOR_LOG: source-only analysis mode only scoping to Sources" provider=java
time="2026-09-23T15:01:06+02:00" level=info msg="language server log" line="!MESSAGE KONVEYOR_LOG: Searching in target project: [Lorg.eclipse.jdt.core.IJavaProject;@7c134c8" provider=java
time="2026-09-23T15:01:06+02:00" level=info msg="language server log" line="!MESSAGE KONVEYOR_LOG: found errors: [] warnings: []" provider=java
time="2026-09-23T15:01:06+02:00" level=info msg="language server log" line="!MESSAGE KONVEYOR_LOG: Searching in target project: [Lorg.eclipse.jdt.core.IJavaProject;@231b8690" provider=java
time="2026-09-23T15:01:06+02:00" level=info msg="language server log" line="!MESSAGE KONVEYOR_LOG: source-only analysis mode only scoping to Sources" provider=java
time="2026-09-23T15:01:06+02:00" level=info msg="language server log" line="!MESSAGE KONVEYOR_LOG: pattern: TypeDeclarationPattern: qualification<sun.reflect>, type<callersensitive*> TypeDeclarationPattern: pkg<*>, enclosing<*>, type<callersensitive*>, pattern match, case insensitive, generic full match, fine grain: none | TypeReferencePattern: qualification<sun.reflect>, type<callersensitive*>, pattern match, case insensitive, generic full match, fine grain: none" provider=java
time="2026-09-23T15:01:06+02:00" level=info msg="language server log" line="!MESSAGE KONVEYOR_LOG: source-only analysis mode only scoping to Sources" provider=java
time="2026-09-23T15:01:06+02:00" level=info msg="language server log" line="!MESSAGE KONVEYOR_LOG: found errors: [] warnings: []" provider=java
time="2026-09-23T15:01:06+02:00" level=info msg="language server log" line="!MESSAGE KONVEYOR_LOG: found errors: [] warnings: []" provider=java
time="2026-09-23T15:01:06+02:00" level=info msg="language server log" line="!MESSAGE KONVEYOR_LOG: Got: 0 Number of search matching the query: \"sun.reflect.CallerSensitive*\" and location type: 8" provider=java
time="2026-09-23T15:01:06+02:00" level=info msg="language server log" line="!MESSAGE KONVEYOR_LOG: Results size: 0" provider=java
time="2026-09-23T15:01:06+02:00" level=info msg="language server log" line="!MESSAGE KONVEYOR_LOG: pattern: MethodReferencePattern: org.ietf.jgss.gsscontext.verifymic(...), exact match, case insensitive, generic erasure match, fine grain: QUALIFIED_REFERENCE" provider=java
time="2026-09-23T15:01:06+02:00" level=info msg="Symbols retrieved" cap=referenced conditionInfo="{\"Referenced\":{\"Pattern\":\"sun.reflect.CallerSensitive*\",\"Location\":\"IMPORT\",\"annotated\":{\"pattern\":\"\"},\"Filepaths\":null}}" provider=java symbols=0
time="2026-09-23T15:01:06+02:00" level=info msg="language server log" line="!MESSAGE KONVEYOR_LOG: pattern: TypeDeclarationPattern: qualification<sun.reflect>, type<Reflection> TypeDeclarationPattern: pkg<*>, enclosing<*>, type<Reflection>, exact match, case sensitive, generic full match, fine grain: none | TypeReferencePattern: qualification<sun.reflect>, type<Reflection>, exact match, case sensitive, generic full match, fine grain: none" provider=java
time="2026-09-23T15:01:06+02:00" level=info msg="language server log" line="!MESSAGE KONVEYOR_LOG: Got: 0 Number of search matching the query: \"sun.reflect.Reflection\" and location type: 8" provider=java
time="2026-09-23T15:01:06+02:00" level=info msg="language server log" line="!MESSAGE KONVEYOR_LOG: Results size: 0" provider=java
time="2026-09-23T15:01:06+02:00" level=info msg="Symbols retrieved" cap=referenced conditionInfo="{\"Referenced\":{\"Pattern\":\"sun.reflect.Reflection\",\"Location\":\"IMPORT\",\"annotated\":{\"pattern\":\"\"},\"Filepaths\":null}}" provider=java symbols=0
time="2026-09-23T15:01:06+02:00" level=info msg="language server log" line="!MESSAGE KONVEYOR_LOG: Searching in target project: [Lorg.eclipse.jdt.core.IJavaProject;@48c2c004" provider=java
time="2026-09-23T15:01:06+02:00" level=info msg="language server log" line="!MESSAGE KONVEYOR_LOG: source-only analysis mode only scoping to Sources" provider=java
time="2026-09-23T15:01:06+02:00" level=info msg="language server log" line="!MESSAGE KONVEYOR_LOG: found errors: [] warnings: []" provider=java
time="2026-09-23T15:01:06+02:00" level=info msg="language server log" line="!MESSAGE KONVEYOR_LOG: Searching in target project: [Lorg.eclipse.jdt.core.IJavaProject;@208e4edf" provider=java
time="2026-09-23T15:01:06+02:00" level=info msg="language server log" line="!MESSAGE KONVEYOR_LOG: source-only analysis mode only scoping to Sources" provider=java
time="2026-09-23T15:01:06+02:00" level=info msg="language server log" line="!MESSAGE KONVEYOR_LOG: found errors: [] warnings: []" provider=java
time="2026-09-23T15:01:06+02:00" level=info msg="language server log" line="!MESSAGE KONVEYOR_LOG: pattern: MethodReferencePattern: sun.reflect.reflection.getcallerclass(...), exact match, case insensitive, generic erasure match, fine grain: QUALIFIED_REFERENCE" provider=java
time="2026-09-23T15:01:06+02:00" level=info msg="language server log" line="!MESSAGE KONVEYOR_LOG: pattern: TypeDeclarationPattern: qualification<sun.reflect>, type<callersensitive*> TypeDeclarationPattern: pkg<*>, enclosing<*>, type<callersensitive*>, pattern match, case insensitive, generic full match, fine grain: none | TypeReferencePattern: qualification<sun.reflect>, type<callersensitive*>, pattern match, case insensitive, generic full match, fine grain: none" provider=java
time="2026-09-23T15:01:06+02:00" level=info msg="Symbols retrieved" cap=referenced conditionInfo="{\"Referenced\":{\"Pattern\":\"sun.reflect.CallerSensitive*\",\"Location\":\"ANNOTATION\",\"annotated\":{\"pattern\":\"\"},\"Filepaths\":null}}" provider=java symbols=0
time="2026-09-23T15:01:06+02:00" level=info msg="Adding Carrier span info to context" worker=8
time="2026-09-23T15:01:06+02:00" level=info msg="language server log" line="!MESSAGE KONVEYOR_LOG: Got: 0 Number of search matching the query: \"sun.reflect.CallerSensitive*\" and location type: 4" provider=java
time="2026-09-23T15:01:06+02:00" level=info msg="language server log" line="!MESSAGE KONVEYOR_LOG: Results size: 0" provider=java
time="2026-09-23T15:01:06+02:00" level=info msg="rule returned" ruleID=java-9-deprecate-reflect-00010
time="2026-09-23T15:01:06+02:00" level=info msg="processed rule" logger=process-rule processed=217 ruleID=java-9-deprecate-reflect-00010 total=312
time="2026-09-23T15:01:06+02:00" level=info msg="language server log" line="!MESSAGE KONVEYOR_LOG: Searching in target project: [Lorg.eclipse.jdt.core.IJavaProject;@347908c5" provider=java
time="2026-09-23T15:01:06+02:00" level=info msg="language server log" line="!MESSAGE KONVEYOR_LOG: source-only analysis mode only scoping to Sources" provider=java
time="2026-09-23T15:01:06+02:00" level=info msg="language server log" line="!MESSAGE KONVEYOR_LOG: found errors: [] warnings: []" provider=java
time="2026-09-23T15:01:06+02:00" level=info msg="language server log" line="!MESSAGE KONVEYOR_LOG: pattern: TypeDeclarationPattern: qualification<com.sun.security.auth.callback>, type<dialogcallbackhandler*> TypeDeclarationPattern: pkg<*>, enclosing<*>, type<dialogcallbackhandler*>, pattern match, case insensitive, generic full match, fine grain: none | TypeReferencePattern: qualification<com.sun.security.auth.callback>, type<dialogcallbackhandler*>, pattern match, case insensitive, generic full match, fine grain: none" provider=java
time="2026-09-23T15:01:06+02:00" level=info msg="Symbols retrieved" cap=referenced conditionInfo="{\"Referenced\":{\"Pattern\":\"com.sun.security.auth.callback.DialogCallbackHandler*\",\"Location\":\"IMPORT\",\"annotated\":{\"pattern\":\"\"},\"Filepaths\":null}}" provider=java symbols=0
time="2026-09-23T15:01:06+02:00" level=info msg="Adding Carrier span info to context" worker=8
time="2026-09-23T15:01:06+02:00" level=info msg="rule returned" ruleID=java-9-deprecate-security-00000
time="2026-09-23T15:01:06+02:00" level=info msg="processed rule" logger=process-rule processed=218 ruleID=java-9-deprecate-security-00000 total=312
time="2026-09-23T15:01:06+02:00" level=info msg="language server log" line="!MESSAGE KONVEYOR_LOG: Got: 0 Number of search matching the query: \"com.sun.security.auth.callback.DialogCallbackHandler*\" and location type: 8" provider=java
time="2026-09-23T15:01:06+02:00" level=info msg="language server log" line="!MESSAGE KONVEYOR_LOG: Results size: 0" provider=java
time="2026-09-23T15:01:06+02:00" level=info msg="language server log" line="!MESSAGE KONVEYOR_LOG: Searching in target project: [Lorg.eclipse.jdt.core.IJavaProject;@1d7b82fe" provider=java
time="2026-09-23T15:01:06+02:00" level=info msg="language server log" line="!MESSAGE KONVEYOR_LOG: source-only analysis mode only scoping to Sources" provider=java
time="2026-09-23T15:01:06+02:00" level=info msg="language server log" line="!MESSAGE KONVEYOR_LOG: found errors: [] warnings: []" provider=java
time="2026-09-23T15:01:06+02:00" level=info msg="language server log" line="!MESSAGE KONVEYOR_LOG: pattern: PackageDeclarationPattern: <java.security.acl*>, pattern match, case insensitive, generic full match, fine grain: none | PackageReferencePattern: <java.security.acl*>, pattern match, case insensitive, generic full match, fine grain: none" provider=java
time="2026-09-23T15:01:06+02:00" level=info msg="Symbols retrieved" cap=referenced conditionInfo="{\"Referenced\":{\"Pattern\":\"java.security.acl*\",\"Location\":\"PACKAGE\",\"annotated\":{\"pattern\":\"\"},\"Filepaths\":null}}" provider=java symbols=0
time="2026-09-23T15:01:06+02:00" level=info msg="Adding Carrier span info to context" worker=8
time="2026-09-23T15:01:06+02:00" level=info msg="rule returned" ruleID=java-9-deprecate-security-00001
time="2026-09-23T15:01:06+02:00" level=info msg="processed rule" logger=process-rule processed=219 ruleID=java-9-deprecate-security-00001 total=312
time="2026-09-23T15:01:06+02:00" level=info msg="language server log" line="!MESSAGE KONVEYOR_LOG: Got: 0 Number of search matching the query: \"java.security.acl*\" and location type: 11" provider=java
time="2026-09-23T15:01:06+02:00" level=info msg="language server log" line="!MESSAGE KONVEYOR_LOG: Results size: 0" provider=java
time="2026-09-23T15:01:06+02:00" level=info msg="language server log" line="!MESSAGE KONVEYOR_LOG: Searching in target project: [Lorg.eclipse.jdt.core.IJavaProject;@2c29178e" provider=java
time="2026-09-23T15:01:06+02:00" level=info msg="language server log" line="!MESSAGE KONVEYOR_LOG: source-only analysis mode only scoping to Sources" provider=java
time="2026-09-23T15:01:06+02:00" level=info msg="language server log" line="!MESSAGE KONVEYOR_LOG: found errors: [] warnings: []" provider=java
time="2026-09-23T15:01:06+02:00" level=info msg="language server log" line="!MESSAGE KONVEYOR_LOG: pattern: PackageDeclarationPattern: <javax.security.cert*>, pattern match, case insensitive, generic full match, fine grain: none | PackageReferencePattern: <javax.security.cert*>, pattern match, case insensitive, generic full match, fine grain: none" provider=java
time="2026-09-23T15:01:06+02:00" level=info msg="language server log" line="!MESSAGE KONVEYOR_LOG: Got: 0 Number of search matching the query: \"javax.security.cert*\" and location type: 11" provider=java
time="2026-09-23T15:01:06+02:00" level=info msg="language server log" line="!MESSAGE KONVEYOR_LOG: Results size: 0" provider=java
time="2026-09-23T15:01:06+02:00" level=info msg="Symbols retrieved" cap=referenced conditionInfo="{\"Referenced\":{\"Pattern\":\"javax.security.cert*\",\"Location\":\"PACKAGE\",\"annotated\":{\"pattern\":\"\"},\"Filepaths\":null}}" provider=java symbols=0
time="2026-09-23T15:01:06+02:00" level=info msg="Adding Carrier span info to context" worker=8
time="2026-09-23T15:01:06+02:00" level=info msg="rule returned" ruleID=java-9-deprecate-security-00002
time="2026-09-23T15:01:06+02:00" level=info msg="processed rule" logger=process-rule processed=220 ruleID=java-9-deprecate-security-00002 total=312
time="2026-09-23T15:01:06+02:00" level=info msg="language server log" line="!MESSAGE KONVEYOR_LOG: Searching in target project: [Lorg.eclipse.jdt.core.IJavaProject;@4834c25a" provider=java
time="2026-09-23T15:01:06+02:00" level=info msg="language server log" line="!MESSAGE KONVEYOR_LOG: source-only analysis mode only scoping to Sources" provider=java
time="2026-09-23T15:01:06+02:00" level=info msg="language server log" line="!MESSAGE KONVEYOR_LOG: found errors: [] warnings: []" provider=java
time="2026-09-23T15:01:06+02:00" level=info msg="language server log" line="!MESSAGE KONVEYOR_LOG: pattern: PackageDeclarationPattern: <com.sun.tracing>, exact match, case insensitive, generic full match, fine grain: none | PackageReferencePattern: <com.sun.tracing>, exact match, case insensitive, generic full match, fine grain: none" provider=java
time="2026-09-23T15:01:06+02:00" level=info msg="language server log" line="!MESSAGE KONVEYOR_LOG: Got: 0 Number of search matching the query: \"com.sun.tracing\" and location type: 11" provider=java
time="2026-09-23T15:01:06+02:00" level=info msg="language server log" line="!MESSAGE KONVEYOR_LOG: Results size: 0" provider=java
time="2026-09-23T15:01:06+02:00" level=info msg="Symbols retrieved" cap=referenced conditionInfo="{\"Referenced\":{\"Pattern\":\"com.sun.tracing\",\"Location\":\"PACKAGE\",\"annotated\":{\"pattern\":\"\"},\"Filepaths\":null}}" provider=java symbols=0
time="2026-09-23T15:01:06+02:00" level=info msg="language server log" line="!MESSAGE KONVEYOR_LOG: Searching in target project: [Lorg.eclipse.jdt.core.IJavaProject;@3477c4b9" provider=java
time="2026-09-23T15:01:06+02:00" level=info msg="language server log" line="!MESSAGE KONVEYOR_LOG: source-only analysis mode only scoping to Sources" provider=java
time="2026-09-23T15:01:06+02:00" level=info msg="language server log" line="!MESSAGE KONVEYOR_LOG: found errors: [] warnings: []" provider=java
time="2026-09-23T15:01:06+02:00" level=info msg="language server log" line="!MESSAGE KONVEYOR_LOG: pattern: PackageDeclarationPattern: <com.sun.tracing.dtrace>, exact match, case insensitive, generic full match, fine grain: none | PackageReferencePattern: <com.sun.tracing.dtrace>, exact match, case insensitive, generic full match, fine grain: none" provider=java
time="2026-09-23T15:01:06+02:00" level=info msg="language server log" line="!MESSAGE KONVEYOR_LOG: Got: 0 Number of search matching the query: \"com.sun.tracing.dtrace\" and location type: 11" provider=java
time="2026-09-23T15:01:06+02:00" level=info msg="language server log" line="!MESSAGE KONVEYOR_LOG: Results size: 0" provider=java
time="2026-09-23T15:01:06+02:00" level=info msg="Symbols retrieved" cap=referenced conditionInfo="{\"Referenced\":{\"Pattern\":\"com.sun.tracing.dtrace\",\"Location\":\"PACKAGE\",\"annotated\":{\"pattern\":\"\"},\"Filepaths\":null}}" provider=java symbols=0
time="2026-09-23T15:01:06+02:00" level=info msg="Adding Carrier span info to context" worker=8
time="2026-09-23T15:01:06+02:00" level=info msg="rule returned" ruleID=java-9-deprecate-tracing-00000
time="2026-09-23T15:01:06+02:00" level=info msg="processed rule" logger=process-rule processed=221 ruleID=java-9-deprecate-tracing-00000 total=312
time="2026-09-23T15:01:06+02:00" level=info msg="language server log" line="!MESSAGE KONVEYOR_LOG: Searching in target project: [Lorg.eclipse.jdt.core.IJavaProject;@755accbb" provider=java
time="2026-09-23T15:01:06+02:00" level=info msg="language server log" line="!MESSAGE KONVEYOR_LOG: source-only analysis mode only scoping to Sources" provider=java
time="2026-09-23T15:01:06+02:00" level=info msg="language server log" line="!MESSAGE KONVEYOR_LOG: found errors: [] warnings: []" provider=java
time="2026-09-23T15:01:06+02:00" level=info msg="language server log" line="!MESSAGE KONVEYOR_LOG: pattern: MethodReferencePattern: sun.misc.unsafe.trymonitorenter(...), exact match, case insensitive, generic erasure match, fine grain: QUALIFIED_REFERENCE | MethodReferencePattern: sun.misc.unsafe.monitorenter(...), exact match, case insensitive, generic erasure match, fine grain: QUALIFIED_REFERENCE | MethodReferencePattern: sun.misc.unsafe.monitorexit(...), exact match, case insensitive, generic erasure match, fine grain: QUALIFIED_REFERENCE" provider=java
time="2026-09-23T15:01:06+02:00" level=info msg="Symbols retrieved" cap=referenced conditionInfo="{\"Referenced\":{\"Pattern\":\"sun.reflect.Reflection.getCallerClass\",\"Location\":\"METHOD_CALL\",\"annotated\":{\"pattern\":\"\"},\"Filepaths\":null}}" provider=java symbols=0
time="2026-09-23T15:01:06+02:00" level=info msg="Adding Carrier span info to context" worker=5
time="2026-09-23T15:01:06+02:00" level=info msg="rule returned" ruleID=java-9-deprecate-reflect-00000
time="2026-09-23T15:01:06+02:00" level=info msg="processed rule" logger=process-rule processed=222 ruleID=java-9-deprecate-reflect-00000 total=312
time="2026-09-23T15:01:06+02:00" level=info msg="language server log" line="!MESSAGE KONVEYOR_LOG: Got: 0 Number of search matching the query: \"sun.reflect.Reflection.getCallerClass\" and location type: 2" provider=java
time="2026-09-23T15:01:06+02:00" level=info msg="language server log" line="!MESSAGE KONVEYOR_LOG: Results size: 0" provider=java
time="2026-09-23T15:01:06+02:00" level=info msg="language server log" line="!MESSAGE KONVEYOR_LOG: Searching in target project: [Lorg.eclipse.jdt.core.IJavaProject;@7d4f5e20" provider=java
time="2026-09-23T15:01:06+02:00" level=info msg="language server log" line="!MESSAGE KONVEYOR_LOG: source-only analysis mode only scoping to Sources" provider=java
time="2026-09-23T15:01:06+02:00" level=info msg="language server log" line="!MESSAGE KONVEYOR_LOG: found errors: [] warnings: []" provider=java
time="2026-09-23T15:01:06+02:00" level=info msg="language server log" line="!MESSAGE KONVEYOR_LOG: pattern: MethodReferencePattern: sun.misc.unsafe.defineclass(...), exact match, case insensitive, generic erasure match, fine grain: QUALIFIED_REFERENCE" provider=java
time="2026-09-23T15:01:06+02:00" level=info msg="Symbols retrieved" cap=referenced conditionInfo="{\"Referenced\":{\"Pattern\":\"sun.misc.Unsafe.defineClass\",\"Location\":\"METHOD_CALL\",\"annotated\":{\"pattern\":\"\"},\"Filepaths\":null}}" provider=java symbols=0
time="2026-09-23T15:01:06+02:00" level=info msg="Adding Carrier span info to context" worker=5
time="2026-09-23T15:01:06+02:00" level=info msg="rule returned" ruleID=java-9-deprecate-unsafe-00001
time="2026-09-23T15:01:06+02:00" level=info msg="processed rule" logger=process-rule processed=223 ruleID=java-9-deprecate-unsafe-00001 total=312
time="2026-09-23T15:01:06+02:00" level=info msg="Symbols retrieved" cap=referenced conditionInfo="{\"Referenced\":{\"Pattern\":\"org.ietf.jgss.GSSContext.verifyMIC\",\"Location\":\"METHOD_CALL\",\"annotated\":{\"pattern\":\"\"},\"Filepaths\":null}}" provider=java symbols=0
time="2026-09-23T15:01:06+02:00" level=info msg="Adding Carrier span info to context" worker=6
time="2026-09-23T15:01:06+02:00" level=info msg="rule returned" ruleID=java-11-deprecate-stream-00000
time="2026-09-23T15:01:06+02:00" level=info msg="processed rule" logger=process-rule processed=224 ruleID=java-11-deprecate-stream-00000 total=312
time="2026-09-23T15:01:06+02:00" level=info msg="Adding Carrier span info to context" worker=5
time="2026-09-23T15:01:06+02:00" level=info msg="rule returned" ruleID=java-9-deprecate-url-00000
time="2026-09-23T15:01:06+02:00" level=info msg="processed rule" logger=process-rule processed=225 ruleID=java-9-deprecate-url-00000 total=312
time="2026-09-23T15:01:06+02:00" level=info msg="language server log" line="!MESSAGE KONVEYOR_LOG: Got: 0 Number of search matching the query: \"sun.misc.Unsafe.defineClass\" and location type: 2" provider=java
time="2026-09-23T15:01:06+02:00" level=info msg="language server log" line="!MESSAGE KONVEYOR_LOG: Results size: 0" provider=java
time="2026-09-23T15:01:06+02:00" level=info msg="language server log" line="!MESSAGE KONVEYOR_LOG: Got: 0 Number of search matching the query: \"org.ietf.jgss.GSSContext.verifyMIC\" and location type: 2" provider=java
time="2026-09-23T15:01:06+02:00" level=info msg="language server log" line="!MESSAGE KONVEYOR_LOG: Results size: 0" provider=java
time="2026-09-23T15:01:06+02:00" level=info msg="language server log" line="!MESSAGE KONVEYOR_LOG: Searching in target project: [Lorg.eclipse.jdt.core.IJavaProject;@f94adda" provider=java
time="2026-09-23T15:01:06+02:00" level=info msg="language server log" line="!MESSAGE KONVEYOR_LOG: source-only analysis mode only scoping to Sources" provider=java
time="2026-09-23T15:01:06+02:00" level=info msg="language server log" line="!MESSAGE KONVEYOR_LOG: found errors: [] warnings: []" provider=java
time="2026-09-23T15:01:06+02:00" level=info msg="language server log" line="!MESSAGE KONVEYOR_LOG: pattern: MethodReferencePattern: java.io.fileinputstream.finalize(...), exact match, case insensitive, generic erasure match, fine grain: QUALIFIED_REFERENCE" provider=java
time="2026-09-23T15:01:06+02:00" level=info msg="language server log" line="!MESSAGE KONVEYOR_LOG: Searching in target project: [Lorg.eclipse.jdt.core.IJavaProject;@79f3dc19" provider=java
time="2026-09-23T15:01:06+02:00" level=info msg="language server log" line="!MESSAGE KONVEYOR_LOG: source-only analysis mode only scoping to Sources" provider=java
time="2026-09-23T15:01:06+02:00" level=info msg="language server log" line="!MESSAGE KONVEYOR_LOG: found errors: [] warnings: []" provider=java
time="2026-09-23T15:01:06+02:00" level=info msg="language server log" line="!MESSAGE KONVEYOR_LOG: pattern: MethodReferencePattern: java.util.zipfile.finalize(...), exact match, case insensitive, generic erasure match, fine grain: QUALIFIED_REFERENCE" provider=java
time="2026-09-23T15:01:06+02:00" level=info msg="Symbols retrieved" cap=referenced conditionInfo="{\"Referenced\":{\"Pattern\":\"sun.misc.Unsafe.(tryMonitorEnter|monitorEnter|monitorExit)\",\"Location\":\"METHOD_CALL\",\"annotated\":{\"pattern\":\"\"},\"Filepaths\":null}}" provider=java symbols=0
time="2026-09-23T15:01:06+02:00" level=info msg="Adding Carrier span info to context" worker=8
time="2026-09-23T15:01:06+02:00" level=info msg="Symbols retrieved" cap=referenced conditionInfo="{\"Referenced\":{\"Pattern\":\"java.util.ZipFile.finalize\",\"Location\":\"METHOD_CALL\",\"annotated\":{\"pattern\":\"\"},\"Filepaths\":null}}" provider=java symbols=0
time="2026-09-23T15:01:06+02:00" level=info msg="language server log" line="!MESSAGE KONVEYOR_LOG: Got: 0 Number of search matching the query: \"java.util.ZipFile.finalize\" and location type: 2" provider=java
time="2026-09-23T15:01:06+02:00" level=info msg="language server log" line="!MESSAGE KONVEYOR_LOG: Results size: 0" provider=java
time="2026-09-23T15:01:06+02:00" level=info msg="language server log" line="!MESSAGE KONVEYOR_LOG: Got: 0 Number of search matching the query: \"java.io.FileInputStream.finalize\" and location type: 2" provider=java
time="2026-09-23T15:01:06+02:00" level=info msg="language server log" line="!MESSAGE KONVEYOR_LOG: Results size: 0" provider=java
time="2026-09-23T15:01:06+02:00" level=info msg="language server log" line="!MESSAGE KONVEYOR_LOG: Got: 0 Number of search matching the query: \"sun.misc.Unsafe.(tryMonitorEnter|monitorEnter|monitorExit)\" and location type: 2" provider=java
time="2026-09-23T15:01:06+02:00" level=info msg="language server log" line="!MESSAGE KONVEYOR_LOG: Results size: 0" provider=java
time="2026-09-23T15:01:06+02:00" level=info msg="rule returned" ruleID=java-9-deprecate-unsafe-00000
time="2026-09-23T15:01:06+02:00" level=info msg="processed rule" logger=process-rule processed=226 ruleID=java-9-deprecate-unsafe-00000 total=312
time="2026-09-23T15:01:06+02:00" level=info msg="Symbols retrieved" cap=referenced conditionInfo="{\"Referenced\":{\"Pattern\":\"java.io.FileInputStream.finalize\",\"Location\":\"METHOD_CALL\",\"annotated\":{\"pattern\":\"\"},\"Filepaths\":null}}" provider=java symbols=0
time="2026-09-23T15:01:06+02:00" level=info msg="Symbols retrieved" cap=referenced conditionInfo="{\"Referenced\":{\"Pattern\":\"com.sun.awt.SecurityWarning\",\"Location\":\"IMPORT\",\"annotated\":{\"pattern\":\"\"},\"Filepaths\":null}}" provider=java symbols=0
time="2026-09-23T15:01:06+02:00" level=info msg="Adding Carrier span info to context" worker=8
time="2026-09-23T15:01:06+02:00" level=info msg="rule returned" ruleID=java-12-deprecate-security-00000
time="2026-09-23T15:01:06+02:00" level=info msg="processed rule" logger=process-rule processed=227 ruleID=java-12-deprecate-security-00000 total=312
time="2026-09-23T15:01:06+02:00" level=info msg="Symbols retrieved" cap=referenced conditionInfo="{\"Referenced\":{\"Pattern\":\"java.util.Inflator.finalize\",\"Location\":\"METHOD_CALL\",\"annotated\":{\"pattern\":\"\"},\"Filepaths\":null}}" provider=java symbols=0
time="2026-09-23T15:01:06+02:00" level=info msg="language server log" line="!MESSAGE KONVEYOR_LOG: Searching in target project: [Lorg.eclipse.jdt.core.IJavaProject;@11ab20f9" provider=java
time="2026-09-23T15:01:06+02:00" level=info msg="language server log" line="!MESSAGE KONVEYOR_LOG: Searching in target project: [Lorg.eclipse.jdt.core.IJavaProject;@1270e631" provider=java
time="2026-09-23T15:01:06+02:00" level=info msg="language server log" line="!MESSAGE KONVEYOR_LOG: source-only analysis mode only scoping to Sources" provider=java
time="2026-09-23T15:01:06+02:00" level=info msg="language server log" line="!MESSAGE KONVEYOR_LOG: source-only analysis mode only scoping to Sources" provider=java
time="2026-09-23T15:01:06+02:00" level=info msg="language server log" line="!MESSAGE KONVEYOR_LOG: found errors: [] warnings: []" provider=java
time="2026-09-23T15:01:06+02:00" level=info msg="language server log" line="!MESSAGE KONVEYOR_LOG: Searching in target project: [Lorg.eclipse.jdt.core.IJavaProject;@4ade0a09" provider=java
time="2026-09-23T15:01:06+02:00" level=info msg="language server log" line="!MESSAGE KONVEYOR_LOG: found errors: [] warnings: []" provider=java
time="2026-09-23T15:01:06+02:00" level=info msg="language server log" line="!MESSAGE KONVEYOR_LOG: source-only analysis mode only scoping to Sources" provider=java
time="2026-09-23T15:01:06+02:00" level=info msg="language server log" line="!MESSAGE KONVEYOR_LOG: pattern: TypeDeclarationPattern: qualification<com.sun.awt>, type<SecurityWarning> TypeDeclarationPattern: pkg<*>, enclosing<*>, type<SecurityWarning>, exact match, case sensitive, generic full match, fine grain: none | TypeReferencePattern: qualification<com.sun.awt>, type<SecurityWarning>, exact match, case sensitive, generic full match, fine grain: none" provider=java
time="2026-09-23T15:01:06+02:00" level=info msg="language server log" line="!MESSAGE KONVEYOR_LOG: pattern: MethodReferencePattern: java.util.inflator.finalize(...), exact match, case insensitive, generic erasure match, fine grain: QUALIFIED_REFERENCE" provider=java
time="2026-09-23T15:01:06+02:00" level=info msg="language server log" line="!MESSAGE KONVEYOR_LOG: found errors: [] warnings: []" provider=java
time="2026-09-23T15:01:06+02:00" level=info msg="language server log" line="!MESSAGE KONVEYOR_LOG: Got: 0 Number of search matching the query: \"com.sun.awt.SecurityWarning\" and location type: 8" provider=java
time="2026-09-23T15:01:06+02:00" level=info msg="language server log" line="!MESSAGE KONVEYOR_LOG: Results size: 0" provider=java
time="2026-09-23T15:01:06+02:00" level=info msg="language server log" line="!MESSAGE KONVEYOR_LOG: pattern: MethodReferencePattern: java.io.fileoutputstream.finalize(...), exact match, case insensitive, generic erasure match, fine grain: QUALIFIED_REFERENCE" provider=java
time="2026-09-23T15:01:06+02:00" level=info msg="language server log" line="!MESSAGE KONVEYOR_LOG: Searching in target project: [Lorg.eclipse.jdt.core.IJavaProject;@51b0bcb0" provider=java
time="2026-09-23T15:01:06+02:00" level=info msg="language server log" line="!MESSAGE KONVEYOR_LOG: source-only analysis mode only scoping to Sources" provider=java
time="2026-09-23T15:01:06+02:00" level=info msg="language server log" line="!MESSAGE KONVEYOR_LOG: found errors: [] warnings: []" provider=java
time="2026-09-23T15:01:06+02:00" level=info msg="language server log" line="!MESSAGE KONVEYOR_LOG: Got: 0 Number of search matching the query: \"java.util.Inflator.finalize\" and location type: 2" provider=java
time="2026-09-23T15:01:06+02:00" level=info msg="language server log" line="!MESSAGE KONVEYOR_LOG: Results size: 0" provider=java
time="2026-09-23T15:01:06+02:00" level=info msg="language server log" line="!MESSAGE KONVEYOR_LOG: pattern: MethodReferencePattern: java.lang.runtime.traceinstructions(...), exact match, case insensitive, generic erasure match, fine grain: QUALIFIED_REFERENCE" provider=java
time="2026-09-23T15:01:06+02:00" level=info msg="language server log" line="!MESSAGE KONVEYOR_LOG: Searching in target project: [Lorg.eclipse.jdt.core.IJavaProject;@65ed3301" provider=java
time="2026-09-23T15:01:06+02:00" level=info msg="language server log" line="!MESSAGE KONVEYOR_LOG: source-only analysis mode only scoping to Sources" provider=java
time="2026-09-23T15:01:06+02:00" level=info msg="language server log" line="!MESSAGE KONVEYOR_LOG: found errors: [] warnings: []" provider=java
time="2026-09-23T15:01:06+02:00" level=info msg="language server log" line="!MESSAGE KONVEYOR_LOG: pattern: MethodReferencePattern: java.util.deflater.finalize(...), exact match, case insensitive, generic erasure match, fine grain: QUALIFIED_REFERENCE" provider=java
time="2026-09-23T15:01:06+02:00" level=info msg="Symbols retrieved" cap=referenced conditionInfo="{\"Referenced\":{\"Pattern\":\"java.io.FileOutputStream.finalize\",\"Location\":\"METHOD_CALL\",\"annotated\":{\"pattern\":\"\"},\"Filepaths\":null}}" provider=java symbols=0
time="2026-09-23T15:01:06+02:00" level=info msg="Adding Carrier span info to context" worker=6
time="2026-09-23T15:01:06+02:00" level=info msg="rule returned" ruleID=java-12-deprecate-finalize-00000
time="2026-09-23T15:01:06+02:00" level=info msg="processed rule" logger=process-rule processed=228 ruleID=java-12-deprecate-finalize-00000 total=312
time="2026-09-23T15:01:06+02:00" level=info msg="Symbols retrieved" cap=referenced conditionInfo="{\"Referenced\":{\"Pattern\":\"javax.security.cert*\",\"Location\":\"PACKAGE\",\"annotated\":{\"pattern\":\"\"},\"Filepaths\":null}}" provider=java symbols=0
time="2026-09-23T15:01:06+02:00" level=info msg="Adding Carrier span info to context" worker=6
time="2026-09-23T15:01:06+02:00" level=info msg="rule returned" ruleID=java-13-deprecate-security-00000
time="2026-09-23T15:01:06+02:00" level=info msg="processed rule" logger=process-rule processed=229 ruleID=java-13-deprecate-security-00000 total=312
time="2026-09-23T15:01:06+02:00" level=info msg="Symbols retrieved" cap=referenced conditionInfo="{\"Referenced\":{\"Pattern\":\"java.lang.Runtime.traceInstructions\",\"Location\":\"METHOD_CALL\",\"annotated\":{\"pattern\":\"\"},\"Filepaths\":null}}" provider=java symbols=0
time="2026-09-23T15:01:06+02:00" level=info msg="language server log" line="!MESSAGE KONVEYOR_LOG: Got: 0 Number of search matching the query: \"java.io.FileOutputStream.finalize\" and location type: 2" provider=java
time="2026-09-23T15:01:06+02:00" level=info msg="language server log" line="!MESSAGE KONVEYOR_LOG: Results size: 0" provider=java
time="2026-09-23T15:01:06+02:00" level=info msg="language server log" line="!MESSAGE KONVEYOR_LOG: Searching in target project: [Lorg.eclipse.jdt.core.IJavaProject;@536e7e8a" provider=java
time="2026-09-23T15:01:06+02:00" level=info msg="language server log" line="!MESSAGE KONVEYOR_LOG: source-only analysis mode only scoping to Sources" provider=java
time="2026-09-23T15:01:06+02:00" level=info msg="language server log" line="!MESSAGE KONVEYOR_LOG: found errors: [] warnings: []" provider=java
time="2026-09-23T15:01:06+02:00" level=info msg="Symbols retrieved" cap=referenced conditionInfo="{\"Referenced\":{\"Pattern\":\"java.util.Deflater.finalize\",\"Location\":\"METHOD_CALL\",\"annotated\":{\"pattern\":\"\"},\"Filepaths\":null}}" provider=java symbols=0
time="2026-09-23T15:01:06+02:00" level=info msg="language server log" line="!MESSAGE KONVEYOR_LOG: pattern: PackageDeclarationPattern: <javax.security.cert*>, pattern match, case insensitive, generic full match, fine grain: none | PackageReferencePattern: <javax.security.cert*>, pattern match, case insensitive, generic full match, fine grain: none" provider=java
time="2026-09-23T15:01:06+02:00" level=info msg="Adding Carrier span info to context" worker=5
time="2026-09-23T15:01:06+02:00" level=info msg="rule returned" ruleID=java-12-deprecate-finalize-00001
time="2026-09-23T15:01:06+02:00" level=info msg="processed rule" logger=process-rule processed=230 ruleID=java-12-deprecate-finalize-00001 total=312
time="2026-09-23T15:01:06+02:00" level=info msg="language server log" line="!MESSAGE KONVEYOR_LOG: Got: 0 Number of search matching the query: \"javax.security.cert*\" and location type: 11" provider=java
time="2026-09-23T15:01:06+02:00" level=info msg="language server log" line="!MESSAGE KONVEYOR_LOG: Results size: 0" provider=java
time="2026-09-23T15:01:06+02:00" level=info msg="language server log" line="!MESSAGE KONVEYOR_LOG: Got: 0 Number of search matching the query: \"java.lang.Runtime.traceInstructions\" and location type: 2" provider=java
time="2026-09-23T15:01:06+02:00" level=info msg="language server log" line="!MESSAGE KONVEYOR_LOG: Searching in target project: [Lorg.eclipse.jdt.core.IJavaProject;@3468dab3" provider=java
time="2026-09-23T15:01:06+02:00" level=info msg="language server log" line="!MESSAGE KONVEYOR_LOG: Results size: 0" provider=java
time="2026-09-23T15:01:06+02:00" level=info msg="language server log" line="!MESSAGE KONVEYOR_LOG: source-only analysis mode only scoping to Sources" provider=java
time="2026-09-23T15:01:06+02:00" level=info msg="language server log" line="!MESSAGE KONVEYOR_LOG: found errors: [] warnings: []" provider=java
time="2026-09-23T15:01:06+02:00" level=info msg="language server log" line="!MESSAGE KONVEYOR_LOG: Searching in target project: [Lorg.eclipse.jdt.core.IJavaProject;@2510bc34" provider=java
time="2026-09-23T15:01:06+02:00" level=info msg="language server log" line="!MESSAGE KONVEYOR_LOG: source-only analysis mode only scoping to Sources" provider=java
time="2026-09-23T15:01:06+02:00" level=info msg="language server log" line="!MESSAGE KONVEYOR_LOG: found errors: [] warnings: []" provider=java
time="2026-09-23T15:01:06+02:00" level=info msg="language server log" line="!MESSAGE KONVEYOR_LOG: pattern: MethodReferencePattern: java.lang.runtime.tracemethodcalls(...), exact match, case insensitive, generic erasure match, fine grain: QUALIFIED_REFERENCE" provider=java
time="2026-09-23T15:01:06+02:00" level=info msg="language server log" line="!MESSAGE KONVEYOR_LOG: pattern: TypeDeclarationPattern: qualification<java.util.jar>, type<Pack200> TypeDeclarationPattern: pkg<*>, enclosing<*>, type<Pack200>, exact match, case sensitive, generic full match, fine grain: none | TypeReferencePattern: qualification<java.util.jar>, type<Pack200>, exact match, case sensitive, generic full match, fine grain: none | MethodReferencePattern: java.util.jar.pack200(...), exact match, case insensitive, generic erasure match, fine grain: QUALIFIED_REFERENCE | ConstructorCombinedPattern: java.util.jar.Pack200(...), exact match, case sensitive, generic erasure match, fine grain: none | TypeDeclarationPattern: qualification<java.util.jar.Pack200>, type<Packer> TypeDeclarationPattern: pkg<*>, enclosing<*>, type<Packer>, exact match, case sensitive, generic full match, fine grain: none | TypeReferencePattern: qualification<java.util.jar.Pack200>, type<Packer>, exact match, case sensitive, generic full match, fine grain: none | MethodReferencePattern: java.util.jar.pack200.packer(...), exact match, case insensitive, generic erasure match, fine grain: QUALIFIED_REFERENCE | ConstructorCombinedPattern: java.util.jar.Pack200.Packer(...), exact match, case sensitive, generic erasure match, fine grain: none | TypeDeclarationPattern: qualification<java.util.jar.Pack200>, type<Unpacker> TypeDeclarationPattern: pkg<*>, enclosing<*>, type<Unpacker>, exact match, case sensitive, generic full match, fine grain: none | TypeReferencePattern: qualification<java.util.jar.Pack200>, type<Unpacker>, exact match, case sensitive, generic full match, fine grain: none | MethodReferencePattern: java.util.jar.pack200.unpacker(...), exact match, case insensitive, generic erasure match, fine grain: QUALIFIED_REFERENCE | ConstructorCombinedPattern: java.util.jar.Pack200.Unpacker(...), exact match, case sensitive, generic erasure match, fine grain: none" provider=java
time="2026-09-23T15:01:06+02:00" level=info msg="language server log" line="!MESSAGE KONVEYOR_LOG: Got: 0 Number of search matching the query: \"java.util.Deflater.finalize\" and location type: 2" provider=java
time="2026-09-23T15:01:06+02:00" level=info msg="language server log" line="!MESSAGE KONVEYOR_LOG: Results size: 0" provider=java
time="2026-09-23T15:01:06+02:00" level=info msg="Adding Carrier span info to context" worker=5
time="2026-09-23T15:01:06+02:00" level=info msg="rule returned" ruleID=java-14-deprecate-property-00000
time="2026-09-23T15:01:06+02:00" level=info msg="processed rule" logger=process-rule processed=231 ruleID=java-14-deprecate-property-00000 total=312
time="2026-09-23T15:01:06+02:00" level=info msg="Adding Carrier span info to context" worker=2
time="2026-09-23T15:01:06+02:00" level=info msg="rule returned" ruleID=azure-java-sdk-legacy-migration-01000
time="2026-09-23T15:01:06+02:00" level=info msg="processed rule" logger=process-rule processed=232 ruleID=azure-java-sdk-legacy-migration-01000 total=312
time="2026-09-23T15:01:06+02:00" level=info msg="language server log" line="!MESSAGE KONVEYOR_LOG: Searching in target project: [Lorg.eclipse.jdt.core.IJavaProject;@1956b7ff" provider=java
time="2026-09-23T15:01:06+02:00" level=info msg="language server log" line="!MESSAGE KONVEYOR_LOG: source-only analysis mode only scoping to Sources" provider=java
time="2026-09-23T15:01:06+02:00" level=info msg="language server log" line="!MESSAGE KONVEYOR_LOG: found errors: [] warnings: []" provider=java
time="2026-09-23T15:01:06+02:00" level=info msg="language server log" line="!MESSAGE KONVEYOR_LOG: pattern: MethodReferencePattern: netscape.javascript.jsobject.getwindow(...), exact match, case insensitive, generic erasure match, fine grain: QUALIFIED_REFERENCE" provider=java
time="2026-09-23T15:01:06+02:00" level=info msg="language server log" line="!MESSAGE KONVEYOR_LOG: Searching in target project: [Lorg.eclipse.jdt.core.IJavaProject;@6b042c00" provider=java
time="2026-09-23T15:01:06+02:00" level=info msg="language server log" line="!MESSAGE KONVEYOR_LOG: source-only analysis mode only scoping to Sources" provider=java
time="2026-09-23T15:01:06+02:00" level=info msg="language server log" line="!MESSAGE KONVEYOR_LOG: found errors: [] warnings: []" provider=java
time="2026-09-23T15:01:06+02:00" level=info msg="Symbols retrieved" cap=referenced conditionInfo="{\"Referenced\":{\"Pattern\":\"java.security.acl*\",\"Location\":\"PACKAGE\",\"annotated\":{\"pattern\":\"\"},\"Filepaths\":null}}" provider=java symbols=0
time="2026-09-23T15:01:06+02:00" level=info msg="Adding Carrier span info to context" worker=2
time="2026-09-23T15:01:06+02:00" level=info msg="rule returned" ruleID=java-14-deprecate-security-00000
time="2026-09-23T15:01:06+02:00" level=info msg="processed rule" logger=process-rule processed=233 ruleID=java-14-deprecate-security-00000 total=312
time="2026-09-23T15:01:06+02:00" level=info msg="language server log" line="!MESSAGE KONVEYOR_LOG: pattern: PackageDeclarationPattern: <java.security.acl*>, pattern match, case insensitive, generic full match, fine grain: none | PackageReferencePattern: <java.security.acl*>, pattern match, case insensitive, generic full match, fine grain: none" provider=java
time="2026-09-23T15:01:06+02:00" level=info msg="language server log" line="!MESSAGE KONVEYOR_LOG: Got: 0 Number of search matching the query: \"java.security.acl*\" and location type: 11" provider=java
time="2026-09-23T15:01:06+02:00" level=info msg="language server log" line="!MESSAGE KONVEYOR_LOG: Results size: 0" provider=java
time="2026-09-23T15:01:06+02:00" level=info msg="language server log" line="!MESSAGE KONVEYOR_LOG: Searching in target project: [Lorg.eclipse.jdt.core.IJavaProject;@41d4b6c7" provider=java
time="2026-09-23T15:01:06+02:00" level=info msg="language server log" line="!MESSAGE KONVEYOR_LOG: source-only analysis mode only scoping to Sources" provider=java
time="2026-09-23T15:01:06+02:00" level=info msg="language server log" line="!MESSAGE KONVEYOR_LOG: found errors: [] warnings: []" provider=java
time="2026-09-23T15:01:06+02:00" level=info msg="language server log" line="!MESSAGE KONVEYOR_LOG: pattern: MethodReferencePattern: java.lang.thread.suspend(...), exact match, case insensitive, generic erasure match, fine grain: QUALIFIED_REFERENCE" provider=java
time="2026-09-23T15:01:06+02:00" level=info msg="Symbols retrieved" cap=referenced conditionInfo="{\"Referenced\":{\"Pattern\":\"java.lang.Runtime.traceMethodCalls\",\"Location\":\"METHOD_CALL\",\"annotated\":{\"pattern\":\"\"},\"Filepaths\":null}}" provider=java symbols=0
time="2026-09-23T15:01:06+02:00" level=info msg="Adding Carrier span info to context" worker=8
time="2026-09-23T15:01:06+02:00" level=info msg="rule returned" ruleID=java-13-deprecate-runtime-00000
time="2026-09-23T15:01:06+02:00" level=info msg="processed rule" logger=process-rule processed=234 ruleID=java-13-deprecate-runtime-00000 total=312
time="2026-09-23T15:01:06+02:00" level=info msg="Symbols retrieved" cap=referenced conditionInfo="{\"Referenced\":{\"Pattern\":\"netscape.javascript.JSObject.getWindow\",\"Location\":\"METHOD_CALL\",\"annotated\":{\"pattern\":\"\"},\"Filepaths\":null}}" provider=java symbols=0
time="2026-09-23T15:01:06+02:00" level=info msg="Adding Carrier span info to context" worker=5
time="2026-09-23T15:01:06+02:00" level=info msg="rule returned" ruleID=java-14-deprecate-property-00001
time="2026-09-23T15:01:06+02:00" level=info msg="processed rule" logger=process-rule processed=235 ruleID=java-14-deprecate-property-00001 total=312
time="2026-09-23T15:01:06+02:00" level=info msg="language server log" line="!MESSAGE KONVEYOR_LOG: Got: 0 Number of search matching the query: \"java.lang.Runtime.traceMethodCalls\" and location type: 2" provider=java
time="2026-09-23T15:01:06+02:00" level=info msg="language server log" line="!MESSAGE KONVEYOR_LOG: Results size: 0" provider=java
time="2026-09-23T15:01:06+02:00" level=info msg="language server log" line="!MESSAGE KONVEYOR_LOG: Got: 0 Number of search matching the query: \"netscape.javascript.JSObject.getWindow\" and location type: 2" provider=java
time="2026-09-23T15:01:06+02:00" level=info msg="Symbols retrieved" cap=referenced conditionInfo="{\"Referenced\":{\"Pattern\":\"java.lang.Thread.suspend\",\"Location\":\"METHOD_CALL\",\"annotated\":{\"pattern\":\"\"},\"Filepaths\":null}}" provider=java symbols=0
time="2026-09-23T15:01:06+02:00" level=info msg="language server log" line="!MESSAGE KONVEYOR_LOG: Results size: 0" provider=java
time="2026-09-23T15:01:06+02:00" level=info msg="language server log" line="!MESSAGE KONVEYOR_LOG: Got: 0 Number of search matching the query: \"java.lang.Thread.suspend\" and location type: 2" provider=java
time="2026-09-23T15:01:06+02:00" level=info msg="language server log" line="!MESSAGE KONVEYOR_LOG: Results size: 0" provider=java
time="2026-09-23T15:01:06+02:00" level=info msg="language server log" line="!MESSAGE KONVEYOR_LOG: Searching in target project: [Lorg.eclipse.jdt.core.IJavaProject;@5ae71132" provider=java
time="2026-09-23T15:01:06+02:00" level=info msg="language server log" line="!MESSAGE KONVEYOR_LOG: Searching in target project: [Lorg.eclipse.jdt.core.IJavaProject;@374e9fe6" provider=java
time="2026-09-23T15:01:06+02:00" level=info msg="language server log" line="!MESSAGE KONVEYOR_LOG: source-only analysis mode only scoping to Sources" provider=java
time="2026-09-23T15:01:06+02:00" level=info msg="language server log" line="!MESSAGE KONVEYOR_LOG: source-only analysis mode only scoping to Sources" provider=java
time="2026-09-23T15:01:06+02:00" level=info msg="language server log" line="!MESSAGE KONVEYOR_LOG: found errors: [] warnings: []" provider=java
time="2026-09-23T15:01:06+02:00" level=info msg="language server log" line="!MESSAGE KONVEYOR_LOG: found errors: [] warnings: []" provider=java
time="2026-09-23T15:01:06+02:00" level=info msg="language server log" line="!MESSAGE KONVEYOR_LOG: Searching in target project: [Lorg.eclipse.jdt.core.IJavaProject;@12d7863b" provider=java
time="2026-09-23T15:01:06+02:00" level=info msg="language server log" line="!MESSAGE KONVEYOR_LOG: pattern: TypeDeclarationPattern: qualification<javax.management.remote.rmi>, type<rmiconnectorserver*> TypeDeclarationPattern: pkg<*>, enclosing<*>, type<rmiconnectorserver*>, pattern match, case insensitive, generic full match, fine grain: none | TypeReferencePattern: qualification<javax.management.remote.rmi>, type<rmiconnectorserver*>, pattern match, case insensitive, generic full match, fine grain: none" provider=java
time="2026-09-23T15:01:06+02:00" level=info msg="language server log" line="!MESSAGE KONVEYOR_LOG: pattern: PackageDeclarationPattern: <com.sun.jarsigner.ContentSigner*>, pattern match, case insensitive, generic full match, fine grain: none | PackageReferencePattern: <com.sun.jarsigner.contentsigner*>, pattern match, case insensitive, generic full match, fine grain: none" provider=java
time="2026-09-23T15:01:06+02:00" level=info msg="language server log" line="!MESSAGE KONVEYOR_LOG: source-only analysis mode only scoping to Sources" provider=java
time="2026-09-23T15:01:06+02:00" level=info msg="language server log" line="!MESSAGE KONVEYOR_LOG: found errors: [] warnings: []" provider=java
time="2026-09-23T15:01:06+02:00" level=info msg="language server log" line="!MESSAGE KONVEYOR_LOG: Got: 0 Number of search matching the query: \"javax.management.remote.rmi.RMIConnectorServer*\" and location type: 8" provider=java
time="2026-09-23T15:01:06+02:00" level=info msg="language server log" line="!MESSAGE KONVEYOR_LOG: Results size: 0" provider=java
time="2026-09-23T15:01:06+02:00" level=info msg="language server log" line="!MESSAGE KONVEYOR_LOG: pattern: MethodReferencePattern: java.lang.thread.resume(...), exact match, case insensitive, generic erasure match, fine grain: QUALIFIED_REFERENCE" provider=java
time="2026-09-23T15:01:06+02:00" level=info msg="Symbols retrieved" cap=referenced conditionInfo="{\"Referenced\":{\"Pattern\":\"com.sun.jarsigner.ContentSigner*\",\"Location\":\"PACKAGE\",\"annotated\":{\"pattern\":\"\"},\"Filepaths\":null}}" provider=java symbols=0
time="2026-09-23T15:01:06+02:00" level=info msg="Adding Carrier span info to context" worker=5
time="2026-09-23T15:01:06+02:00" level=info msg="Symbols retrieved" cap=referenced conditionInfo="{\"Referenced\":{\"Pattern\":\"javax.management.remote.rmi.RMIConnectorServer*\",\"Location\":\"IMPORT\",\"annotated\":{\"pattern\":\"\"},\"Filepaths\":null}}" provider=java symbols=0
time="2026-09-23T15:01:06+02:00" level=info msg="rule returned" ruleID=java-15-deprecate-signer-00000
time="2026-09-23T15:01:06+02:00" level=info msg="processed rule" logger=process-rule processed=236 ruleID=java-15-deprecate-signer-00000 total=312
time="2026-09-23T15:01:06+02:00" level=info msg="language server log" line="!MESSAGE KONVEYOR_LOG: Got: 0 Number of search matching the query: \"com.sun.jarsigner.ContentSigner*\" and location type: 11" provider=java
time="2026-09-23T15:01:06+02:00" level=info msg="language server log" line="!MESSAGE KONVEYOR_LOG: Results size: 0" provider=java
time="2026-09-23T15:01:06+02:00" level=info msg="language server log" line="!MESSAGE KONVEYOR_LOG: Searching in target project: [Lorg.eclipse.jdt.core.IJavaProject;@7b380227" provider=java
time="2026-09-23T15:01:06+02:00" level=info msg="language server log" line="!MESSAGE KONVEYOR_LOG: source-only analysis mode only scoping to Sources" provider=java
time="2026-09-23T15:01:06+02:00" level=info msg="language server log" line="!MESSAGE KONVEYOR_LOG: found errors: [] warnings: []" provider=java
time="2026-09-23T15:01:06+02:00" level=info msg="language server log" line="!MESSAGE KONVEYOR_LOG: pattern: MethodReferencePattern: javax.net.ssl.sslsession.getpeercertificatechain(...), exact match, case insensitive, generic erasure match, fine grain: QUALIFIED_REFERENCE" provider=java
time="2026-09-23T15:01:06+02:00" level=info msg="language server log" line="!MESSAGE KONVEYOR_LOG: Got: 0 Number of search matching the query: \"java.util.jar.(Pack200|Pack200.Packer|Pack200.Unpacker)\" and location type: 0" provider=java
time="2026-09-23T15:01:06+02:00" level=info msg="language server log" line="!MESSAGE KONVEYOR_LOG: Results size: 0" provider=java
time="2026-09-23T15:01:06+02:00" level=info msg="Symbols retrieved" cap=referenced conditionInfo="{\"Referenced\":{\"Pattern\":\"java.util.jar.(Pack200|Pack200.Packer|Pack200.Unpacker)\",\"Location\":\"\",\"annotated\":{\"pattern\":\"\"},\"Filepaths\":null}}" provider=java symbols=0
time="2026-09-23T15:01:06+02:00" level=info msg="Adding Carrier span info to context" worker=6
time="2026-09-23T15:01:06+02:00" level=info msg="rule returned" ruleID=java-14-deprecate-pack-00000
time="2026-09-23T15:01:06+02:00" level=info msg="processed rule" logger=process-rule processed=237 ruleID=java-14-deprecate-pack-00000 total=312
time="2026-09-23T15:01:06+02:00" level=info msg="rule returned" ruleID=java-15-deprecate-property-00000
time="2026-09-23T15:01:06+02:00" level=info msg="processed rule" logger=process-rule processed=238 ruleID=java-15-deprecate-property-00000 total=312
time="2026-09-23T15:01:06+02:00" level=info msg="Adding Carrier span info to context" worker=8
time="2026-09-23T15:01:06+02:00" level=info msg="language server log" line="!MESSAGE KONVEYOR_LOG: Searching in target project: [Lorg.eclipse.jdt.core.IJavaProject;@1b74f997" provider=java
time="2026-09-23T15:01:06+02:00" level=info msg="language server log" line="!MESSAGE KONVEYOR_LOG: source-only analysis mode only scoping to Sources" provider=java
time="2026-09-23T15:01:06+02:00" level=info msg="language server log" line="!MESSAGE KONVEYOR_LOG: found errors: [] warnings: []" provider=java
time="2026-09-23T15:01:06+02:00" level=info msg="language server log" line="!MESSAGE KONVEYOR_LOG: pattern: MethodReferencePattern: java.security.cert.x509certificate.getissuerdn(...), exact match, case insensitive, generic erasure match, fine grain: QUALIFIED_REFERENCE" provider=java
time="2026-09-23T15:01:06+02:00" level=info msg="Symbols retrieved" cap=referenced conditionInfo="{\"Referenced\":{\"Pattern\":\"javax.net.ssl.SSLSession.getPeerCertificateChain\",\"Location\":\"METHOD_CALL\",\"annotated\":{\"pattern\":\"\"},\"Filepaths\":null}}" provider=java symbols=0
time="2026-09-23T15:01:06+02:00" level=info msg="Adding Carrier span info to context" worker=5
time="2026-09-23T15:01:06+02:00" level=info msg="rule returned" ruleID=java-15-deprecate-ssl-00000
time="2026-09-23T15:01:06+02:00" level=info msg="processed rule" logger=process-rule processed=239 ruleID=java-15-deprecate-ssl-00000 total=312
time="2026-09-23T15:01:06+02:00" level=info msg="language server log" line="!MESSAGE KONVEYOR_LOG: Got: 0 Number of search matching the query: \"javax.net.ssl.SSLSession.getPeerCertificateChain\" and location type: 2" provider=java
time="2026-09-23T15:01:06+02:00" level=info msg="language server log" line="!MESSAGE KONVEYOR_LOG: Results size: 0" provider=java
time="2026-09-23T15:01:06+02:00" level=info msg="Adding Carrier span info to context" worker=6
time="2026-09-23T15:01:06+02:00" level=info msg="rule returned" ruleID=java-15-deprecate-ssl-00001
time="2026-09-23T15:01:06+02:00" level=info msg="processed rule" logger=process-rule processed=240 ruleID=java-15-deprecate-ssl-00001 total=312
time="2026-09-23T15:01:06+02:00" level=info msg="Symbols retrieved" cap=referenced conditionInfo="{\"Referenced\":{\"Pattern\":\"java.lang.Thread.resume\",\"Location\":\"METHOD_CALL\",\"annotated\":{\"pattern\":\"\"},\"Filepaths\":null}}" provider=java symbols=0
time="2026-09-23T15:01:06+02:00" level=info msg="language server log" line="!MESSAGE KONVEYOR_LOG: Got: 0 Number of search matching the query: \"java.lang.Thread.resume\" and location type: 2" provider=java
time="2026-09-23T15:01:06+02:00" level=info msg="language server log" line="!MESSAGE KONVEYOR_LOG: Results size: 0" provider=java
time="2026-09-23T15:01:06+02:00" level=info msg="language server log" line="!MESSAGE KONVEYOR_LOG: Searching in target project: [Lorg.eclipse.jdt.core.IJavaProject;@7fe30684" provider=java
time="2026-09-23T15:01:06+02:00" level=info msg="language server log" line="!MESSAGE KONVEYOR_LOG: source-only analysis mode only scoping to Sources" provider=java
time="2026-09-23T15:01:06+02:00" level=info msg="language server log" line="!MESSAGE KONVEYOR_LOG: found errors: [] warnings: []" provider=java
time="2026-09-23T15:01:06+02:00" level=info msg="language server log" line="!MESSAGE KONVEYOR_LOG: pattern: MethodReferencePattern: java.lang.threadgroup.destroy(...), exact match, case insensitive, generic erasure match, fine grain: QUALIFIED_REFERENCE" provider=java
time="2026-09-23T15:01:06+02:00" level=info msg="language server log" line="!MESSAGE KONVEYOR_LOG: Searching in target project: [Lorg.eclipse.jdt.core.IJavaProject;@304bba0d" provider=java
time="2026-09-23T15:01:06+02:00" level=info msg="language server log" line="!MESSAGE KONVEYOR_LOG: source-only analysis mode only scoping to Sources" provider=java
time="2026-09-23T15:01:06+02:00" level=info msg="language server log" line="!MESSAGE KONVEYOR_LOG: found errors: [] warnings: []" provider=java
time="2026-09-23T15:01:06+02:00" level=info msg="language server log" line="!MESSAGE KONVEYOR_LOG: pattern: MethodReferencePattern: java.lang.threadgroup.suspend(...), exact match, case insensitive, generic erasure match, fine grain: QUALIFIED_REFERENCE" provider=java
time="2026-09-23T15:01:06+02:00" level=info msg="language server log" line="!MESSAGE KONVEYOR_LOG: Searching in target project: [Lorg.eclipse.jdt.core.IJavaProject;@1bfb3112" provider=java
time="2026-09-23T15:01:06+02:00" level=info msg="language server log" line="!MESSAGE KONVEYOR_LOG: source-only analysis mode only scoping to Sources" provider=java
time="2026-09-23T15:01:06+02:00" level=info msg="language server log" line="!MESSAGE KONVEYOR_LOG: found errors: [] warnings: []" provider=java
time="2026-09-23T15:01:06+02:00" level=info msg="language server log" line="!MESSAGE KONVEYOR_LOG: pattern: PackageDeclarationPattern: <java.applet*>, pattern match, case insensitive, generic full match, fine grain: none | PackageReferencePattern: <java.applet*>, pattern match, case insensitive, generic full match, fine grain: none" provider=java
time="2026-09-23T15:01:06+02:00" level=info msg="language server log" line="!MESSAGE KONVEYOR_LOG: Got: 0 Number of search matching the query: \"java.applet*\" and location type: 11" provider=java
time="2026-09-23T15:01:06+02:00" level=info msg="language server log" line="!MESSAGE KONVEYOR_LOG: Results size: 0" provider=java
time="2026-09-23T15:01:06+02:00" level=info msg="Symbols retrieved" cap=referenced conditionInfo="{\"Referenced\":{\"Pattern\":\"java.applet*\",\"Location\":\"PACKAGE\",\"annotated\":{\"pattern\":\"\"},\"Filepaths\":null}}" provider=java symbols=0
time="2026-09-23T15:01:06+02:00" level=info msg="language server log" line="!MESSAGE KONVEYOR_LOG: Searching in target project: [Lorg.eclipse.jdt.core.IJavaProject;@1c42c213" provider=java
time="2026-09-23T15:01:06+02:00" level=info msg="language server log" line="!MESSAGE KONVEYOR_LOG: source-only analysis mode only scoping to Sources" provider=java
time="2026-09-23T15:01:06+02:00" level=info msg="language server log" line="!MESSAGE KONVEYOR_LOG: found errors: [] warnings: []" provider=java
time="2026-09-23T15:01:06+02:00" level=info msg="language server log" line="!MESSAGE KONVEYOR_LOG: pattern: SuperInterfaceReferencePattern: <AppletInitializer>, exact match, case sensitive, generic full match, fine grain: none" provider=java
time="2026-09-23T15:01:06+02:00" level=info msg="Symbols retrieved" cap=referenced conditionInfo="{\"Referenced\":{\"Pattern\":\"java.beans.AppletInitializer\",\"Location\":\"IMPLEMENTS_TYPE\",\"annotated\":{\"pattern\":\"\"},\"Filepaths\":null}}" provider=java symbols=0
time="2026-09-23T15:01:06+02:00" level=info msg="language server log" line="!MESSAGE KONVEYOR_LOG: Got: 0 Number of search matching the query: \"java.beans.AppletInitializer\" and location type: 5" provider=java
time="2026-09-23T15:01:06+02:00" level=info msg="language server log" line="!MESSAGE KONVEYOR_LOG: Results size: 0" provider=java
time="2026-09-23T15:01:06+02:00" level=info msg="language server log" line="!MESSAGE KONVEYOR_LOG: Searching in target project: [Lorg.eclipse.jdt.core.IJavaProject;@7e4e3e28" provider=java
time="2026-09-23T15:01:06+02:00" level=info msg="language server log" line="!MESSAGE KONVEYOR_LOG: source-only analysis mode only scoping to Sources" provider=java
time="2026-09-23T15:01:06+02:00" level=info msg="language server log" line="!MESSAGE KONVEYOR_LOG: found errors: [] warnings: []" provider=java
time="2026-09-23T15:01:06+02:00" level=info msg="language server log" line="!MESSAGE KONVEYOR_LOG: pattern: TypeDeclarationPattern: qualification<javax.swing>, type<JApplet> TypeDeclarationPattern: pkg<*>, enclosing<*>, type<JApplet>, exact match, case sensitive, generic full match, fine grain: none | TypeReferencePattern: qualification<javax.swing>, type<JApplet>, exact match, case sensitive, generic full match, fine grain: none" provider=java
time="2026-09-23T15:01:06+02:00" level=info msg="language server log" line="!MESSAGE KONVEYOR_LOG: Got: 0 Number of search matching the query: \"javax.swing.JApplet\" and location type: 10" provider=java
time="2026-09-23T15:01:06+02:00" level=info msg="language server log" line="!MESSAGE KONVEYOR_LOG: Results size: 0" provider=java
time="2026-09-23T15:01:06+02:00" level=info msg="Symbols retrieved" cap=referenced conditionInfo="{\"Referenced\":{\"Pattern\":\"javax.swing.JApplet\",\"Location\":\"TYPE\",\"annotated\":{\"pattern\":\"\"},\"Filepaths\":null}}" provider=java symbols=0
time="2026-09-23T15:01:06+02:00" level=info msg="Adding Carrier span info to context" worker=6
time="2026-09-23T15:01:06+02:00" level=info msg="rule returned" ruleID=java-17-deprecate-applet-00000
time="2026-09-23T15:01:06+02:00" level=info msg="processed rule" logger=process-rule processed=241 ruleID=java-17-deprecate-applet-00000 total=312
time="2026-09-23T15:01:06+02:00" level=info msg="language server log" line="!MESSAGE KONVEYOR_LOG: Searching in target project: [Lorg.eclipse.jdt.core.IJavaProject;@455c32fc" provider=java
time="2026-09-23T15:01:06+02:00" level=info msg="language server log" line="!MESSAGE KONVEYOR_LOG: source-only analysis mode only scoping to Sources" provider=java
time="2026-09-23T15:01:06+02:00" level=info msg="language server log" line="!MESSAGE KONVEYOR_LOG: found errors: [] warnings: []" provider=java
time="2026-09-23T15:01:06+02:00" level=info msg="language server log" line="!MESSAGE KONVEYOR_LOG: pattern: TypeDeclarationPattern: qualification<java.security>, type<AccessController> TypeDeclarationPattern: pkg<*>, enclosing<*>, type<AccessController>, exact match, case sensitive, generic full match, fine grain: none | TypeReferencePattern: qualification<java.security>, type<AccessController>, exact match, case sensitive, generic full match, fine grain: none | MethodReferencePattern: java.security.accesscontroller(...), exact match, case insensitive, generic erasure match, fine grain: QUALIFIED_REFERENCE | ConstructorCombinedPattern: java.security.AccessController(...), exact match, case sensitive, generic erasure match, fine grain: none | TypeDeclarationPattern: qualification<java.security>, type<AccessControlContext> TypeDeclarationPattern: pkg<*>, enclosing<*>, type<AccessControlContext>, exact match, case sensitive, generic full match, fine grain: none | TypeReferencePattern: qualification<java.security>, type<AccessControlContext>, exact match, case sensitive, generic full match, fine grain: none | MethodReferencePattern: java.security.accesscontrolcontext(...), exact match, case insensitive, generic erasure match, fine grain: QUALIFIED_REFERENCE | ConstructorCombinedPattern: java.security.AccessControlContext(...), exact match, case sensitive, generic erasure match, fine grain: none | TypeDeclarationPattern: qualification<java.security>, type<AccessControlException> TypeDeclarationPattern: pkg<*>, enclosing<*>, type<AccessControlException>, exact match, case sensitive, generic full match, fine grain: none | TypeReferencePattern: qualification<java.security>, type<AccessControlException>, exact match, case sensitive, generic full match, fine grain: none | MethodReferencePattern: java.security.accesscontrolexception(...), exact match, case insensitive, generic erasure match, fine grain: QUALIFIED_REFERENCE | ConstructorCombinedPattern: java.security.AccessControlException(...), exact match, case sensitive, generic erasure match, fine grain: none | TypeDeclarationPattern: qualification<java.security>, type<DomainCombiner> TypeDeclarationPattern: pkg<*>, enclosing<*>, type<DomainCombiner>, exact match, case sensitive, generic full match, fine grain: none | TypeReferencePattern: qualification<java.security>, type<DomainCombiner>, exact match, case sensitive, generic full match, fine grain: none | MethodReferencePattern: java.security.domaincombiner(...), exact match, case insensitive, generic erasure match, fine grain: QUALIFIED_REFERENCE | ConstructorCombinedPattern: java.security.DomainCombiner(...), exact match, case sensitive, generic erasure match, fine grain: none | TypeDeclarationPattern: qualification<java.security>, type<Policy> TypeDeclarationPattern: pkg<*>, enclosing<*>, type<Policy>, exact match, case sensitive, generic full match, fine grain: none | TypeReferencePattern: qualification<java.security>, type<Policy>, exact match, case sensitive, generic full match, fine grain: none | MethodReferencePattern: java.security.policy(...), exact match, case insensitive, generic erasure match, fine grain: QUALIFIED_REFERENCE | ConstructorCombinedPattern: java.security.Policy(...), exact match, case sensitive, generic erasure match, fine grain: none | TypeDeclarationPattern: qualification<java.security>, type<PolicySpi> TypeDeclarationPattern: pkg<*>, enclosing<*>, type<PolicySpi>, exact match, case sensitive, generic full match, fine grain: none | TypeReferencePattern: qualification<java.security>, type<PolicySpi>, exact match, case sensitive, generic full match, fine grain: none | MethodReferencePattern: java.security.policyspi(...), exact match, case insensitive, generic erasure match, fine grain: QUALIFIED_REFERENCE | ConstructorCombinedPattern: java.security.PolicySpi(...), exact match, case sensitive, generic erasure match, fine grain: none | TypeDeclarationPattern: qualification<java.security.Policy>, type<Parameters> TypeDeclarationPattern: pkg<*>, enclosing<*>, type<Parameters>, exact match, case sensitive, generic full match, fine grain: none | TypeReferencePattern: qualification<java.security.Policy>, type<Parameters>, exact match, case sensitive, generic full match, fine grain: none | MethodReferencePattern: java.security.policy.parameters(...), exact match, case insensitive, generic erasure match, fine grain: QUALIFIED_REFERENCE | ConstructorCombinedPattern: java.security.Policy.Parameters(...), exact match, case sensitive, generic erasure match, fine grain: none" provider=java
time="2026-09-23T15:01:06+02:00" level=info msg="Symbols retrieved" cap=referenced conditionInfo="{\"Referenced\":{\"Pattern\":\"java.security.cert.X509Certificate.getIssuerDN\",\"Location\":\"METHOD_CALL\",\"annotated\":{\"pattern\":\"\"},\"Filepaths\":null}}" provider=java symbols=0
time="2026-09-23T15:01:06+02:00" level=info msg="language server log" line="!MESSAGE KONVEYOR_LOG: Got: 0 Number of search matching the query: \"java.security.cert.X509Certificate.getIssuerDN\" and location type: 2" provider=java
time="2026-09-23T15:01:06+02:00" level=info msg="language server log" line="!MESSAGE KONVEYOR_LOG: Results size: 0" provider=java
time="2026-09-23T15:01:06+02:00" level=info msg="language server log" line="!MESSAGE KONVEYOR_LOG: Searching in target project: [Lorg.eclipse.jdt.core.IJavaProject;@4912a49a" provider=java
time="2026-09-23T15:01:06+02:00" level=info msg="language server log" line="!MESSAGE KONVEYOR_LOG: source-only analysis mode only scoping to Sources" provider=java
time="2026-09-23T15:01:06+02:00" level=info msg="language server log" line="!MESSAGE KONVEYOR_LOG: found errors: [] warnings: []" provider=java
time="2026-09-23T15:01:06+02:00" level=info msg="language server log" line="!MESSAGE KONVEYOR_LOG: pattern: MethodReferencePattern: java.security.cert.x509certificate.getsubjectdn(...), exact match, case insensitive, generic erasure match, fine grain: QUALIFIED_REFERENCE" provider=java
time="2026-09-23T15:01:06+02:00" level=info msg="Symbols retrieved" cap=referenced conditionInfo="{\"Referenced\":{\"Pattern\":\"java.lang.ThreadGroup.destroy\",\"Location\":\"METHOD_CALL\",\"annotated\":{\"pattern\":\"\"},\"Filepaths\":null}}" provider=java symbols=0
time="2026-09-23T15:01:06+02:00" level=info msg="language server log" line="!MESSAGE KONVEYOR_LOG: Got: 0 Number of search matching the query: \"java.lang.ThreadGroup.destroy\" and location type: 2" provider=java
time="2026-09-23T15:01:06+02:00" level=info msg="language server log" line="!MESSAGE KONVEYOR_LOG: Results size: 0" provider=java
time="2026-09-23T15:01:06+02:00" level=info msg="language server log" line="!MESSAGE KONVEYOR_LOG: Searching in target project: [Lorg.eclipse.jdt.core.IJavaProject;@75bb47cd" provider=java
time="2026-09-23T15:01:06+02:00" level=info msg="language server log" line="!MESSAGE KONVEYOR_LOG: source-only analysis mode only scoping to Sources" provider=java
time="2026-09-23T15:01:06+02:00" level=info msg="language server log" line="!MESSAGE KONVEYOR_LOG: found errors: [] warnings: []" provider=java
time="2026-09-23T15:01:06+02:00" level=info msg="language server log" line="!MESSAGE KONVEYOR_LOG: pattern: MethodReferencePattern: java.lang.threadgroup.isdestroyed(...), exact match, case insensitive, generic erasure match, fine grain: QUALIFIED_REFERENCE" provider=java
time="2026-09-23T15:01:06+02:00" level=info msg="Symbols retrieved" cap=referenced conditionInfo="{\"Referenced\":{\"Pattern\":\"java.lang.ThreadGroup.suspend\",\"Location\":\"METHOD_CALL\",\"annotated\":{\"pattern\":\"\"},\"Filepaths\":null}}" provider=java symbols=0
time="2026-09-23T15:01:06+02:00" level=info msg="language server log" line="!MESSAGE KONVEYOR_LOG: Got: 0 Number of search matching the query: \"java.lang.ThreadGroup.suspend\" and location type: 2" provider=java
time="2026-09-23T15:01:06+02:00" level=info msg="language server log" line="!MESSAGE KONVEYOR_LOG: Results size: 0" provider=java
time="2026-09-23T15:01:06+02:00" level=info msg="language server log" line="!MESSAGE KONVEYOR_LOG: Searching in target project: [Lorg.eclipse.jdt.core.IJavaProject;@1e830461" provider=java
time="2026-09-23T15:01:06+02:00" level=info msg="language server log" line="!MESSAGE KONVEYOR_LOG: source-only analysis mode only scoping to Sources" provider=java
time="2026-09-23T15:01:06+02:00" level=info msg="language server log" line="!MESSAGE KONVEYOR_LOG: found errors: [] warnings: []" provider=java
time="2026-09-23T15:01:06+02:00" level=info msg="language server log" line="!MESSAGE KONVEYOR_LOG: pattern: MethodReferencePattern: java.lang.threadgroup.resume(...), exact match, case insensitive, generic erasure match, fine grain: QUALIFIED_REFERENCE" provider=java
time="2026-09-23T15:01:06+02:00" level=info msg="Symbols retrieved" cap=referenced conditionInfo="{\"Referenced\":{\"Pattern\":\"java.security.cert.X509Certificate.getSubjectDN\",\"Location\":\"METHOD_CALL\",\"annotated\":{\"pattern\":\"\"},\"Filepaths\":null}}" provider=java symbols=0
time="2026-09-23T15:01:06+02:00" level=info msg="language server log" line="!MESSAGE KONVEYOR_LOG: Got: 0 Number of search matching the query: \"java.lang.ThreadGroup.isDestroyed\" and location type: 2" provider=java
time="2026-09-23T15:01:06+02:00" level=info msg="language server log" line="!MESSAGE KONVEYOR_LOG: Results size: 0" provider=java
time="2026-09-23T15:01:06+02:00" level=info msg="language server log" line="!MESSAGE KONVEYOR_LOG: Got: 0 Number of search matching the query: \"java.security.cert.X509Certificate.getSubjectDN\" and location type: 2" provider=java
time="2026-09-23T15:01:06+02:00" level=info msg="language server log" line="!MESSAGE KONVEYOR_LOG: Results size: 0" provider=java
time="2026-09-23T15:01:06+02:00" level=info msg="language server log" line="!MESSAGE KONVEYOR_LOG: Got: 0 Number of search matching the query: \"java.lang.ThreadGroup.resume\" and location type: 2" provider=java
time="2026-09-23T15:01:06+02:00" level=info msg="Symbols retrieved" cap=referenced conditionInfo="{\"Referenced\":{\"Pattern\":\"java.lang.ThreadGroup.isDestroyed\",\"Location\":\"METHOD_CALL\",\"annotated\":{\"pattern\":\"\"},\"Filepaths\":null}}" provider=java symbols=0
time="2026-09-23T15:01:06+02:00" level=info msg="Symbols retrieved" cap=referenced conditionInfo="{\"Referenced\":{\"Pattern\":\"java.lang.ThreadGroup.resume\",\"Location\":\"METHOD_CALL\",\"annotated\":{\"pattern\":\"\"},\"Filepaths\":null}}" provider=java symbols=0
time="2026-09-23T15:01:06+02:00" level=info msg="language server log" line="!MESSAGE KONVEYOR_LOG: Results size: 0" provider=java
time="2026-09-23T15:01:06+02:00" level=info msg="language server log" line="!MESSAGE KONVEYOR_LOG: Searching in target project: [Lorg.eclipse.jdt.core.IJavaProject;@3b5d4249" provider=java
time="2026-09-23T15:01:06+02:00" level=info msg="language server log" line="!MESSAGE KONVEYOR_LOG: Searching in target project: [Lorg.eclipse.jdt.core.IJavaProject;@56a772d5" provider=java
time="2026-09-23T15:01:06+02:00" level=info msg="language server log" line="!MESSAGE KONVEYOR_LOG: source-only analysis mode only scoping to Sources" provider=java
time="2026-09-23T15:01:06+02:00" level=info msg="language server log" line="!MESSAGE KONVEYOR_LOG: source-only analysis mode only scoping to Sources" provider=java
time="2026-09-23T15:01:06+02:00" level=info msg="language server log" line="!MESSAGE KONVEYOR_LOG: found errors: [] warnings: []" provider=java
time="2026-09-23T15:01:06+02:00" level=info msg="language server log" line="!MESSAGE KONVEYOR_LOG: found errors: [] warnings: []" provider=java
time="2026-09-23T15:01:06+02:00" level=info msg="language server log" line="!MESSAGE KONVEYOR_LOG: pattern: MethodReferencePattern: java.lang.threadgroup.setdaemon(...), exact match, case insensitive, generic erasure match, fine grain: QUALIFIED_REFERENCE" provider=java
time="2026-09-23T15:01:06+02:00" level=info msg="language server log" line="!MESSAGE KONVEYOR_LOG: Searching in target project: [Lorg.eclipse.jdt.core.IJavaProject;@7965303b" provider=java
time="2026-09-23T15:01:06+02:00" level=info msg="language server log" line="!MESSAGE KONVEYOR_LOG: source-only analysis mode only scoping to Sources" provider=java
time="2026-09-23T15:01:06+02:00" level=info msg="language server log" line="!MESSAGE KONVEYOR_LOG: found errors: [] warnings: []" provider=java
time="2026-09-23T15:01:06+02:00" level=info msg="language server log" line="!MESSAGE KONVEYOR_LOG: pattern: MethodReferencePattern: java.security.cert.x509crl.getissuerdn(...), exact match, case insensitive, generic erasure match, fine grain: QUALIFIED_REFERENCE" provider=java
time="2026-09-23T15:01:06+02:00" level=info msg="language server log" line="!MESSAGE KONVEYOR_LOG: pattern: MethodReferencePattern: java.lang.threadgroup.allowthreadsuspension(...), exact match, case insensitive, generic erasure match, fine grain: QUALIFIED_REFERENCE" provider=java
time="2026-09-23T15:01:06+02:00" level=info msg="Adding Carrier span info to context" worker=9
time="2026-09-23T15:01:06+02:00" level=info msg="rule returned" ruleID=cra-insecure-tls-cipher-suite-05000
time="2026-09-23T15:01:06+02:00" level=info msg="processed rule" logger=process-rule processed=242 ruleID=cra-insecure-tls-cipher-suite-05000 total=312
time="2026-09-23T15:01:06+02:00" level=info msg="Symbols retrieved" cap=referenced conditionInfo="{\"Referenced\":{\"Pattern\":\"java.lang.ThreadGroup.allowThreadSuspension\",\"Location\":\"METHOD_CALL\",\"annotated\":{\"pattern\":\"\"},\"Filepaths\":null}}" provider=java symbols=0
time="2026-09-23T15:01:06+02:00" level=info msg="Adding Carrier span info to context" worker=2
time="2026-09-23T15:01:06+02:00" level=info msg="rule returned" ruleID=java-14-deprecate-thread-00000
time="2026-09-23T15:01:06+02:00" level=info msg="processed rule" logger=process-rule processed=243 ruleID=java-14-deprecate-thread-00000 total=312
time="2026-09-23T15:01:06+02:00" level=info msg="language server log" line="!MESSAGE KONVEYOR_LOG: Searching in target project: [Lorg.eclipse.jdt.core.IJavaProject;@c9be871" provider=java
time="2026-09-23T15:01:06+02:00" level=info msg="language server log" line="!MESSAGE KONVEYOR_LOG: source-only analysis mode only scoping to Sources" provider=java
time="2026-09-23T15:01:06+02:00" level=info msg="language server log" line="!MESSAGE KONVEYOR_LOG: found errors: [] warnings: []" provider=java
time="2026-09-23T15:01:06+02:00" level=info msg="language server log" line="!MESSAGE KONVEYOR_LOG: Got: 0 Number of search matching the query: \"java.lang.ThreadGroup.allowThreadSuspension\" and location type: 2" provider=java
time="2026-09-23T15:01:06+02:00" level=info msg="language server log" line="!MESSAGE KONVEYOR_LOG: Results size: 0" provider=java
time="2026-09-23T15:01:06+02:00" level=info msg="language server log" line="!MESSAGE KONVEYOR_LOG: pattern: TypeDeclarationPattern: qualification<java.lang>, type<SecurityManager> TypeDeclarationPattern: pkg<*>, enclosing<*>, type<SecurityManager>, exact match, case sensitive, generic full match, fine grain: none | TypeReferencePattern: qualification<java.lang>, type<SecurityManager>, exact match, case sensitive, generic full match, fine grain: none | MethodReferencePattern: java.lang.securitymanager(...), exact match, case insensitive, generic erasure match, fine grain: QUALIFIED_REFERENCE | ConstructorCombinedPattern: java.lang.SecurityManager(...), exact match, case sensitive, generic erasure match, fine grain: none | TypeDeclarationPattern: qualification<java.rmi>, type<RMISecurityManager> TypeDeclarationPattern: pkg<*>, enclosing<*>, type<RMISecurityManager>, exact match, case sensitive, generic full match, fine grain: none | TypeReferencePattern: qualification<java.rmi>, type<RMISecurityManager>, exact match, case sensitive, generic full match, fine grain: none | MethodReferencePattern: java.rmi.rmisecuritymanager(...), exact match, case insensitive, generic erasure match, fine grain: QUALIFIED_REFERENCE | ConstructorCombinedPattern: java.rmi.RMISecurityManager(...), exact match, case sensitive, generic erasure match, fine grain: none | TypeDeclarationPattern: qualification<javax.security.auth>, type<SubjectDomainCombiner> TypeDeclarationPattern: pkg<*>, enclosing<*>, type<SubjectDomainCombiner>, exact match, case sensitive, generic full match, fine grain: none | TypeReferencePattern: qualification<javax.security.auth>, type<SubjectDomainCombiner>, exact match, case sensitive, generic full match, fine grain: none | MethodReferencePattern: javax.security.auth.subjectdomaincombiner(...), exact match, case insensitive, generic erasure match, fine grain: QUALIFIED_REFERENCE | ConstructorCombinedPattern: javax.security.auth.SubjectDomainCombiner(...), exact match, case sensitive, generic erasure match, fine grain: none" provider=java
time="2026-09-23T15:01:06+02:00" level=info msg="language server log" line="!MESSAGE KONVEYOR_LOG: Searching in target project: [Lorg.eclipse.jdt.core.IJavaProject;@4fa81b5f" provider=java
time="2026-09-23T15:01:06+02:00" level=info msg="language server log" line="!MESSAGE KONVEYOR_LOG: source-only analysis mode only scoping to Sources" provider=java
time="2026-09-23T15:01:06+02:00" level=info msg="language server log" line="!MESSAGE KONVEYOR_LOG: found errors: [] warnings: []" provider=java
time="2026-09-23T15:01:06+02:00" level=info msg="language server log" line="!MESSAGE KONVEYOR_LOG: pattern: MethodReferencePattern: java.lang.system.getsecuritymanager(...), exact match, case insensitive, generic erasure match, fine grain: QUALIFIED_REFERENCE" provider=java
time="2026-09-23T15:01:06+02:00" level=info msg="Adding Carrier span info to context" worker=7
time="2026-09-23T15:01:06+02:00" level=info msg="Symbols retrieved" cap=referenced conditionInfo="{\"Referenced\":{\"Pattern\":\"java.lang.ThreadGroup.setDaemon\",\"Location\":\"METHOD_CALL\",\"annotated\":{\"pattern\":\"\"},\"Filepaths\":null}}" provider=java symbols=0
time="2026-09-23T15:01:06+02:00" level=info msg="rule returned" ruleID=cra-hardcoded-credential-default-pwd-04000
time="2026-09-23T15:01:06+02:00" level=info msg="processed rule" logger=process-rule processed=244 ruleID=cra-hardcoded-credential-default-pwd-04000 total=312
time="2026-09-23T15:01:06+02:00" level=info msg="Symbols retrieved" cap=referenced conditionInfo="{\"Referenced\":{\"Pattern\":\"java.security.cert.X509CRL.getIssuerDN\",\"Location\":\"METHOD_CALL\",\"annotated\":{\"pattern\":\"\"},\"Filepaths\":null}}" provider=java symbols=0
time="2026-09-23T15:01:06+02:00" level=info msg="language server log" line="!MESSAGE KONVEYOR_LOG: Got: 0 Number of search matching the query: \"java.lang.ThreadGroup.setDaemon\" and location type: 2" provider=java
time="2026-09-23T15:01:06+02:00" level=info msg="language server log" line="!MESSAGE KONVEYOR_LOG: Results size: 0" provider=java
time="2026-09-23T15:01:06+02:00" level=info msg="language server log" line="!MESSAGE KONVEYOR_LOG: Got: 0 Number of search matching the query: \"java.security.cert.X509CRL.getIssuerDN\" and location type: 2" provider=java
time="2026-09-23T15:01:06+02:00" level=info msg="language server log" line="!MESSAGE KONVEYOR_LOG: Searching in target project: [Lorg.eclipse.jdt.core.IJavaProject;@1ec32c10" provider=java
time="2026-09-23T15:01:06+02:00" level=info msg="language server log" line="!MESSAGE KONVEYOR_LOG: Results size: 0" provider=java
time="2026-09-23T15:01:06+02:00" level=info msg="language server log" line="!MESSAGE KONVEYOR_LOG: source-only analysis mode only scoping to Sources" provider=java
time="2026-09-23T15:01:06+02:00" level=info msg="language server log" line="!MESSAGE KONVEYOR_LOG: found errors: [] warnings: []" provider=java
time="2026-09-23T15:01:06+02:00" level=info msg="language server log" line="!MESSAGE KONVEYOR_LOG: pattern: MethodReferencePattern: java.lang.thread.checkaccess(...), exact match, case insensitive, generic erasure match, fine grain: QUALIFIED_REFERENCE" provider=java
time="2026-09-23T15:01:06+02:00" level=info msg="language server log" line="!MESSAGE KONVEYOR_LOG: Searching in target project: [Lorg.eclipse.jdt.core.IJavaProject;@e2dd342" provider=java
time="2026-09-23T15:01:06+02:00" level=info msg="language server log" line="!MESSAGE KONVEYOR_LOG: Searching in target project: [Lorg.eclipse.jdt.core.IJavaProject;@6df8ff2f" provider=java
time="2026-09-23T15:01:06+02:00" level=info msg="language server log" line="!MESSAGE KONVEYOR_LOG: source-only analysis mode only scoping to Sources" provider=java
time="2026-09-23T15:01:06+02:00" level=info msg="language server log" line="!MESSAGE KONVEYOR_LOG: source-only analysis mode only scoping to Sources" provider=java
time="2026-09-23T15:01:06+02:00" level=info msg="language server log" line="!MESSAGE KONVEYOR_LOG: found errors: [] warnings: []" provider=java
time="2026-09-23T15:01:06+02:00" level=info msg="language server log" line="!MESSAGE KONVEYOR_LOG: found errors: [] warnings: []" provider=java
time="2026-09-23T15:01:06+02:00" level=info msg="language server log" line="!MESSAGE KONVEYOR_LOG: pattern: MethodReferencePattern: java.security.cert.x509certselector.setissuer(...), exact match, case insensitive, generic erasure match, fine grain: QUALIFIED_REFERENCE" provider=java
time="2026-09-23T15:01:06+02:00" level=info msg="language server log" line="!MESSAGE KONVEYOR_LOG: pattern: MethodReferencePattern: java.lang.threadgroup.isdaemon(...), exact match, case insensitive, generic erasure match, fine grain: QUALIFIED_REFERENCE" provider=java
time="2026-09-23T15:01:06+02:00" level=info msg="language server log" line="!MESSAGE KONVEYOR_LOG: Got: 0 Number of search matching the query: \"(java.lang.SecurityManager|java.rmi.RMISecurityManager|javax.security.auth.SubjectDomainCombiner)\" and location type: 0" provider=java
time="2026-09-23T15:01:06+02:00" level=info msg="language server log" line="!MESSAGE KONVEYOR_LOG: Results size: 0" provider=java
time="2026-09-23T15:01:06+02:00" level=info msg="language server log" line="!MESSAGE KONVEYOR_LOG: Got: 0 Number of search matching the query: \"java.lang.System.getSecurityManager\" and location type: 2" provider=java
time="2026-09-23T15:01:06+02:00" level=info msg="language server log" line="!MESSAGE KONVEYOR_LOG: Results size: 0" provider=java
time="2026-09-23T15:01:06+02:00" level=info msg="Symbols retrieved" cap=referenced conditionInfo="{\"Referenced\":{\"Pattern\":\"java.lang.System.getSecurityManager\",\"Location\":\"METHOD_CALL\",\"annotated\":{\"pattern\":\"\"},\"Filepaths\":null}}" provider=java symbols=0
time="2026-09-23T15:01:06+02:00" level=info msg="Symbols retrieved" cap=referenced conditionInfo="{\"Referenced\":{\"Pattern\":\"(java.lang.SecurityManager|java.rmi.RMISecurityManager|javax.security.auth.SubjectDomainCombiner)\",\"Location\":\"\",\"annotated\":{\"pattern\":\"\"},\"Filepaths\":null}}" provider=java symbols=0
time="2026-09-23T15:01:06+02:00" level=info msg="Adding Carrier span info to context" worker=9
time="2026-09-23T15:01:06+02:00" level=info msg="rule returned" ruleID=java-17-deprecate-security-manager-00010
time="2026-09-23T15:01:06+02:00" level=info msg="processed rule" logger=process-rule processed=245 ruleID=java-17-deprecate-security-manager-00010 total=312
time="2026-09-23T15:01:06+02:00" level=info msg="language server log" line="!MESSAGE KONVEYOR_LOG: Searching in target project: [Lorg.eclipse.jdt.core.IJavaProject;@7ce110ad" provider=java
time="2026-09-23T15:01:06+02:00" level=info msg="language server log" line="!MESSAGE KONVEYOR_LOG: source-only analysis mode only scoping to Sources" provider=java
time="2026-09-23T15:01:06+02:00" level=info msg="language server log" line="!MESSAGE KONVEYOR_LOG: Got: 0 Number of search matching the query: \"java.lang.Thread.checkAccess\" and location type: 2" provider=java
time="2026-09-23T15:01:06+02:00" level=info msg="language server log" line="!MESSAGE KONVEYOR_LOG: found errors: [] warnings: []" provider=java
time="2026-09-23T15:01:06+02:00" level=info msg="language server log" line="!MESSAGE KONVEYOR_LOG: Searching in target project: [Lorg.eclipse.jdt.core.IJavaProject;@63ee2fa1" provider=java
time="2026-09-23T15:01:06+02:00" level=info msg="language server log" line="!MESSAGE KONVEYOR_LOG: source-only analysis mode only scoping to Sources" provider=java
time="2026-09-23T15:01:06+02:00" level=info msg="Symbols retrieved" cap=referenced conditionInfo="{\"Referenced\":{\"Pattern\":\"java.lang.Thread.checkAccess\",\"Location\":\"METHOD_CALL\",\"annotated\":{\"pattern\":\"\"},\"Filepaths\":null}}" provider=java symbols=0
time="2026-09-23T15:01:06+02:00" level=info msg="Adding Carrier span info to context" worker=7
time="2026-09-23T15:01:06+02:00" level=info msg="language server log" line="!MESSAGE KONVEYOR_LOG: Results size: 0" provider=java
time="2026-09-23T15:01:06+02:00" level=info msg="language server log" line="!MESSAGE KONVEYOR_LOG: found errors: [] warnings: []" provider=java
time="2026-09-23T15:01:06+02:00" level=info msg="rule returned" ruleID=java-17-deprecate-security-manager-00030
time="2026-09-23T15:01:06+02:00" level=info msg="processed rule" logger=process-rule processed=246 ruleID=java-17-deprecate-security-manager-00030 total=312
time="2026-09-23T15:01:06+02:00" level=info msg="language server log" line="!MESSAGE KONVEYOR_LOG: pattern: MethodReferencePattern: java.lang.threadgroup.checkaccess(...), exact match, case insensitive, generic erasure match, fine grain: QUALIFIED_REFERENCE" provider=java
time="2026-09-23T15:01:06+02:00" level=info msg="language server log" line="!MESSAGE KONVEYOR_LOG: Searching in target project: [Lorg.eclipse.jdt.core.IJavaProject;@3b859a72" provider=java
time="2026-09-23T15:01:06+02:00" level=info msg="language server log" line="!MESSAGE KONVEYOR_LOG: pattern: MethodReferencePattern: java.lang.system.setsecuritymanager(...), exact match, case insensitive, generic erasure match, fine grain: QUALIFIED_REFERENCE" provider=java
time="2026-09-23T15:01:06+02:00" level=info msg="language server log" line="!MESSAGE KONVEYOR_LOG: source-only analysis mode only scoping to Sources" provider=java
time="2026-09-23T15:01:06+02:00" level=info msg="language server log" line="!MESSAGE KONVEYOR_LOG: found errors: [] warnings: []" provider=java
time="2026-09-23T15:01:06+02:00" level=info msg="language server log" line="!MESSAGE KONVEYOR_LOG: pattern: MethodReferencePattern: java.util.logging.logmanager.checkaccess(...), exact match, case insensitive, generic erasure match, fine grain: QUALIFIED_REFERENCE" provider=java
time="2026-09-23T15:01:06+02:00" level=info msg="Adding Carrier span info to context" worker=1
time="2026-09-23T15:01:06+02:00" level=info msg="rule returned" ruleID=cra-hardcoded-credential-config-03000
time="2026-09-23T15:01:06+02:00" level=info msg="processed rule" logger=process-rule processed=247 ruleID=cra-hardcoded-credential-config-03000 total=312
time="2026-09-23T15:01:06+02:00" level=info msg="language server log" line="!MESSAGE KONVEYOR_LOG: Got: 0 Number of search matching the query: \"java.security.cert.X509CertSelector.setIssuer\" and location type: 2" provider=java
time="2026-09-23T15:01:06+02:00" level=info msg="language server log" line="!MESSAGE KONVEYOR_LOG: Results size: 0" provider=java
time="2026-09-23T15:01:06+02:00" level=info msg="language server log" line="!MESSAGE KONVEYOR_LOG: Searching in target project: [Lorg.eclipse.jdt.core.IJavaProject;@55237b04" provider=java
time="2026-09-23T15:01:06+02:00" level=info msg="Symbols retrieved" cap=referenced conditionInfo="{\"Referenced\":{\"Pattern\":\"java.security.cert.X509CertSelector.setIssuer\",\"Location\":\"METHOD_CALL\",\"annotated\":{\"pattern\":\"\"},\"Filepaths\":null}}" provider=java symbols=0
time="2026-09-23T15:01:06+02:00" level=info msg="language server log" line="!MESSAGE KONVEYOR_LOG: source-only analysis mode only scoping to Sources" provider=java
time="2026-09-23T15:01:06+02:00" level=info msg="Symbols retrieved" cap=referenced conditionInfo="{\"Referenced\":{\"Pattern\":\"java.lang.ThreadGroup.isDaemon\",\"Location\":\"METHOD_CALL\",\"annotated\":{\"pattern\":\"\"},\"Filepaths\":null}}" provider=java symbols=0
time="2026-09-23T15:01:06+02:00" level=info msg="language server log" line="!MESSAGE KONVEYOR_LOG: found errors: [] warnings: []" provider=java
time="2026-09-23T15:01:06+02:00" level=info msg="language server log" line="!MESSAGE KONVEYOR_LOG: pattern: MethodReferencePattern: java.util.concurrent.executors.privilegedcallable*(...), pattern match, case insensitive, generic erasure match, fine grain: QUALIFIED_REFERENCE | MethodReferencePattern: java.util.concurrent.executors.privilegedcallableusingcurrentclassloader*(...), pattern match, case insensitive, generic erasure match, fine grain: QUALIFIED_REFERENCE | MethodReferencePattern: java.util.concurrent.executors.privilegedthreadfactory*(...), pattern match, case insensitive, generic erasure match, fine grain: QUALIFIED_REFERENCE" provider=java
time="2026-09-23T15:01:06+02:00" level=info msg="language server log" line="!MESSAGE KONVEYOR_LOG: Got: 0 Number of search matching the query: \"java.lang.ThreadGroup.isDaemon\" and location type: 2" provider=java
time="2026-09-23T15:01:06+02:00" level=info msg="language server log" line="!MESSAGE KONVEYOR_LOG: Results size: 0" provider=java
time="2026-09-23T15:01:06+02:00" level=info msg="language server log" line="!MESSAGE KONVEYOR_LOG: Searching in target project: [Lorg.eclipse.jdt.core.IJavaProject;@1fd02519" provider=java
time="2026-09-23T15:01:06+02:00" level=info msg="language server log" line="!MESSAGE KONVEYOR_LOG: Searching in target project: [Lorg.eclipse.jdt.core.IJavaProject;@3c9a3650" provider=java
time="2026-09-23T15:01:06+02:00" level=info msg="language server log" line="!MESSAGE KONVEYOR_LOG: source-only analysis mode only scoping to Sources" provider=java
time="2026-09-23T15:01:06+02:00" level=info msg="language server log" line="!MESSAGE KONVEYOR_LOG: source-only analysis mode only scoping to Sources" provider=java
time="2026-09-23T15:01:06+02:00" level=info msg="language server log" line="!MESSAGE KONVEYOR_LOG: found errors: [] warnings: []" provider=java
time="2026-09-23T15:01:06+02:00" level=info msg="language server log" line="!MESSAGE KONVEYOR_LOG: found errors: [] warnings: []" provider=java
time="2026-09-23T15:01:06+02:00" level=info msg="language server log" line="!MESSAGE KONVEYOR_LOG: pattern: MethodReferencePattern: java.lang.threadgroup.stop(...), exact match, case insensitive, generic erasure match, fine grain: QUALIFIED_REFERENCE" provider=java
time="2026-09-23T15:01:06+02:00" level=info msg="language server log" line="!MESSAGE KONVEYOR_LOG: pattern: MethodReferencePattern: java.security.cert.x509certselector.setsubject(...), exact match, case insensitive, generic erasure match, fine grain: QUALIFIED_REFERENCE" provider=java
time="2026-09-23T15:01:06+02:00" level=info msg="language server log" line="!MESSAGE KONVEYOR_LOG: Got: 0 Number of search matching the query: \"java.lang.ThreadGroup.checkAccess\" and location type: 2" provider=java
time="2026-09-23T15:01:06+02:00" level=info msg="language server log" line="!MESSAGE KONVEYOR_LOG: Got: 0 Number of search matching the query: \"java.util.logging.LogManager.checkAccess\" and location type: 2" provider=java
time="2026-09-23T15:01:06+02:00" level=info msg="language server log" line="!MESSAGE KONVEYOR_LOG: Results size: 0" provider=java
time="2026-09-23T15:01:06+02:00" level=info msg="language server log" line="!MESSAGE KONVEYOR_LOG: Results size: 0" provider=java
time="2026-09-23T15:01:06+02:00" level=info msg="Symbols retrieved" cap=referenced conditionInfo="{\"Referenced\":{\"Pattern\":\"java.util.logging.LogManager.checkAccess\",\"Location\":\"METHOD_CALL\",\"annotated\":{\"pattern\":\"\"},\"Filepaths\":null}}" provider=java symbols=0
time="2026-09-23T15:01:06+02:00" level=info msg="Adding Carrier span info to context" worker=7
time="2026-09-23T15:01:06+02:00" level=info msg="Symbols retrieved" cap=referenced conditionInfo="{\"Referenced\":{\"Pattern\":\"java.lang.ThreadGroup.checkAccess\",\"Location\":\"METHOD_CALL\",\"annotated\":{\"pattern\":\"\"},\"Filepaths\":null}}" provider=java symbols=0
time="2026-09-23T15:01:06+02:00" level=info msg="rule returned" ruleID=java-17-deprecate-security-manager-00050
time="2026-09-23T15:01:06+02:00" level=info msg="processed rule" logger=process-rule processed=248 ruleID=java-17-deprecate-security-manager-00050 total=312
time="2026-09-23T15:01:06+02:00" level=info msg="rule returned" ruleID=java-17-deprecate-security-manager-00040
time="2026-09-23T15:01:06+02:00" level=info msg="processed rule" logger=process-rule processed=249 ruleID=java-17-deprecate-security-manager-00040 total=312
time="2026-09-23T15:01:06+02:00" level=info msg="Adding Carrier span info to context" worker=9
time="2026-09-23T15:01:06+02:00" level=info msg="language server log" line="!MESSAGE KONVEYOR_LOG: Searching in target project: [Lorg.eclipse.jdt.core.IJavaProject;@204acffc" provider=java
time="2026-09-23T15:01:06+02:00" level=info msg="language server log" line="!MESSAGE KONVEYOR_LOG: source-only analysis mode only scoping to Sources" provider=java
time="2026-09-23T15:01:06+02:00" level=info msg="language server log" line="!MESSAGE KONVEYOR_LOG: Searching in target project: [Lorg.eclipse.jdt.core.IJavaProject;@7e490e0f" provider=java
time="2026-09-23T15:01:06+02:00" level=info msg="language server log" line="!MESSAGE KONVEYOR_LOG: found errors: [] warnings: []" provider=java
time="2026-09-23T15:01:06+02:00" level=info msg="language server log" line="!MESSAGE KONVEYOR_LOG: source-only analysis mode only scoping to Sources" provider=java
time="2026-09-23T15:01:06+02:00" level=info msg="language server log" line="!MESSAGE KONVEYOR_LOG: found errors: [] warnings: []" provider=java
time="2026-09-23T15:01:06+02:00" level=info msg="language server log" line="!MESSAGE KONVEYOR_LOG: pattern: MethodReferencePattern: javax.security.auth.subject.doasprivileged*(...), pattern match, case insensitive, generic erasure match, fine grain: QUALIFIED_REFERENCE | MethodReferencePattern: javax.security.auth.subject.getsubject*(...), pattern match, case insensitive, generic erasure match, fine grain: QUALIFIED_REFERENCE" provider=java
time="2026-09-23T15:01:06+02:00" level=info msg="language server log" line="!MESSAGE KONVEYOR_LOG: pattern: MethodReferencePattern: java.net.serversocket.setsocketfactory(...), exact match, case insensitive, generic erasure match, fine grain: QUALIFIED_REFERENCE" provider=java
time="2026-09-23T15:01:06+02:00" level=info msg="language server log" line="!MESSAGE KONVEYOR_LOG: Got: 0 Number of search matching the query: \"java.security.cert.X509CertSelector.setSubject\" and location type: 2" provider=java
time="2026-09-23T15:01:06+02:00" level=info msg="language server log" line="!MESSAGE KONVEYOR_LOG: Got: 0 Number of search matching the query: \"java.lang.ThreadGroup.stop\" and location type: 2" provider=java
time="2026-09-23T15:01:06+02:00" level=info msg="language server log" line="!MESSAGE KONVEYOR_LOG: Results size: 0" provider=java
time="2026-09-23T15:01:06+02:00" level=info msg="language server log" line="!MESSAGE KONVEYOR_LOG: Results size: 0" provider=java
time="2026-09-23T15:01:06+02:00" level=info msg="Symbols retrieved" cap=referenced conditionInfo="{\"Referenced\":{\"Pattern\":\"java.lang.ThreadGroup.stop\",\"Location\":\"METHOD_CALL\",\"annotated\":{\"pattern\":\"\"},\"Filepaths\":null}}" provider=java symbols=0
time="2026-09-23T15:01:06+02:00" level=info msg="Adding Carrier span info to context" worker=5
time="2026-09-23T15:01:06+02:00" level=info msg="rule returned" ruleID=java-16-deprecate-thread-group-00000
time="2026-09-23T15:01:06+02:00" level=info msg="Symbols retrieved" cap=referenced conditionInfo="{\"Referenced\":{\"Pattern\":\"java.security.cert.X509CertSelector.setSubject\",\"Location\":\"METHOD_CALL\",\"annotated\":{\"pattern\":\"\"},\"Filepaths\":null}}" provider=java symbols=0
time="2026-09-23T15:01:06+02:00" level=info msg="processed rule" logger=process-rule processed=250 ruleID=java-16-deprecate-thread-group-00000 total=312
time="2026-09-23T15:01:06+02:00" level=info msg="language server log" line="!MESSAGE KONVEYOR_LOG: Searching in target project: [Lorg.eclipse.jdt.core.IJavaProject;@4b514f6f" provider=java
time="2026-09-23T15:01:06+02:00" level=info msg="language server log" line="!MESSAGE KONVEYOR_LOG: Searching in target project: [Lorg.eclipse.jdt.core.IJavaProject;@72a9eed8" provider=java
time="2026-09-23T15:01:06+02:00" level=info msg="language server log" line="!MESSAGE KONVEYOR_LOG: source-only analysis mode only scoping to Sources" provider=java
time="2026-09-23T15:01:06+02:00" level=info msg="language server log" line="!MESSAGE KONVEYOR_LOG: source-only analysis mode only scoping to Sources" provider=java
time="2026-09-23T15:01:06+02:00" level=info msg="language server log" line="!MESSAGE KONVEYOR_LOG: found errors: [] warnings: []" provider=java
time="2026-09-23T15:01:06+02:00" level=info msg="language server log" line="!MESSAGE KONVEYOR_LOG: found errors: [] warnings: []" provider=java
time="2026-09-23T15:01:06+02:00" level=info msg="language server log" line="!MESSAGE KONVEYOR_LOG: pattern: MethodReferencePattern: sun.misc.unsafe.defineanonymousclass(...), exact match, case insensitive, generic erasure match, fine grain: QUALIFIED_REFERENCE" provider=java
time="2026-09-23T15:01:06+02:00" level=info msg="language server log" line="!MESSAGE KONVEYOR_LOG: pattern: MethodReferencePattern: java.security.cert.x509certselector.getissuerasstring(...), exact match, case insensitive, generic erasure match, fine grain: QUALIFIED_REFERENCE" provider=java
time="2026-09-23T15:01:06+02:00" level=info msg="Symbols retrieved" cap=referenced conditionInfo="{\"Referenced\":{\"Pattern\":\"java.net.ServerSocket.setSocketFactory\",\"Location\":\"METHOD_CALL\",\"annotated\":{\"pattern\":\"\"},\"Filepaths\":null}}" provider=java symbols=0
time="2026-09-23T15:01:06+02:00" level=info msg="language server log" line="!MESSAGE KONVEYOR_LOG: Got: 0 Number of search matching the query: \"java.net.ServerSocket.setSocketFactory\" and location type: 2" provider=java
time="2026-09-23T15:01:06+02:00" level=info msg="language server log" line="!MESSAGE KONVEYOR_LOG: Results size: 0" provider=java
time="2026-09-23T15:01:06+02:00" level=info msg="language server log" line="!MESSAGE KONVEYOR_LOG: Searching in target project: [Lorg.eclipse.jdt.core.IJavaProject;@5a01cf66" provider=java
time="2026-09-23T15:01:06+02:00" level=info msg="language server log" line="!MESSAGE KONVEYOR_LOG: source-only analysis mode only scoping to Sources" provider=java
time="2026-09-23T15:01:06+02:00" level=info msg="language server log" line="!MESSAGE KONVEYOR_LOG: found errors: [] warnings: []" provider=java
time="2026-09-23T15:01:06+02:00" level=info msg="language server log" line="!MESSAGE KONVEYOR_LOG: pattern: MethodReferencePattern: java.net.socket.setsocketimplfactory(...), exact match, case insensitive, generic erasure match, fine grain: QUALIFIED_REFERENCE" provider=java
time="2026-09-23T15:01:06+02:00" level=info msg="language server log" line="!MESSAGE KONVEYOR_LOG: Got: 0 Number of search matching the query: \"javax.security.auth.Subject.(doAsPrivileged|getSubject)*\" and location type: 2" provider=java
time="2026-09-23T15:01:06+02:00" level=info msg="language server log" line="!MESSAGE KONVEYOR_LOG: Results size: 0" provider=java
time="2026-09-23T15:01:06+02:00" level=info msg="Symbols retrieved" cap=referenced conditionInfo="{\"Referenced\":{\"Pattern\":\"javax.security.auth.Subject.(doAsPrivileged|getSubject)*\",\"Location\":\"METHOD_CALL\",\"annotated\":{\"pattern\":\"\"},\"Filepaths\":null}}" provider=java symbols=0
time="2026-09-23T15:01:06+02:00" level=info msg="Adding Carrier span info to context" worker=7
time="2026-09-23T15:01:06+02:00" level=info msg="rule returned" ruleID=java-17-deprecate-security-manager-00070
time="2026-09-23T15:01:06+02:00" level=info msg="processed rule" logger=process-rule processed=251 ruleID=java-17-deprecate-security-manager-00070 total=312
time="2026-09-23T15:01:06+02:00" level=info msg="Adding Carrier span info to context" worker=7
time="2026-09-23T15:01:06+02:00" level=info msg="rule returned" ruleID=lombok-incompatibility-00001
time="2026-09-23T15:01:06+02:00" level=info msg="processed rule" logger=process-rule processed=252 ruleID=lombok-incompatibility-00001 total=312
time="2026-09-23T15:01:06+02:00" level=info msg="language server log" line="!MESSAGE KONVEYOR_LOG: Searching in target project: [Lorg.eclipse.jdt.core.IJavaProject;@399e8575" provider=java
time="2026-09-23T15:01:06+02:00" level=info msg="language server log" line="!MESSAGE KONVEYOR_LOG: source-only analysis mode only scoping to Sources" provider=java
time="2026-09-23T15:01:06+02:00" level=info msg="language server log" line="!MESSAGE KONVEYOR_LOG: found errors: [] warnings: []" provider=java
time="2026-09-23T15:01:06+02:00" level=info msg="language server log" line="!MESSAGE KONVEYOR_LOG: pattern: PackageDeclarationPattern: <java.rmi.activation*>, pattern match, case insensitive, generic full match, fine grain: none | PackageReferencePattern: <java.rmi.activation*>, pattern match, case insensitive, generic full match, fine grain: none" provider=java
time="2026-09-23T15:01:06+02:00" level=info msg="language server log" line="!MESSAGE KONVEYOR_LOG: Got: 0 Number of search matching the query: \"java.rmi.activation*\" and location type: 11" provider=java
time="2026-09-23T15:01:06+02:00" level=info msg="Symbols retrieved" cap=referenced conditionInfo="{\"Referenced\":{\"Pattern\":\"java.rmi.activation*\",\"Location\":\"PACKAGE\",\"annotated\":{\"pattern\":\"\"},\"Filepaths\":null}}" provider=java symbols=0
time="2026-09-23T15:01:06+02:00" level=info msg="Adding Carrier span info to context" worker=7
time="2026-09-23T15:01:06+02:00" level=info msg="rule returned" ruleID=removed-packages-00000
time="2026-09-23T15:01:06+02:00" level=info msg="processed rule" logger=process-rule processed=253 ruleID=removed-packages-00000 total=312
time="2026-09-23T15:01:06+02:00" level=info msg="language server log" line="!MESSAGE KONVEYOR_LOG: Results size: 0" provider=java
time="2026-09-23T15:01:06+02:00" level=info msg="language server log" line="!MESSAGE KONVEYOR_LOG: Searching in target project: [Lorg.eclipse.jdt.core.IJavaProject;@5836e140" provider=java
time="2026-09-23T15:01:06+02:00" level=info msg="language server log" line="!MESSAGE KONVEYOR_LOG: source-only analysis mode only scoping to Sources" provider=java
time="2026-09-23T15:01:06+02:00" level=info msg="language server log" line="!MESSAGE KONVEYOR_LOG: found errors: [] warnings: []" provider=java
time="2026-09-23T15:01:06+02:00" level=info msg="language server log" line="!MESSAGE KONVEYOR_LOG: pattern: PackageDeclarationPattern: <jdk.nashorn.api.scripting*>, pattern match, case insensitive, generic full match, fine grain: none | PackageReferencePattern: <jdk.nashorn.api.scripting*>, pattern match, case insensitive, generic full match, fine grain: none" provider=java
time="2026-09-23T15:01:06+02:00" level=info msg="language server log" line="!MESSAGE KONVEYOR_LOG: Got: 0 Number of search matching the query: \"java.security.cert.X509CertSelector.getIssuerAsString\" and location type: 2" provider=java
time="2026-09-23T15:01:06+02:00" level=info msg="language server log" line="!MESSAGE KONVEYOR_LOG: Got: 0 Number of search matching the query: \"jdk.nashorn.api.scripting*\" and location type: 11" provider=java
time="2026-09-23T15:01:06+02:00" level=info msg="language server log" line="!MESSAGE KONVEYOR_LOG: Results size: 0" provider=java
time="2026-09-23T15:01:06+02:00" level=info msg="Symbols retrieved" cap=referenced conditionInfo="{\"Referenced\":{\"Pattern\":\"jdk.nashorn.api.scripting*\",\"Location\":\"PACKAGE\",\"annotated\":{\"pattern\":\"\"},\"Filepaths\":null}}" provider=java symbols=0
time="2026-09-23T15:01:06+02:00" level=info msg="Symbols retrieved" cap=referenced conditionInfo="{\"Referenced\":{\"Pattern\":\"java.security.cert.X509CertSelector.getIssuerAsString\",\"Location\":\"METHOD_CALL\",\"annotated\":{\"pattern\":\"\"},\"Filepaths\":null}}" provider=java symbols=0
time="2026-09-23T15:01:06+02:00" level=info msg="language server log" line="!MESSAGE KONVEYOR_LOG: Results size: 0" provider=java
time="2026-09-23T15:01:06+02:00" level=info msg="language server log" line="!MESSAGE KONVEYOR_LOG: Searching in target project: [Lorg.eclipse.jdt.core.IJavaProject;@39582f17" provider=java
time="2026-09-23T15:01:06+02:00" level=info msg="language server log" line="!MESSAGE KONVEYOR_LOG: source-only analysis mode only scoping to Sources" provider=java
time="2026-09-23T15:01:06+02:00" level=info msg="language server log" line="!MESSAGE KONVEYOR_LOG: found errors: [] warnings: []" provider=java
time="2026-09-23T15:01:06+02:00" level=info msg="language server log" line="!MESSAGE KONVEYOR_LOG: Searching in target project: [Lorg.eclipse.jdt.core.IJavaProject;@6b00bb2d" provider=java
time="2026-09-23T15:01:06+02:00" level=info msg="language server log" line="!MESSAGE KONVEYOR_LOG: pattern: PackageDeclarationPattern: <jdk.nashorn.api.tree*>, pattern match, case insensitive, generic full match, fine grain: none | PackageReferencePattern: <jdk.nashorn.api.tree*>, pattern match, case insensitive, generic full match, fine grain: none" provider=java
time="2026-09-23T15:01:06+02:00" level=info msg="language server log" line="!MESSAGE KONVEYOR_LOG: source-only analysis mode only scoping to Sources" provider=java
time="2026-09-23T15:01:06+02:00" level=info msg="language server log" line="!MESSAGE KONVEYOR_LOG: found errors: [] warnings: []" provider=java
time="2026-09-23T15:01:06+02:00" level=info msg="language server log" line="!MESSAGE KONVEYOR_LOG: Got: 0 Number of search matching the query: \"java.lang.System.setSecurityManager\" and location type: 2" provider=java
time="2026-09-23T15:01:06+02:00" level=info msg="language server log" line="!MESSAGE KONVEYOR_LOG: Results size: 0" provider=java
time="2026-09-23T15:01:06+02:00" level=info msg="Symbols retrieved" cap=referenced conditionInfo="{\"Referenced\":{\"Pattern\":\"java.lang.System.setSecurityManager\",\"Location\":\"METHOD_CALL\",\"annotated\":{\"pattern\":\"\"},\"Filepaths\":null}}" provider=java symbols=0
time="2026-09-23T15:01:06+02:00" level=info msg="Adding Carrier span info to context" worker=2
time="2026-09-23T15:01:06+02:00" level=info msg="rule returned" ruleID=java-17-deprecate-security-manager-00020
time="2026-09-23T15:01:06+02:00" level=info msg="processed rule" logger=process-rule processed=254 ruleID=java-17-deprecate-security-manager-00020 total=312
time="2026-09-23T15:01:06+02:00" level=info msg="language server log" line="!MESSAGE KONVEYOR_LOG: pattern: MethodReferencePattern: java.security.cert.x509certselector.getsubjectasstring(...), exact match, case insensitive, generic erasure match, fine grain: QUALIFIED_REFERENCE" provider=java
time="2026-09-23T15:01:06+02:00" level=info msg="language server log" line="!MESSAGE KONVEYOR_LOG: Got: 0 Number of search matching the query: \"jdk.nashorn.api.tree*\" and location type: 11" provider=java
time="2026-09-23T15:01:06+02:00" level=info msg="language server log" line="!MESSAGE KONVEYOR_LOG: Results size: 0" provider=java
time="2026-09-23T15:01:06+02:00" level=info msg="Symbols retrieved" cap=referenced conditionInfo="{\"Referenced\":{\"Pattern\":\"jdk.nashorn.api.tree*\",\"Location\":\"PACKAGE\",\"annotated\":{\"pattern\":\"\"},\"Filepaths\":null}}" provider=java symbols=0
time="2026-09-23T15:01:06+02:00" level=info msg="Adding Carrier span info to context" worker=7
time="2026-09-23T15:01:06+02:00" level=info msg="rule returned" ruleID=removed-packages-00010
time="2026-09-23T15:01:06+02:00" level=info msg="processed rule" logger=process-rule processed=255 ruleID=removed-packages-00010 total=312
time="2026-09-23T15:01:06+02:00" level=info msg="language server log" line="!MESSAGE KONVEYOR_LOG: Searching in target project: [Lorg.eclipse.jdt.core.IJavaProject;@3ed99f0d" provider=java
time="2026-09-23T15:01:06+02:00" level=info msg="language server log" line="!MESSAGE KONVEYOR_LOG: source-only analysis mode only scoping to Sources" provider=java
time="2026-09-23T15:01:06+02:00" level=info msg="language server log" line="!MESSAGE KONVEYOR_LOG: found errors: [] warnings: []" provider=java
time="2026-09-23T15:01:06+02:00" level=info msg="language server log" line="!MESSAGE KONVEYOR_LOG: Searching in target project: [Lorg.eclipse.jdt.core.IJavaProject;@511e9b68" provider=java
time="2026-09-23T15:01:06+02:00" level=info msg="language server log" line="!MESSAGE KONVEYOR_LOG: pattern: MethodReferencePattern: java.awt.color.icc_profile.finalize(...), exact match, case insensitive, generic erasure match, fine grain: QUALIFIED_REFERENCE" provider=java
time="2026-09-23T15:01:06+02:00" level=info msg="language server log" line="!MESSAGE KONVEYOR_LOG: source-only analysis mode only scoping to Sources" provider=java
time="2026-09-23T15:01:06+02:00" level=info msg="language server log" line="!MESSAGE KONVEYOR_LOG: found errors: [] warnings: []" provider=java
time="2026-09-23T15:01:06+02:00" level=info msg="language server log" line="!MESSAGE KONVEYOR_LOG: pattern: MethodReferencePattern: java.lang.object.finalize(...), exact match, case insensitive, generic erasure match, fine grain: QUALIFIED_REFERENCE" provider=java
time="2026-09-23T15:01:06+02:00" level=info msg="Symbols retrieved" cap=referenced conditionInfo="{\"Referenced\":{\"Pattern\":\"sun.misc.Unsafe.defineAnonymousClass\",\"Location\":\"METHOD_CALL\",\"annotated\":{\"pattern\":\"\"},\"Filepaths\":null}}" provider=java symbols=0
time="2026-09-23T15:01:06+02:00" level=info msg="Adding Carrier span info to context" worker=5
time="2026-09-23T15:01:06+02:00" level=info msg="rule returned" ruleID=java-17-deprecate-unsafe-00000
time="2026-09-23T15:01:06+02:00" level=info msg="processed rule" logger=process-rule processed=256 ruleID=java-17-deprecate-unsafe-00000 total=312
time="2026-09-23T15:01:06+02:00" level=info msg="language server log" line="!MESSAGE KONVEYOR_LOG: Got: 0 Number of search matching the query: \"sun.misc.Unsafe.defineAnonymousClass\" and location type: 2" provider=java
time="2026-09-23T15:01:06+02:00" level=info msg="language server log" line="!MESSAGE KONVEYOR_LOG: Results size: 0" provider=java
time="2026-09-23T15:01:06+02:00" level=info msg="language server log" line="!MESSAGE KONVEYOR_LOG: Got: 0 Number of search matching the query: \"java.net.Socket.setSocketImplFactory\" and location type: 2" provider=java
time="2026-09-23T15:01:06+02:00" level=info msg="language server log" line="!MESSAGE KONVEYOR_LOG: Results size: 0" provider=java
time="2026-09-23T15:01:06+02:00" level=info msg="language server log" line="!MESSAGE KONVEYOR_LOG: Got: 0 Number of search matching the query: \"java.util.concurrent.Executors.(privilegedCallable|privilegedCallableUsingCurrentClassLoader|privilegedThreadFactory)*\" and location type: 2" provider=java
time="2026-09-23T15:01:06+02:00" level=info msg="language server log" line="!MESSAGE KONVEYOR_LOG: Results size: 0" provider=java
time="2026-09-23T15:01:06+02:00" level=info msg="Adding Carrier span info to context" worker=5
time="2026-09-23T15:01:06+02:00" level=info msg="rule returned" ruleID=java-18-deprecate-property-00000
time="2026-09-23T15:01:06+02:00" level=info msg="processed rule" logger=process-rule processed=257 ruleID=java-18-deprecate-property-00000 total=312
time="2026-09-23T15:01:06+02:00" level=info msg="Symbols retrieved" cap=referenced conditionInfo="{\"Referenced\":{\"Pattern\":\"java.util.concurrent.Executors.(privilegedCallable|privilegedCallableUsingCurrentClassLoader|privilegedThreadFactory)*\",\"Location\":\"METHOD_CALL\",\"annotated\":{\"pattern\":\"\"},\"Filepaths\":null}}" provider=java symbols=0
time="2026-09-23T15:01:06+02:00" level=info msg="Adding Carrier span info to context" worker=1
time="2026-09-23T15:01:06+02:00" level=info msg="Symbols retrieved" cap=referenced conditionInfo="{\"Referenced\":{\"Pattern\":\"java.net.Socket.setSocketImplFactory\",\"Location\":\"METHOD_CALL\",\"annotated\":{\"pattern\":\"\"},\"Filepaths\":null}}" provider=java symbols=0
time="2026-09-23T15:01:06+02:00" level=info msg="rule returned" ruleID=java-17-deprecate-security-manager-00060
time="2026-09-23T15:01:06+02:00" level=info msg="processed rule" logger=process-rule processed=258 ruleID=java-17-deprecate-security-manager-00060 total=312
time="2026-09-23T15:01:06+02:00" level=info msg="language server log" line="!MESSAGE KONVEYOR_LOG: Searching in target project: [Lorg.eclipse.jdt.core.IJavaProject;@2da5d25f" provider=java
time="2026-09-23T15:01:06+02:00" level=info msg="language server log" line="!MESSAGE KONVEYOR_LOG: Searching in target project: [Lorg.eclipse.jdt.core.IJavaProject;@c9a7007" provider=java
time="2026-09-23T15:01:06+02:00" level=info msg="language server log" line="!MESSAGE KONVEYOR_LOG: source-only analysis mode only scoping to Sources" provider=java
time="2026-09-23T15:01:06+02:00" level=info msg="language server log" line="!MESSAGE KONVEYOR_LOG: found errors: [] warnings: []" provider=java
time="2026-09-23T15:01:06+02:00" level=info msg="language server log" line="!MESSAGE KONVEYOR_LOG: source-only analysis mode only scoping to Sources" provider=java
time="2026-09-23T15:01:06+02:00" level=info msg="language server log" line="!MESSAGE KONVEYOR_LOG: found errors: [] warnings: []" provider=java
time="2026-09-23T15:01:06+02:00" level=info msg="language server log" line="!MESSAGE KONVEYOR_LOG: Searching in target project: [Lorg.eclipse.jdt.core.IJavaProject;@274457d9" provider=java
time="2026-09-23T15:01:06+02:00" level=info msg="language server log" line="!MESSAGE KONVEYOR_LOG: source-only analysis mode only scoping to Sources" provider=java
time="2026-09-23T15:01:06+02:00" level=info msg="language server log" line="!MESSAGE KONVEYOR_LOG: pattern: MethodReferencePattern: java.lang.runtime.exec(...), exact match, case insensitive, generic erasure match, fine grain: QUALIFIED_REFERENCE" provider=java
time="2026-09-23T15:01:06+02:00" level=info msg="language server log" line="!MESSAGE KONVEYOR_LOG: pattern: MethodReferencePattern: javax.security.auth.subject.doas(...), exact match, case insensitive, generic erasure match, fine grain: QUALIFIED_REFERENCE" provider=java
time="2026-09-23T15:01:06+02:00" level=info msg="language server log" line="!MESSAGE KONVEYOR_LOG: found errors: [] warnings: []" provider=java
time="2026-09-23T15:01:06+02:00" level=info msg="language server log" line="!MESSAGE KONVEYOR_LOG: pattern: MethodReferencePattern: java.net.datagramsocket.setdatagramsocketimplfactory(...), exact match, case insensitive, generic erasure match, fine grain: QUALIFIED_REFERENCE" provider=java
time="2026-09-23T15:01:06+02:00" level=info msg="Symbols retrieved" cap=referenced conditionInfo="{\"Referenced\":{\"Pattern\":\"java.awt.color.ICC_Profile.finalize\",\"Location\":\"METHOD_CALL\",\"annotated\":{\"pattern\":\"\"},\"Filepaths\":null}}" provider=java symbols=0
time="2026-09-23T15:01:06+02:00" level=info msg="language server log" line="!MESSAGE KONVEYOR_LOG: Got: 0 Number of search matching the query: \"java.awt.color.ICC_Profile.finalize\" and location type: 2" provider=java
time="2026-09-23T15:01:06+02:00" level=info msg="language server log" line="!MESSAGE KONVEYOR_LOG: Results size: 0" provider=java
time="2026-09-23T15:01:06+02:00" level=info msg="language server log" line="!MESSAGE KONVEYOR_LOG: Searching in target project: [Lorg.eclipse.jdt.core.IJavaProject;@7321008e" provider=java
time="2026-09-23T15:01:06+02:00" level=info msg="language server log" line="!MESSAGE KONVEYOR_LOG: source-only analysis mode only scoping to Sources" provider=java
time="2026-09-23T15:01:06+02:00" level=info msg="language server log" line="!MESSAGE KONVEYOR_LOG: found errors: [] warnings: []" provider=java
time="2026-09-23T15:01:06+02:00" level=info msg="language server log" line="!MESSAGE KONVEYOR_LOG: pattern: MethodReferencePattern: java.awt.image.colormodel.finalize(...), exact match, case insensitive, generic erasure match, fine grain: QUALIFIED_REFERENCE" provider=java
time="2026-09-23T15:01:06+02:00" level=info msg="language server log" line="!MESSAGE KONVEYOR_LOG: Got: 0 Number of search matching the query: \"java.security.(AccessController|AccessControlContext|AccessControlException|DomainCombiner|Policy|PolicySpi|Policy.Parameters)\" and location type: 0" provider=java
time="2026-09-23T15:01:06+02:00" level=info msg="language server log" line="!MESSAGE KONVEYOR_LOG: Results size: 0" provider=java
time="2026-09-23T15:01:06+02:00" level=info msg="Symbols retrieved" cap=referenced conditionInfo="{\"Referenced\":{\"Pattern\":\"java.security.(AccessController|AccessControlContext|AccessControlException|DomainCombiner|Policy|PolicySpi|Policy.Parameters)\",\"Location\":\"\",\"annotated\":{\"pattern\":\"\"},\"Filepaths\":null}}" provider=java symbols=0
time="2026-09-23T15:01:06+02:00" level=info msg="Adding Carrier span info to context" worker=6
time="2026-09-23T15:01:06+02:00" level=info msg="rule returned" ruleID=java-17-deprecate-security-manager-00000
time="2026-09-23T15:01:06+02:00" level=info msg="processed rule" logger=process-rule processed=259 ruleID=java-17-deprecate-security-manager-00000 total=312
time="2026-09-23T15:01:06+02:00" level=info msg="Adding Carrier span info to context" worker=6
time="2026-09-23T15:01:06+02:00" level=info msg="rule returned" ruleID=java-18-deprecate-socket-00000
time="2026-09-23T15:01:06+02:00" level=info msg="processed rule" logger=process-rule processed=260 ruleID=java-18-deprecate-socket-00000 total=312
time="2026-09-23T15:01:06+02:00" level=info msg="language server log" line="!MESSAGE KONVEYOR_LOG: Searching in target project: [Lorg.eclipse.jdt.core.IJavaProject;@1fada438" provider=java
time="2026-09-23T15:01:06+02:00" level=info msg="language server log" line="!MESSAGE KONVEYOR_LOG: source-only analysis mode only scoping to Sources" provider=java
time="2026-09-23T15:01:06+02:00" level=info msg="language server log" line="!MESSAGE KONVEYOR_LOG: found errors: [] warnings: []" provider=java
time="2026-09-23T15:01:06+02:00" level=info msg="language server log" line="!MESSAGE KONVEYOR_LOG: pattern: MethodReferencePattern: java.lang.thread.stop(...), exact match, case insensitive, generic erasure match, fine grain: QUALIFIED_REFERENCE" provider=java
time="2026-09-23T15:01:06+02:00" level=info msg="Symbols retrieved" cap=referenced conditionInfo="{\"Referenced\":{\"Pattern\":\"java.security.cert.X509CertSelector.getSubjectAsString\",\"Location\":\"METHOD_CALL\",\"annotated\":{\"pattern\":\"\"},\"Filepaths\":null}}" provider=java symbols=0
time="2026-09-23T15:01:06+02:00" level=info msg="language server log" line="!MESSAGE KONVEYOR_LOG: Got: 0 Number of search matching the query: \"java.security.cert.X509CertSelector.getSubjectAsString\" and location type: 2" provider=java
time="2026-09-23T15:01:06+02:00" level=info msg="language server log" line="!MESSAGE KONVEYOR_LOG: Results size: 0" provider=java
time="2026-09-23T15:01:06+02:00" level=info msg="language server log" line="!MESSAGE KONVEYOR_LOG: Got: 0 Number of search matching the query: \"java.lang.Object.finalize\" and location type: 2" provider=java
time="2026-09-23T15:01:06+02:00" level=info msg="language server log" line="!MESSAGE KONVEYOR_LOG: Got: 0 Number of search matching the query: \"java.lang.Runtime.exec\" and location type: 2" provider=java
time="2026-09-23T15:01:06+02:00" level=info msg="language server log" line="!MESSAGE KONVEYOR_LOG: Results size: 0" provider=java
time="2026-09-23T15:01:06+02:00" level=info msg="language server log" line="!MESSAGE KONVEYOR_LOG: Results size: 0" provider=java
time="2026-09-23T15:01:06+02:00" level=info msg="language server log" line="!MESSAGE KONVEYOR_LOG: Searching in target project: [Lorg.eclipse.jdt.core.IJavaProject;@1e0615b" provider=java
time="2026-09-23T15:01:06+02:00" level=info msg="language server log" line="!MESSAGE KONVEYOR_LOG: source-only analysis mode only scoping to Sources" provider=java
time="2026-09-23T15:01:06+02:00" level=info msg="language server log" line="!MESSAGE KONVEYOR_LOG: found errors: [] warnings: []" provider=java
time="2026-09-23T15:01:06+02:00" level=info msg="language server log" line="!MESSAGE KONVEYOR_LOG: pattern: MethodReferencePattern: java.security.cert.x509crlselector.addissuername(...), exact match, case insensitive, generic erasure match, fine grain: QUALIFIED_REFERENCE" provider=java
time="2026-09-23T15:01:06+02:00" level=info msg="Symbols retrieved" cap=referenced conditionInfo="{\"Referenced\":{\"Pattern\":\"java.lang.Runtime.exec\",\"Location\":\"METHOD_CALL\",\"annotated\":{\"pattern\":\"\"},\"Filepaths\":null}}" provider=java symbols=0
time="2026-09-23T15:01:06+02:00" level=info msg="Adding Carrier span info to context" worker=5
time="2026-09-23T15:01:06+02:00" level=info msg="Symbols retrieved" cap=referenced conditionInfo="{\"Referenced\":{\"Pattern\":\"java.lang.Object.finalize\",\"Location\":\"METHOD_CALL\",\"annotated\":{\"pattern\":\"\"},\"Filepaths\":null}}" provider=java symbols=0
time="2026-09-23T15:01:06+02:00" level=info msg="rule returned" ruleID=java-18-deprecate-runtime-00000
time="2026-09-23T15:01:06+02:00" level=info msg="processed rule" logger=process-rule processed=261 ruleID=java-18-deprecate-runtime-00000 total=312
time="2026-09-23T15:01:06+02:00" level=info msg="language server log" line="!MESSAGE KONVEYOR_LOG: Searching in target project: [Lorg.eclipse.jdt.core.IJavaProject;@512c5b2f" provider=java
time="2026-09-23T15:01:06+02:00" level=info msg="language server log" line="!MESSAGE KONVEYOR_LOG: source-only analysis mode only scoping to Sources" provider=java
time="2026-09-23T15:01:06+02:00" level=info msg="language server log" line="!MESSAGE KONVEYOR_LOG: Searching in target project: [Lorg.eclipse.jdt.core.IJavaProject;@47d7c1c" provider=java
time="2026-09-23T15:01:06+02:00" level=info msg="language server log" line="!MESSAGE KONVEYOR_LOG: found errors: [] warnings: []" provider=java
time="2026-09-23T15:01:06+02:00" level=info msg="language server log" line="!MESSAGE KONVEYOR_LOG: source-only analysis mode only scoping to Sources" provider=java
time="2026-09-23T15:01:06+02:00" level=info msg="language server log" line="!MESSAGE KONVEYOR_LOG: found errors: [] warnings: []" provider=java
time="2026-09-23T15:01:06+02:00" level=info msg="language server log" line="!MESSAGE KONVEYOR_LOG: pattern: MethodReferencePattern: sun.misc.unsafe.objectfieldoffset(...), exact match, case insensitive, generic erasure match, fine grain: QUALIFIED_REFERENCE" provider=java
time="2026-09-23T15:01:06+02:00" level=info msg="language server log" line="!MESSAGE KONVEYOR_LOG: pattern: MethodReferencePattern: java.lang.runtime.runfinalization(...), exact match, case insensitive, generic erasure match, fine grain: QUALIFIED_REFERENCE" provider=java
time="2026-09-23T15:01:06+02:00" level=info msg="Symbols retrieved" cap=referenced conditionInfo="{\"Referenced\":{\"Pattern\":\"java.awt.image.ColorModel.finalize\",\"Location\":\"METHOD_CALL\",\"annotated\":{\"pattern\":\"\"},\"Filepaths\":null}}" provider=java symbols=0
time="2026-09-23T15:01:06+02:00" level=info msg="language server log" line="!MESSAGE KONVEYOR_LOG: Got: 0 Number of search matching the query: \"java.awt.image.ColorModel.finalize\" and location type: 2" provider=java
time="2026-09-23T15:01:06+02:00" level=info msg="language server log" line="!MESSAGE KONVEYOR_LOG: Results size: 0" provider=java
time="2026-09-23T15:01:06+02:00" level=info msg="language server log" line="!MESSAGE KONVEYOR_LOG: Got: 0 Number of search matching the query: \"javax.security.auth.Subject.doAs\" and location type: 2" provider=java
time="2026-09-23T15:01:06+02:00" level=info msg="language server log" line="!MESSAGE KONVEYOR_LOG: Results size: 0" provider=java
time="2026-09-23T15:01:06+02:00" level=info msg="Symbols retrieved" cap=referenced conditionInfo="{\"Referenced\":{\"Pattern\":\"javax.security.auth.Subject.doAs\",\"Location\":\"METHOD_CALL\",\"annotated\":{\"pattern\":\"\"},\"Filepaths\":null}}" provider=java symbols=0
time="2026-09-23T15:01:06+02:00" level=info msg="Adding Carrier span info to context" worker=1
time="2026-09-23T15:01:06+02:00" level=info msg="language server log" line="!MESSAGE KONVEYOR_LOG: Got: 0 Number of search matching the query: \"java.security.cert.X509CRLSelector.addIssuerName\" and location type: 2" provider=java
time="2026-09-23T15:01:06+02:00" level=info msg="rule returned" ruleID=java-18-deprecate-security-00000
time="2026-09-23T15:01:06+02:00" level=info msg="processed rule" logger=process-rule processed=262 ruleID=java-18-deprecate-security-00000 total=312
time="2026-09-23T15:01:06+02:00" level=info msg="Symbols retrieved" cap=referenced conditionInfo="{\"Referenced\":{\"Pattern\":\"java.security.cert.X509CRLSelector.addIssuerName\",\"Location\":\"METHOD_CALL\",\"annotated\":{\"pattern\":\"\"},\"Filepaths\":null}}" provider=java symbols=0
time="2026-09-23T15:01:06+02:00" level=info msg="Adding Carrier span info to context" worker=8
time="2026-09-23T15:01:06+02:00" level=info msg="language server log" line="!MESSAGE KONVEYOR_LOG: Results size: 0" provider=java
time="2026-09-23T15:01:06+02:00" level=info msg="language server log" line="!MESSAGE KONVEYOR_LOG: Searching in target project: [Lorg.eclipse.jdt.core.IJavaProject;@1cf2d34b" provider=java
time="2026-09-23T15:01:06+02:00" level=info msg="language server log" line="!MESSAGE KONVEYOR_LOG: Got: 0 Number of search matching the query: \"java.net.DatagramSocket.setDatagramSocketImplFactory\" and location type: 2" provider=java
time="2026-09-23T15:01:06+02:00" level=info msg="language server log" line="!MESSAGE KONVEYOR_LOG: Results size: 0" provider=java
time="2026-09-23T15:01:06+02:00" level=info msg="rule returned" ruleID=java-16-deprecate-security-00000
time="2026-09-23T15:01:06+02:00" level=info msg="processed rule" logger=process-rule processed=263 ruleID=java-16-deprecate-security-00000 total=312
time="2026-09-23T15:01:06+02:00" level=info msg="Symbols retrieved" cap=referenced conditionInfo="{\"Referenced\":{\"Pattern\":\"java.net.DatagramSocket.setDatagramSocketImplFactory\",\"Location\":\"METHOD_CALL\",\"annotated\":{\"pattern\":\"\"},\"Filepaths\":null}}" provider=java symbols=0
time="2026-09-23T15:01:06+02:00" level=info msg="Adding Carrier span info to context" worker=9
time="2026-09-23T15:01:06+02:00" level=info msg="rule returned" ruleID=java-17-deprecate-socket-00000
time="2026-09-23T15:01:06+02:00" level=info msg="language server log" line="!MESSAGE KONVEYOR_LOG: Searching in target project: [Lorg.eclipse.jdt.core.IJavaProject;@526bd976" provider=java
time="2026-09-23T15:01:06+02:00" level=info msg="language server log" line="!MESSAGE KONVEYOR_LOG: source-only analysis mode only scoping to Sources" provider=java
time="2026-09-23T15:01:06+02:00" level=info msg="language server log" line="!MESSAGE KONVEYOR_LOG: source-only analysis mode only scoping to Sources" provider=java
time="2026-09-23T15:01:06+02:00" level=info msg="language server log" line="!MESSAGE KONVEYOR_LOG: found errors: [] warnings: []" provider=java
time="2026-09-23T15:01:06+02:00" level=info msg="processed rule" logger=process-rule processed=264 ruleID=java-17-deprecate-socket-00000 total=312
time="2026-09-23T15:01:06+02:00" level=info msg="language server log" line="!MESSAGE KONVEYOR_LOG: found errors: [] warnings: []" provider=java
time="2026-09-23T15:01:06+02:00" level=info msg="language server log" line="!MESSAGE KONVEYOR_LOG: Searching in target project: [Lorg.eclipse.jdt.core.IJavaProject;@7b2e11df" provider=java
time="2026-09-23T15:01:06+02:00" level=info msg="language server log" line="!MESSAGE KONVEYOR_LOG: source-only analysis mode only scoping to Sources" provider=java
time="2026-09-23T15:01:06+02:00" level=info msg="language server log" line="!MESSAGE KONVEYOR_LOG: found errors: [] warnings: []" provider=java
time="2026-09-23T15:01:06+02:00" level=info msg="language server log" line="!MESSAGE KONVEYOR_LOG: Searching in target project: [Lorg.eclipse.jdt.core.IJavaProject;@66e14128" provider=java
time="2026-09-23T15:01:06+02:00" level=info msg="language server log" line="!MESSAGE KONVEYOR_LOG: pattern: MethodReferencePattern: java.awt.image.indexcolormodel.finalize(...), exact match, case insensitive, generic erasure match, fine grain: QUALIFIED_REFERENCE" provider=java
time="2026-09-23T15:01:06+02:00" level=info msg="language server log" line="!MESSAGE KONVEYOR_LOG: pattern: ConstructorCombinedPattern: java.util.locale*(...), pattern match, case insensitive, generic erasure match, fine grain: none" provider=java
time="2026-09-23T15:01:06+02:00" level=info msg="language server log" line="!MESSAGE KONVEYOR_LOG: source-only analysis mode only scoping to Sources" provider=java
time="2026-09-23T15:01:06+02:00" level=info msg="language server log" line="!MESSAGE KONVEYOR_LOG: found errors: [] warnings: []" provider=java
time="2026-09-23T15:01:06+02:00" level=info msg="language server log" line="!MESSAGE KONVEYOR_LOG: Got: 0 Number of search matching the query: \"java.util.Locale*\" and location type: 3" provider=java
time="2026-09-23T15:01:06+02:00" level=info msg="language server log" line="!MESSAGE KONVEYOR_LOG: pattern: TypeDeclarationPattern: qualification<javax.swing.plaf.basic.BasicMenuItemUI>, type<MouseInputHandler> TypeDeclarationPattern: pkg<*>, enclosing<*>, type<MouseInputHandler>, exact match, case sensitive, generic full match, fine grain: none | TypeReferencePattern: qualification<javax.swing.plaf.basic.BasicMenuItemUI>, type<MouseInputHandler>, exact match, case sensitive, generic full match, fine grain: none | MethodReferencePattern: javax.swing.plaf.basic.basicmenuitemui.mouseinputhandler(...), exact match, case insensitive, generic erasure match, fine grain: QUALIFIED_REFERENCE | ConstructorCombinedPattern: javax.swing.plaf.basic.BasicMenuItemUI.MouseInputHandler(...), exact match, case sensitive, generic erasure match, fine grain: none" provider=java
time="2026-09-23T15:01:06+02:00" level=info msg="language server log" line="!MESSAGE KONVEYOR_LOG: pattern: ConstructorCombinedPattern: java.security.spec.pssparameterspec*(...), pattern match, case insensitive, generic erasure match, fine grain: none" provider=java
time="2026-09-23T15:01:06+02:00" level=info msg="Symbols retrieved" cap=referenced conditionInfo="{\"Referenced\":{\"Pattern\":\"java.util.Locale*\",\"Location\":\"CONSTRUCTOR_CALL\",\"annotated\":{\"pattern\":\"\"},\"Filepaths\":null}}" provider=java symbols=0
time="2026-09-23T15:01:06+02:00" level=info msg="Adding Carrier span info to context" worker=8
time="2026-09-23T15:01:06+02:00" level=info msg="language server log" line="!MESSAGE KONVEYOR_LOG: Results size: 0" provider=java
time="2026-09-23T15:01:06+02:00" level=info msg="rule returned" ruleID=java-19-deprecate-locale-00000
time="2026-09-23T15:01:06+02:00" level=info msg="processed rule" logger=process-rule processed=265 ruleID=java-19-deprecate-locale-00000 total=312
time="2026-09-23T15:01:06+02:00" level=info msg="Adding Carrier span info to context" worker=8
time="2026-09-23T15:01:06+02:00" level=info msg="rule returned" ruleID=java-19-deprecate-param-spec-00001
time="2026-09-23T15:01:06+02:00" level=info msg="processed rule" logger=process-rule processed=266 ruleID=java-19-deprecate-param-spec-00001 total=312
time="2026-09-23T15:01:06+02:00" level=info msg="Symbols retrieved" cap=referenced conditionInfo="{\"Referenced\":{\"Pattern\":\"java.security.spec.PSSParameterSpec*\",\"Location\":\"CONSTRUCTOR_CALL\",\"annotated\":{\"pattern\":\"\"},\"Filepaths\":null}}" provider=java symbols=0
time="2026-09-23T15:01:06+02:00" level=info msg="language server log" line="!MESSAGE KONVEYOR_LOG: Got: 0 Number of search matching the query: \"java.security.spec.PSSParameterSpec*\" and location type: 3" provider=java
time="2026-09-23T15:01:06+02:00" level=info msg="language server log" line="!MESSAGE KONVEYOR_LOG: Results size: 0" provider=java
time="2026-09-23T15:01:06+02:00" level=info msg="language server log" line="!MESSAGE KONVEYOR_LOG: Searching in target project: [Lorg.eclipse.jdt.core.IJavaProject;@57044f9b" provider=java
time="2026-09-23T15:01:06+02:00" level=info msg="language server log" line="!MESSAGE KONVEYOR_LOG: source-only analysis mode only scoping to Sources" provider=java
time="2026-09-23T15:01:06+02:00" level=info msg="Adding Carrier span info to context" worker=9
time="2026-09-23T15:01:06+02:00" level=info msg="rule returned" ruleID=java-19-deprecate-param-spec-00000
time="2026-09-23T15:01:06+02:00" level=info msg="processed rule" logger=process-rule processed=267 ruleID=java-19-deprecate-param-spec-00000 total=312
time="2026-09-23T15:01:06+02:00" level=info msg="language server log" line="!MESSAGE KONVEYOR_LOG: found errors: [] warnings: []" provider=java
time="2026-09-23T15:01:06+02:00" level=info msg="language server log" line="!MESSAGE KONVEYOR_LOG: pattern: MethodReferencePattern: java.lang.threadgroup.destroy(...), exact match, case insensitive, generic erasure match, fine grain: QUALIFIED_REFERENCE" provider=java
time="2026-09-23T15:01:06+02:00" level=info msg="language server log" line="!MESSAGE KONVEYOR_LOG: Searching in target project: [Lorg.eclipse.jdt.core.IJavaProject;@63edae52" provider=java
time="2026-09-23T15:01:06+02:00" level=info msg="language server log" line="!MESSAGE KONVEYOR_LOG: source-only analysis mode only scoping to Sources" provider=java
time="2026-09-23T15:01:06+02:00" level=info msg="language server log" line="!MESSAGE KONVEYOR_LOG: found errors: [] warnings: []" provider=java
time="2026-09-23T15:01:06+02:00" level=info msg="language server log" line="!MESSAGE KONVEYOR_LOG: pattern: MethodReferencePattern: java.lang.thread.getid(...), exact match, case insensitive, generic erasure match, fine grain: QUALIFIED_REFERENCE" provider=java
time="2026-09-23T15:01:06+02:00" level=info msg="Adding Carrier span info to context" worker=4
time="2026-09-23T15:01:06+02:00" level=info msg="rule returned" ruleID=java-9-deprecate-agent-00000
time="2026-09-23T15:01:06+02:00" level=info msg="processed rule" logger=process-rule processed=268 ruleID=java-9-deprecate-agent-00000 total=312
time="2026-09-23T15:01:06+02:00" level=info msg="language server log" line="!MESSAGE KONVEYOR_LOG: Got: 0 Number of search matching the query: \"java.lang.Thread.stop\" and location type: 2" provider=java
time="2026-09-23T15:01:06+02:00" level=info msg="language server log" line="!MESSAGE KONVEYOR_LOG: Results size: 0" provider=java
time="2026-09-23T15:01:06+02:00" level=info msg="language server log" line="!MESSAGE KONVEYOR_LOG: Got: 0 Number of search matching the query: \"sun.misc.Unsafe.objectFieldOffset\" and location type: 2" provider=java
time="2026-09-23T15:01:06+02:00" level=info msg="language server log" line="!MESSAGE KONVEYOR_LOG: Results size: 0" provider=java
time="2026-09-23T15:01:06+02:00" level=info msg="Symbols retrieved" cap=referenced conditionInfo="{\"Referenced\":{\"Pattern\":\"java.lang.Thread.stop\",\"Location\":\"METHOD_CALL\",\"annotated\":{\"pattern\":\"\"},\"Filepaths\":null}}" provider=java symbols=0
time="2026-09-23T15:01:06+02:00" level=info msg="Adding Carrier span info to context" worker=6
time="2026-09-23T15:01:06+02:00" level=info msg="Symbols retrieved" cap=referenced conditionInfo="{\"Referenced\":{\"Pattern\":\"sun.misc.Unsafe.objectFieldOffset\",\"Location\":\"METHOD_CALL\",\"annotated\":{\"pattern\":\"\"},\"Filepaths\":null}}" provider=java symbols=0
time="2026-09-23T15:01:06+02:00" level=info msg="rule returned" ruleID=java-18-deprecate-thread-00000
time="2026-09-23T15:01:06+02:00" level=info msg="processed rule" logger=process-rule processed=269 ruleID=java-18-deprecate-thread-00000 total=312
time="2026-09-23T15:01:06+02:00" level=info msg="language server log" line="!MESSAGE KONVEYOR_LOG: Searching in target project: [Lorg.eclipse.jdt.core.IJavaProject;@1d1927b" provider=java
time="2026-09-23T15:01:06+02:00" level=info msg="language server log" line="!MESSAGE KONVEYOR_LOG: source-only analysis mode only scoping to Sources" provider=java
time="2026-09-23T15:01:06+02:00" level=info msg="language server log" line="!MESSAGE KONVEYOR_LOG: Searching in target project: [Lorg.eclipse.jdt.core.IJavaProject;@1e822344" provider=java
time="2026-09-23T15:01:06+02:00" level=info msg="language server log" line="!MESSAGE KONVEYOR_LOG: found errors: [] warnings: []" provider=java
time="2026-09-23T15:01:06+02:00" level=info msg="language server log" line="!MESSAGE KONVEYOR_LOG: source-only analysis mode only scoping to Sources" provider=java
time="2026-09-23T15:01:06+02:00" level=info msg="language server log" line="!MESSAGE KONVEYOR_LOG: found errors: [] warnings: []" provider=java
time="2026-09-23T15:01:06+02:00" level=info msg="language server log" line="!MESSAGE KONVEYOR_LOG: pattern: TypeDeclarationPattern: qualification<javax.management.loading>, type<MLet> TypeDeclarationPattern: pkg<*>, enclosing<*>, type<MLet>, exact match, case sensitive, generic full match, fine grain: none | TypeReferencePattern: qualification<javax.management.loading>, type<MLet>, exact match, case sensitive, generic full match, fine grain: none" provider=java
time="2026-09-23T15:01:06+02:00" level=info msg="language server log" line="!MESSAGE KONVEYOR_LOG: pattern: MethodReferencePattern: javax.security.auth.subject.current(...), exact match, case insensitive, generic erasure match, fine grain: QUALIFIED_REFERENCE" provider=java
time="2026-09-23T15:01:06+02:00" level=info msg="Symbols retrieved" cap=referenced conditionInfo="{\"Referenced\":{\"Pattern\":\"javax.management.loading.MLet\",\"Location\":\"IMPORT\",\"annotated\":{\"pattern\":\"\"},\"Filepaths\":null}}" provider=java symbols=0
time="2026-09-23T15:01:06+02:00" level=info msg="language server log" line="!MESSAGE KONVEYOR_LOG: Got: 0 Number of search matching the query: \"javax.management.loading.MLet\" and location type: 8" provider=java
time="2026-09-23T15:01:06+02:00" level=info msg="language server log" line="!MESSAGE KONVEYOR_LOG: Results size: 0" provider=java
time="2026-09-23T15:01:06+02:00" level=info msg="Symbols retrieved" cap=referenced conditionInfo="{\"Referenced\":{\"Pattern\":\"java.lang.Runtime.runFinalization\",\"Location\":\"METHOD_CALL\",\"annotated\":{\"pattern\":\"\"},\"Filepaths\":null}}" provider=java symbols=0
time="2026-09-23T15:01:06+02:00" level=info msg="Symbols retrieved" cap=referenced conditionInfo="{\"Referenced\":{\"Pattern\":\"javax.swing.plaf.basic.BasicMenuItemUI.MouseInputHandler\",\"Location\":\"\",\"annotated\":{\"pattern\":\"\"},\"Filepaths\":null}}" provider=java symbols=0
time="2026-09-23T15:01:06+02:00" level=info msg="language server log" line="!MESSAGE KONVEYOR_LOG: Searching in target project: [Lorg.eclipse.jdt.core.IJavaProject;@732f7a1d" provider=java
time="2026-09-23T15:01:06+02:00" level=info msg="language server log" line="!MESSAGE KONVEYOR_LOG: Got: 0 Number of search matching the query: \"java.lang.Runtime.runFinalization\" and location type: 2" provider=java
time="2026-09-23T15:01:06+02:00" level=info msg="language server log" line="!MESSAGE KONVEYOR_LOG: Results size: 0" provider=java
time="2026-09-23T15:01:06+02:00" level=info msg="language server log" line="!MESSAGE KONVEYOR_LOG: source-only analysis mode only scoping to Sources" provider=java
time="2026-09-23T15:01:06+02:00" level=info msg="language server log" line="!MESSAGE KONVEYOR_LOG: found errors: [] warnings: []" provider=java
time="2026-09-23T15:01:06+02:00" level=info msg="language server log" line="!MESSAGE KONVEYOR_LOG: pattern: MethodReferencePattern: sun.misc.unsafe.staticfieldoffset(...), exact match, case insensitive, generic erasure match, fine grain: QUALIFIED_REFERENCE" provider=java
time="2026-09-23T15:01:06+02:00" level=info msg="language server log" line="!MESSAGE KONVEYOR_LOG: Got: 0 Number of search matching the query: \"javax.swing.plaf.basic.BasicMenuItemUI.MouseInputHandler\" and location type: 0" provider=java
time="2026-09-23T15:01:06+02:00" level=info msg="language server log" line="!MESSAGE KONVEYOR_LOG: Results size: 0" provider=java
time="2026-09-23T15:01:06+02:00" level=info msg="language server log" line="!MESSAGE KONVEYOR_LOG: Searching in target project: [Lorg.eclipse.jdt.core.IJavaProject;@1cde7364" provider=java
time="2026-09-23T15:01:06+02:00" level=info msg="language server log" line="!MESSAGE KONVEYOR_LOG: source-only analysis mode only scoping to Sources" provider=java
time="2026-09-23T15:01:06+02:00" level=info msg="language server log" line="!MESSAGE KONVEYOR_LOG: found errors: [] warnings: []" provider=java
time="2026-09-23T15:01:06+02:00" level=info msg="language server log" line="!MESSAGE KONVEYOR_LOG: pattern: TypeDeclarationPattern: qualification<javax.management.loading>, type<MLetContent> TypeDeclarationPattern: pkg<*>, enclosing<*>, type<MLetContent>, exact match, case sensitive, generic full match, fine grain: none | TypeReferencePattern: qualification<javax.management.loading>, type<MLetContent>, exact match, case sensitive, generic full match, fine grain: none" provider=java
time="2026-09-23T15:01:06+02:00" level=info msg="language server log" line="!MESSAGE KONVEYOR_LOG: Got: 0 Number of search matching the query: \"javax.management.loading.MLetContent\" and location type: 8" provider=java
time="2026-09-23T15:01:06+02:00" level=info msg="language server log" line="!MESSAGE KONVEYOR_LOG: Results size: 0" provider=java
time="2026-09-23T15:01:06+02:00" level=info msg="language server log" line="!MESSAGE KONVEYOR_LOG: Searching in target project: [Lorg.eclipse.jdt.core.IJavaProject;@22ee2e28" provider=java
time="2026-09-23T15:01:06+02:00" level=info msg="language server log" line="!MESSAGE KONVEYOR_LOG: source-only analysis mode only scoping to Sources" provider=java
time="2026-09-23T15:01:06+02:00" level=info msg="language server log" line="!MESSAGE KONVEYOR_LOG: found errors: [] warnings: []" provider=java
time="2026-09-23T15:01:06+02:00" level=info msg="language server log" line="!MESSAGE KONVEYOR_LOG: Got: 0 Number of search matching the query: \"java.awt.image.IndexColorModel.finalize\" and location type: 2" provider=java
time="2026-09-23T15:01:06+02:00" level=info msg="language server log" line="!MESSAGE KONVEYOR_LOG: Results size: 0" provider=java
time="2026-09-23T15:01:06+02:00" level=info msg="Symbols retrieved" cap=referenced conditionInfo="{\"Referenced\":{\"Pattern\":\"java.awt.image.IndexColorModel.finalize\",\"Location\":\"METHOD_CALL\",\"annotated\":{\"pattern\":\"\"},\"Filepaths\":null}}" provider=java symbols=0
time="2026-09-23T15:01:06+02:00" level=info msg="Adding Carrier span info to context" worker=2
time="2026-09-23T15:01:06+02:00" level=info msg="Symbols retrieved" cap=referenced conditionInfo="{\"Referenced\":{\"Pattern\":\"javax.management.loading.MLetContent\",\"Location\":\"IMPORT\",\"annotated\":{\"pattern\":\"\"},\"Filepaths\":null}}" provider=java symbols=0
time="2026-09-23T15:01:06+02:00" level=info msg="rule returned" ruleID=java-18-deprecate-finalize-00000
time="2026-09-23T15:01:06+02:00" level=info msg="processed rule" logger=process-rule processed=270 ruleID=java-18-deprecate-finalize-00000 total=312
time="2026-09-23T15:01:06+02:00" level=info msg="language server log" line="!MESSAGE KONVEYOR_LOG: pattern: TypeDeclarationPattern: qualification<javax.swing.plaf.basic.BasicScrollPaneUI>, type<HSBChangeListener> TypeDeclarationPattern: pkg<*>, enclosing<*>, type<HSBChangeListener>, exact match, case sensitive, generic full match, fine grain: none | TypeReferencePattern: qualification<javax.swing.plaf.basic.BasicScrollPaneUI>, type<HSBChangeListener>, exact match, case sensitive, generic full match, fine grain: none | MethodReferencePattern: javax.swing.plaf.basic.basicscrollpaneui.hsbchangelistener(...), exact match, case insensitive, generic erasure match, fine grain: QUALIFIED_REFERENCE | ConstructorCombinedPattern: javax.swing.plaf.basic.BasicScrollPaneUI.HSBChangeListener(...), exact match, case sensitive, generic erasure match, fine grain: none" provider=java
time="2026-09-23T15:01:06+02:00" level=info msg="language server log" line="!MESSAGE KONVEYOR_LOG: Searching in target project: [Lorg.eclipse.jdt.core.IJavaProject;@38fd7f10" provider=java
time="2026-09-23T15:01:06+02:00" level=info msg="language server log" line="!MESSAGE KONVEYOR_LOG: source-only analysis mode only scoping to Sources" provider=java
time="2026-09-23T15:01:06+02:00" level=info msg="language server log" line="!MESSAGE KONVEYOR_LOG: found errors: [] warnings: []" provider=java
time="2026-09-23T15:01:06+02:00" level=info msg="language server log" line="!MESSAGE KONVEYOR_LOG: Searching in target project: [Lorg.eclipse.jdt.core.IJavaProject;@1f6a6d8a" provider=java
time="2026-09-23T15:01:06+02:00" level=info msg="language server log" line="!MESSAGE KONVEYOR_LOG: source-only analysis mode only scoping to Sources" provider=java
time="2026-09-23T15:01:06+02:00" level=info msg="language server log" line="!MESSAGE KONVEYOR_LOG: found errors: [] warnings: []" provider=java
time="2026-09-23T15:01:06+02:00" level=info msg="language server log" line="!MESSAGE KONVEYOR_LOG: pattern: MethodReferencePattern: java.lang.system.runfinalization(...), exact match, case insensitive, generic erasure match, fine grain: QUALIFIED_REFERENCE" provider=java
time="2026-09-23T15:01:06+02:00" level=info msg="language server log" line="!MESSAGE KONVEYOR_LOG: pattern: ConstructorCombinedPattern: java.net.URL(...), exact match, case sensitive, generic erasure match, fine grain: none" provider=java
time="2026-09-23T15:01:06+02:00" level=info msg="Symbols retrieved" cap=referenced conditionInfo="{\"Referenced\":{\"Pattern\":\"java.net.URL\",\"Location\":\"CONSTRUCTOR_CALL\",\"annotated\":{\"pattern\":\"\"},\"Filepaths\":null}}" provider=java symbols=0
time="2026-09-23T15:01:06+02:00" level=info msg="Adding Carrier span info to context" worker=2
time="2026-09-23T15:01:06+02:00" level=info msg="rule returned" ruleID=java-20-deprecate-net-00000
time="2026-09-23T15:01:06+02:00" level=info msg="processed rule" logger=process-rule processed=271 ruleID=java-20-deprecate-net-00000 total=312
time="2026-09-23T15:01:06+02:00" level=info msg="language server log" line="!MESSAGE KONVEYOR_LOG: Got: 0 Number of search matching the query: \"java.net.URL\" and location type: 3" provider=java
time="2026-09-23T15:01:06+02:00" level=info msg="language server log" line="!MESSAGE KONVEYOR_LOG: Results size: 0" provider=java
time="2026-09-23T15:01:06+02:00" level=info msg="language server log" line="!MESSAGE KONVEYOR_LOG: Searching in target project: [Lorg.eclipse.jdt.core.IJavaProject;@619a4797" provider=java
time="2026-09-23T15:01:06+02:00" level=info msg="language server log" line="!MESSAGE KONVEYOR_LOG: source-only analysis mode only scoping to Sources" provider=java
time="2026-09-23T15:01:06+02:00" level=info msg="language server log" line="!MESSAGE KONVEYOR_LOG: found errors: [] warnings: []" provider=java
time="2026-09-23T15:01:06+02:00" level=info msg="language server log" line="!MESSAGE KONVEYOR_LOG: pattern: TypeDeclarationPattern: qualification<javax.management.loading>, type<MLetMBean> TypeDeclarationPattern: pkg<*>, enclosing<*>, type<MLetMBean>, exact match, case sensitive, generic full match, fine grain: none | TypeReferencePattern: qualification<javax.management.loading>, type<MLetMBean>, exact match, case sensitive, generic full match, fine grain: none" provider=java
time="2026-09-23T15:01:06+02:00" level=info msg="Symbols retrieved" cap=referenced conditionInfo="{\"Referenced\":{\"Pattern\":\"javax.management.loading.MLetMBean\",\"Location\":\"IMPORT\",\"annotated\":{\"pattern\":\"\"},\"Filepaths\":null}}" provider=java symbols=0
time="2026-09-23T15:01:06+02:00" level=info msg="language server log" line="!MESSAGE KONVEYOR_LOG: Got: 0 Number of search matching the query: \"javax.management.loading.MLetMBean\" and location type: 8" provider=java
time="2026-09-23T15:01:06+02:00" level=info msg="language server log" line="!MESSAGE KONVEYOR_LOG: Results size: 0" provider=java
time="2026-09-23T15:01:06+02:00" level=info msg="language server log" line="!MESSAGE KONVEYOR_LOG: Searching in target project: [Lorg.eclipse.jdt.core.IJavaProject;@a693891" provider=java
time="2026-09-23T15:01:06+02:00" level=info msg="language server log" line="!MESSAGE KONVEYOR_LOG: source-only analysis mode only scoping to Sources" provider=java
time="2026-09-23T15:01:06+02:00" level=info msg="language server log" line="!MESSAGE KONVEYOR_LOG: found errors: [] warnings: []" provider=java
time="2026-09-23T15:01:06+02:00" level=info msg="language server log" line="!MESSAGE KONVEYOR_LOG: pattern: MethodReferencePattern: java.lang.thread.suspend(...), exact match, case insensitive, generic erasure match, fine grain: QUALIFIED_REFERENCE" provider=java
time="2026-09-23T15:01:06+02:00" level=info msg="Symbols retrieved" cap=referenced conditionInfo="{\"Referenced\":{\"Pattern\":\"java.lang.ThreadGroup.destroy\",\"Location\":\"METHOD_CALL\",\"annotated\":{\"pattern\":\"\"},\"Filepaths\":null}}" provider=java symbols=0
time="2026-09-23T15:01:06+02:00" level=info msg="language server log" line="!MESSAGE KONVEYOR_LOG: Got: 0 Number of search matching the query: \"java.lang.ThreadGroup.destroy\" and location type: 2" provider=java
time="2026-09-23T15:01:06+02:00" level=info msg="language server log" line="!MESSAGE KONVEYOR_LOG: Results size: 0" provider=java
time="2026-09-23T15:01:06+02:00" level=info msg="language server log" line="!MESSAGE KONVEYOR_LOG: Got: 0 Number of search matching the query: \"javax.security.auth.Subject.current\" and location type: 2" provider=java
time="2026-09-23T15:01:06+02:00" level=info msg="Symbols retrieved" cap=referenced conditionInfo="{\"Referenced\":{\"Pattern\":\"javax.security.auth.Subject.current\",\"Location\":\"METHOD_CALL\",\"annotated\":{\"pattern\":\"\"},\"Filepaths\":null}}" provider=java symbols=0
time="2026-09-23T15:01:06+02:00" level=info msg="language server log" line="!MESSAGE KONVEYOR_LOG: Results size: 0" provider=java
time="2026-09-23T15:01:06+02:00" level=info msg="language server log" line="!MESSAGE KONVEYOR_LOG: Searching in target project: [Lorg.eclipse.jdt.core.IJavaProject;@4962408f" provider=java
time="2026-09-23T15:01:06+02:00" level=info msg="language server log" line="!MESSAGE KONVEYOR_LOG: source-only analysis mode only scoping to Sources" provider=java
time="2026-09-23T15:01:06+02:00" level=info msg="language server log" line="!MESSAGE KONVEYOR_LOG: found errors: [] warnings: []" provider=java
time="2026-09-23T15:01:06+02:00" level=info msg="language server log" line="!MESSAGE KONVEYOR_LOG: pattern: TypeDeclarationPattern: qualification<javax.management.loading>, type<PrivateMLet> TypeDeclarationPattern: pkg<*>, enclosing<*>, type<PrivateMLet>, exact match, case sensitive, generic full match, fine grain: none | TypeReferencePattern: qualification<javax.management.loading>, type<PrivateMLet>, exact match, case sensitive, generic full match, fine grain: none" provider=java
time="2026-09-23T15:01:06+02:00" level=info msg="language server log" line="!MESSAGE KONVEYOR_LOG: Searching in target project: [Lorg.eclipse.jdt.core.IJavaProject;@1f8f7c8d" provider=java
time="2026-09-23T15:01:06+02:00" level=info msg="language server log" line="!MESSAGE KONVEYOR_LOG: source-only analysis mode only scoping to Sources" provider=java
time="2026-09-23T15:01:06+02:00" level=info msg="language server log" line="!MESSAGE KONVEYOR_LOG: found errors: [] warnings: []" provider=java
time="2026-09-23T15:01:06+02:00" level=info msg="language server log" line="!MESSAGE KONVEYOR_LOG: Got: 0 Number of search matching the query: \"javax.management.loading.PrivateMLet\" and location type: 8" provider=java
time="2026-09-23T15:01:06+02:00" level=info msg="language server log" line="!MESSAGE KONVEYOR_LOG: Results size: 0" provider=java
time="2026-09-23T15:01:06+02:00" level=info msg="Symbols retrieved" cap=referenced conditionInfo="{\"Referenced\":{\"Pattern\":\"javax.management.loading.PrivateMLet\",\"Location\":\"IMPORT\",\"annotated\":{\"pattern\":\"\"},\"Filepaths\":null}}" provider=java symbols=0
time="2026-09-23T15:01:06+02:00" level=info msg="Adding Carrier span info to context" worker=6
time="2026-09-23T15:01:06+02:00" level=info msg="rule returned" ruleID=java-20-deprecate-jmx-00000
time="2026-09-23T15:01:06+02:00" level=info msg="processed rule" logger=process-rule processed=272 ruleID=java-20-deprecate-jmx-00000 total=312
time="2026-09-23T15:01:06+02:00" level=info msg="language server log" line="!MESSAGE KONVEYOR_LOG: pattern: MethodReferencePattern: java.lang.threadgroup.isdestroyed(...), exact match, case insensitive, generic erasure match, fine grain: QUALIFIED_REFERENCE" provider=java
time="2026-09-23T15:01:06+02:00" level=info msg="language server log" line="!MESSAGE KONVEYOR_LOG: Searching in target project: [Lorg.eclipse.jdt.core.IJavaProject;@80954fb" provider=java
time="2026-09-23T15:01:06+02:00" level=info msg="language server log" line="!MESSAGE KONVEYOR_LOG: source-only analysis mode only scoping to Sources" provider=java
time="2026-09-23T15:01:06+02:00" level=info msg="language server log" line="!MESSAGE KONVEYOR_LOG: found errors: [] warnings: []" provider=java
time="2026-09-23T15:01:06+02:00" level=info msg="language server log" line="!MESSAGE KONVEYOR_LOG: pattern: MethodReferencePattern: javax.security.auth.subject.callas(...), exact match, case insensitive, generic erasure match, fine grain: QUALIFIED_REFERENCE" provider=java
time="2026-09-23T15:01:06+02:00" level=info msg="Adding Carrier span info to context" worker=3
time="2026-09-23T15:01:06+02:00" level=info msg="language server log" line="!MESSAGE KONVEYOR_LOG: Got: 0 Number of search matching the query: \"javax.swing.plaf.basic.BasicScrollPaneUI.HSBChangeListener\" and location type: 0" provider=java
time="2026-09-23T15:01:06+02:00" level=info msg="language server log" line="!MESSAGE KONVEYOR_LOG: Results size: 0" provider=java
time="2026-09-23T15:01:06+02:00" level=info msg="language server log" line="!MESSAGE KONVEYOR_LOG: Got: 0 Number of search matching the query: \"sun.misc.Unsafe.staticFieldOffset\" and location type: 2" provider=java
time="2026-09-23T15:01:06+02:00" level=info msg="Symbols retrieved" cap=referenced conditionInfo="{\"Referenced\":{\"Pattern\":\"javax.swing.plaf.basic.BasicScrollPaneUI.HSBChangeListener\",\"Location\":\"\",\"annotated\":{\"pattern\":\"\"},\"Filepaths\":null}}" provider=java symbols=0
time="2026-09-23T15:01:06+02:00" level=info msg="rule returned" ruleID=eclipse-00002
time="2026-09-23T15:01:06+02:00" level=info msg="processed rule" logger=process-rule processed=273 ruleID=eclipse-00002 total=312
time="2026-09-23T15:01:06+02:00" level=info msg="language server log" line="!MESSAGE KONVEYOR_LOG: Got: 0 Number of search matching the query: \"java.lang.Thread.suspend\" and location type: 2" provider=java
time="2026-09-23T15:01:06+02:00" level=info msg="language server log" line="!MESSAGE KONVEYOR_LOG: Results size: 0" provider=java
time="2026-09-23T15:01:06+02:00" level=info msg="Symbols retrieved" cap=referenced conditionInfo="{\"Referenced\":{\"Pattern\":\"sun.misc.Unsafe.staticFieldOffset\",\"Location\":\"METHOD_CALL\",\"annotated\":{\"pattern\":\"\"},\"Filepaths\":null}}" provider=java symbols=0
time="2026-09-23T15:01:06+02:00" level=info msg="language server log" line="!MESSAGE KONVEYOR_LOG: Got: 0 Number of search matching the query: \"java.lang.System.runFinalization\" and location type: 2" provider=java
time="2026-09-23T15:01:06+02:00" level=info msg="language server log" line="!MESSAGE KONVEYOR_LOG: Searching in target project: [Lorg.eclipse.jdt.core.IJavaProject;@3c5a4d9" provider=java
time="2026-09-23T15:01:06+02:00" level=info msg="Symbols retrieved" cap=referenced conditionInfo="{\"Referenced\":{\"Pattern\":\"java.lang.Thread.suspend\",\"Location\":\"METHOD_CALL\",\"annotated\":{\"pattern\":\"\"},\"Filepaths\":null}}" provider=java symbols=0
time="2026-09-23T15:01:06+02:00" level=info msg="language server log" line="!MESSAGE KONVEYOR_LOG: Results size: 0" provider=java
time="2026-09-23T15:01:06+02:00" level=info msg="language server log" line="!MESSAGE KONVEYOR_LOG: source-only analysis mode only scoping to Sources" provider=java
time="2026-09-23T15:01:06+02:00" level=info msg="language server log" line="!MESSAGE KONVEYOR_LOG: Results size: 0" provider=java
time="2026-09-23T15:01:06+02:00" level=info msg="Symbols retrieved" cap=referenced conditionInfo="{\"Referenced\":{\"Pattern\":\"java.lang.System.runFinalization\",\"Location\":\"METHOD_CALL\",\"annotated\":{\"pattern\":\"\"},\"Filepaths\":null}}" provider=java symbols=0
time="2026-09-23T15:01:06+02:00" level=info msg="language server log" line="!MESSAGE KONVEYOR_LOG: found errors: [] warnings: []" provider=java
time="2026-09-23T15:01:06+02:00" level=info msg="language server log" line="!MESSAGE KONVEYOR_LOG: Searching in target project: [Lorg.eclipse.jdt.core.IJavaProject;@49187b2e" provider=java
time="2026-09-23T15:01:06+02:00" level=info msg="language server log" line="!MESSAGE KONVEYOR_LOG: source-only analysis mode only scoping to Sources" provider=java
time="2026-09-23T15:01:06+02:00" level=info msg="language server log" line="!MESSAGE KONVEYOR_LOG: Searching in target project: [Lorg.eclipse.jdt.core.IJavaProject;@24855c67" provider=java
time="2026-09-23T15:01:06+02:00" level=info msg="language server log" line="!MESSAGE KONVEYOR_LOG: source-only analysis mode only scoping to Sources" provider=java
time="2026-09-23T15:01:06+02:00" level=info msg="language server log" line="!MESSAGE KONVEYOR_LOG: found errors: [] warnings: []" provider=java
time="2026-09-23T15:01:06+02:00" level=info msg="language server log" line="!MESSAGE KONVEYOR_LOG: Searching in target project: [Lorg.eclipse.jdt.core.IJavaProject;@75b005f7" provider=java
time="2026-09-23T15:01:06+02:00" level=info msg="language server log" line="!MESSAGE KONVEYOR_LOG: source-only analysis mode only scoping to Sources" provider=java
time="2026-09-23T15:01:06+02:00" level=info msg="language server log" line="!MESSAGE KONVEYOR_LOG: found errors: [] warnings: []" provider=java
time="2026-09-23T15:01:06+02:00" level=info msg="language server log" line="!MESSAGE KONVEYOR_LOG: found errors: [] warnings: []" provider=java
time="2026-09-23T15:01:06+02:00" level=info msg="language server log" line="!MESSAGE KONVEYOR_LOG: pattern: MethodReferencePattern: java.lang.thread.stop(...), exact match, case insensitive, generic erasure match, fine grain: QUALIFIED_REFERENCE" provider=java
time="2026-09-23T15:01:06+02:00" level=info msg="language server log" line="!MESSAGE KONVEYOR_LOG: pattern: MethodReferencePattern: sun.misc.unsafe.staticfieldbase(...), exact match, case insensitive, generic erasure match, fine grain: QUALIFIED_REFERENCE" provider=java
time="2026-09-23T15:01:06+02:00" level=info msg="language server log" line="!MESSAGE KONVEYOR_LOG: pattern: TypeDeclarationPattern: qualification<java.lang>, type<ThreadDeath> TypeDeclarationPattern: pkg<*>, enclosing<*>, type<ThreadDeath>, exact match, case sensitive, generic full match, fine grain: none | TypeReferencePattern: qualification<java.lang>, type<ThreadDeath>, exact match, case sensitive, generic full match, fine grain: none" provider=java
time="2026-09-23T15:01:06+02:00" level=info msg="language server log" line="!MESSAGE KONVEYOR_LOG: pattern: TypeDeclarationPattern: qualification<javax.swing.plaf.basic.BasicScrollPaneUI>, type<PropertyChangeHandler> TypeDeclarationPattern: pkg<*>, enclosing<*>, type<PropertyChangeHandler>, exact match, case sensitive, generic full match, fine grain: none | TypeReferencePattern: qualification<javax.swing.plaf.basic.BasicScrollPaneUI>, type<PropertyChangeHandler>, exact match, case sensitive, generic full match, fine grain: none | MethodReferencePattern: javax.swing.plaf.basic.basicscrollpaneui.propertychangehandler(...), exact match, case insensitive, generic erasure match, fine grain: QUALIFIED_REFERENCE | ConstructorCombinedPattern: javax.swing.plaf.basic.BasicScrollPaneUI.PropertyChangeHandler(...), exact match, case sensitive, generic erasure match, fine grain: none" provider=java
time="2026-09-23T15:01:06+02:00" level=info msg="language server log" line="!MESSAGE KONVEYOR_LOG: Got: 0 Number of search matching the query: \"java.lang.ThreadDeath\" and location type: 8" provider=java
time="2026-09-23T15:01:06+02:00" level=info msg="language server log" line="!MESSAGE KONVEYOR_LOG: Results size: 0" provider=java
time="2026-09-23T15:01:06+02:00" level=info msg="Symbols retrieved" cap=referenced conditionInfo="{\"Referenced\":{\"Pattern\":\"java.lang.ThreadDeath\",\"Location\":\"IMPORT\",\"annotated\":{\"pattern\":\"\"},\"Filepaths\":null}}" provider=java symbols=0
time="2026-09-23T15:01:06+02:00" level=info msg="rule returned" ruleID=java-20-deprecate-thread-00002
time="2026-09-23T15:01:06+02:00" level=info msg="Adding Carrier span info to context" worker=3
time="2026-09-23T15:01:06+02:00" level=info msg="processed rule" logger=process-rule processed=274 ruleID=java-20-deprecate-thread-00002 total=312
time="2026-09-23T15:01:06+02:00" level=info msg="language server log" line="!MESSAGE KONVEYOR_LOG: Searching in target project: [Lorg.eclipse.jdt.core.IJavaProject;@64aa7755" provider=java
time="2026-09-23T15:01:06+02:00" level=info msg="language server log" line="!MESSAGE KONVEYOR_LOG: source-only analysis mode only scoping to Sources" provider=java
time="2026-09-23T15:01:06+02:00" level=info msg="language server log" line="!MESSAGE KONVEYOR_LOG: found errors: [] warnings: []" provider=java
time="2026-09-23T15:01:06+02:00" level=info msg="language server log" line="!MESSAGE KONVEYOR_LOG: pattern: MethodReferencePattern: java.lang.thread.resume(...), exact match, case insensitive, generic erasure match, fine grain: QUALIFIED_REFERENCE" provider=java
time="2026-09-23T15:01:06+02:00" level=info msg="language server log" line="!MESSAGE KONVEYOR_LOG: Got: 0 Number of search matching the query: \"java.lang.ThreadGroup.isDestroyed\" and location type: 2" provider=java
time="2026-09-23T15:01:06+02:00" level=info msg="language server log" line="!MESSAGE KONVEYOR_LOG: Results size: 0" provider=java
time="2026-09-23T15:01:06+02:00" level=info msg="Symbols retrieved" cap=referenced conditionInfo="{\"Referenced\":{\"Pattern\":\"java.lang.ThreadGroup.isDestroyed\",\"Location\":\"METHOD_CALL\",\"annotated\":{\"pattern\":\"\"},\"Filepaths\":null}}" provider=java symbols=0
time="2026-09-23T15:01:06+02:00" level=info msg="language server log" line="!MESSAGE KONVEYOR_LOG: Searching in target project: [Lorg.eclipse.jdt.core.IJavaProject;@3b05040c" provider=java
time="2026-09-23T15:01:06+02:00" level=info msg="language server log" line="!MESSAGE KONVEYOR_LOG: source-only analysis mode only scoping to Sources" provider=java
time="2026-09-23T15:01:06+02:00" level=info msg="language server log" line="!MESSAGE KONVEYOR_LOG: found errors: [] warnings: []" provider=java
time="2026-09-23T15:01:06+02:00" level=info msg="language server log" line="!MESSAGE KONVEYOR_LOG: pattern: MethodReferencePattern: java.lang.enum.finalize(...), exact match, case insensitive, generic erasure match, fine grain: QUALIFIED_REFERENCE" provider=java
time="2026-09-23T15:01:06+02:00" level=info msg="language server log" line="!MESSAGE KONVEYOR_LOG: Got: 0 Number of search matching the query: \"javax.security.auth.Subject.callAs\" and location type: 2" provider=java
time="2026-09-23T15:01:06+02:00" level=info msg="Symbols retrieved" cap=referenced conditionInfo="{\"Referenced\":{\"Pattern\":\"javax.security.auth.Subject.callAs\",\"Location\":\"METHOD_CALL\",\"annotated\":{\"pattern\":\"\"},\"Filepaths\":null}}" provider=java symbols=0
time="2026-09-23T15:01:06+02:00" level=info msg="language server log" line="!MESSAGE KONVEYOR_LOG: Results size: 0" provider=java
time="2026-09-23T15:01:06+02:00" level=info msg="Adding Carrier span info to context" worker=4
time="2026-09-23T15:01:06+02:00" level=info msg="language server log" line="!MESSAGE KONVEYOR_LOG: Searching in target project: [Lorg.eclipse.jdt.core.IJavaProject;@33ffda19" provider=java
time="2026-09-23T15:01:06+02:00" level=info msg="rule returned" ruleID=java-19-deprecate-thread-00002
time="2026-09-23T15:01:06+02:00" level=info msg="processed rule" logger=process-rule processed=275 ruleID=java-19-deprecate-thread-00002 total=312
time="2026-09-23T15:01:06+02:00" level=info msg="language server log" line="!MESSAGE KONVEYOR_LOG: source-only analysis mode only scoping to Sources" provider=java
time="2026-09-23T15:01:06+02:00" level=info msg="language server log" line="!MESSAGE KONVEYOR_LOG: found errors: [] warnings: []" provider=java
time="2026-09-23T15:01:06+02:00" level=info msg="language server log" line="!MESSAGE KONVEYOR_LOG: pattern: PackageDeclarationPattern: <java.lang.instrument*>, pattern match, case insensitive, generic full match, fine grain: none | PackageReferencePattern: <java.lang.instrument*>, pattern match, case insensitive, generic full match, fine grain: none" provider=java
time="2026-09-23T15:01:06+02:00" level=info msg="language server log" line="!MESSAGE KONVEYOR_LOG: Got: 0 Number of search matching the query: \"java.lang.instrument*\" and location type: 11" provider=java
time="2026-09-23T15:01:06+02:00" level=info msg="language server log" line="!MESSAGE KONVEYOR_LOG: Results size: 0" provider=java
time="2026-09-23T15:01:06+02:00" level=info msg="Symbols retrieved" cap=referenced conditionInfo="{\"Referenced\":{\"Pattern\":\"java.lang.instrument*\",\"Location\":\"PACKAGE\",\"annotated\":{\"pattern\":\"\"},\"Filepaths\":null}}" provider=java symbols=0
time="2026-09-23T15:01:06+02:00" level=info msg="Adding Carrier span info to context" worker=3
time="2026-09-23T15:01:06+02:00" level=info msg="rule returned" ruleID=java-21-deprecate-dynamic-agents-00000
time="2026-09-23T15:01:06+02:00" level=info msg="processed rule" logger=process-rule processed=276 ruleID=java-21-deprecate-dynamic-agents-00000 total=312
time="2026-09-23T15:01:06+02:00" level=info msg="language server log" line="!MESSAGE KONVEYOR_LOG: Searching in target project: [Lorg.eclipse.jdt.core.IJavaProject;@2a4ced22" provider=java
time="2026-09-23T15:01:06+02:00" level=info msg="language server log" line="!MESSAGE KONVEYOR_LOG: source-only analysis mode only scoping to Sources" provider=java
time="2026-09-23T15:01:06+02:00" level=info msg="language server log" line="!MESSAGE KONVEYOR_LOG: found errors: [] warnings: []" provider=java
time="2026-09-23T15:01:06+02:00" level=info msg="language server log" line="!MESSAGE KONVEYOR_LOG: pattern: MethodReferencePattern: java.lang.threadgroup.setdaemon(...), exact match, case insensitive, generic erasure match, fine grain: QUALIFIED_REFERENCE" provider=java
time="2026-09-23T15:01:06+02:00" level=info msg="language server log" line="!MESSAGE KONVEYOR_LOG: Got: 0 Number of search matching the query: \"java.lang.Thread.getId\" and location type: 2" provider=java
time="2026-09-23T15:01:06+02:00" level=info msg="language server log" line="!MESSAGE KONVEYOR_LOG: Results size: 0" provider=java
time="2026-09-23T15:01:06+02:00" level=info msg="Symbols retrieved" cap=referenced conditionInfo="{\"Referenced\":{\"Pattern\":\"java.lang.Thread.getId\",\"Location\":\"METHOD_CALL\",\"annotated\":{\"pattern\":\"\"},\"Filepaths\":null}}" provider=java symbols=0
time="2026-09-23T15:01:06+02:00" level=info msg="Adding Carrier span info to context" worker=9
time="2026-09-23T15:01:06+02:00" level=info msg="rule returned" ruleID=java-19-deprecate-thread-00001
time="2026-09-23T15:01:06+02:00" level=info msg="processed rule" logger=process-rule processed=277 ruleID=java-19-deprecate-thread-00001 total=312
time="2026-09-23T15:01:06+02:00" level=info msg="language server log" line="!MESSAGE KONVEYOR_LOG: Searching in target project: [Lorg.eclipse.jdt.core.IJavaProject;@20b963dc" provider=java
time="2026-09-23T15:01:06+02:00" level=info msg="language server log" line="!MESSAGE KONVEYOR_LOG: source-only analysis mode only scoping to Sources" provider=java
time="2026-09-23T15:01:06+02:00" level=info msg="language server log" line="!MESSAGE KONVEYOR_LOG: found errors: [] warnings: []" provider=java
time="2026-09-23T15:01:06+02:00" level=info msg="language server log" line="!MESSAGE KONVEYOR_LOG: pattern: MethodReferencePattern: java.io.file.getcanonicalpath(...), exact match, case insensitive, generic erasure match, fine grain: QUALIFIED_REFERENCE" provider=java
time="2026-09-23T15:01:06+02:00" level=info msg="language server log" line="!MESSAGE KONVEYOR_LOG: Got: 0 Number of search matching the query: \"sun.misc.Unsafe.staticFieldBase\" and location type: 2" provider=java
time="2026-09-23T15:01:06+02:00" level=info msg="language server log" line="!MESSAGE KONVEYOR_LOG: Results size: 0" provider=java
time="2026-09-23T15:01:06+02:00" level=info msg="Symbols retrieved" cap=referenced conditionInfo="{\"Referenced\":{\"Pattern\":\"sun.misc.Unsafe.staticFieldBase\",\"Location\":\"METHOD_CALL\",\"annotated\":{\"pattern\":\"\"},\"Filepaths\":null}}" provider=java symbols=0
time="2026-09-23T15:01:06+02:00" level=info msg="Adding Carrier span info to context" worker=5
time="2026-09-23T15:01:06+02:00" level=info msg="rule returned" ruleID=java-18-deprecate-unsafe-00000
time="2026-09-23T15:01:06+02:00" level=info msg="processed rule" logger=process-rule processed=278 ruleID=java-18-deprecate-unsafe-00000 total=312
time="2026-09-23T15:01:06+02:00" level=info msg="language server log" line="!MESSAGE KONVEYOR_LOG: Searching in target project: [Lorg.eclipse.jdt.core.IJavaProject;@6c912dcd" provider=java
time="2026-09-23T15:01:06+02:00" level=info msg="language server log" line="!MESSAGE KONVEYOR_LOG: source-only analysis mode only scoping to Sources" provider=java
time="2026-09-23T15:01:06+02:00" level=info msg="language server log" line="!MESSAGE KONVEYOR_LOG: found errors: [] warnings: []" provider=java
time="2026-09-23T15:01:06+02:00" level=info msg="language server log" line="!MESSAGE KONVEYOR_LOG: pattern: TypeDeclarationPattern: qualification<com.sun.nio.file>, type<sensitivitywatcheventmodifier*> TypeDeclarationPattern: pkg<*>, enclosing<*>, type<sensitivitywatcheventmodifier*>, pattern match, case insensitive, generic full match, fine grain: none | TypeReferencePattern: qualification<com.sun.nio.file>, type<sensitivitywatcheventmodifier*>, pattern match, case insensitive, generic full match, fine grain: none" provider=java
time="2026-09-23T15:01:06+02:00" level=info msg="language server log" line="!MESSAGE KONVEYOR_LOG: Got: 0 Number of search matching the query: \"javax.swing.plaf.basic.BasicScrollPaneUI.PropertyChangeHandler\" and location type: 0" provider=java
time="2026-09-23T15:01:06+02:00" level=info msg="language server log" line="!MESSAGE KONVEYOR_LOG: Got: 0 Number of search matching the query: \"java.lang.Thread.stop\" and location type: 2" provider=java
time="2026-09-23T15:01:06+02:00" level=info msg="language server log" line="!MESSAGE KONVEYOR_LOG: Results size: 0" provider=java
time="2026-09-23T15:01:06+02:00" level=info msg="Symbols retrieved" cap=referenced conditionInfo="{\"Referenced\":{\"Pattern\":\"javax.swing.plaf.basic.BasicScrollPaneUI.PropertyChangeHandler\",\"Location\":\"\",\"annotated\":{\"pattern\":\"\"},\"Filepaths\":null}}" provider=java symbols=0
time="2026-09-23T15:01:06+02:00" level=info msg="language server log" line="!MESSAGE KONVEYOR_LOG: Got: 0 Number of search matching the query: \"com.sun.nio.file.SensitivityWatchEventModifier*\" and location type: 8" provider=java
time="2026-09-23T15:01:06+02:00" level=info msg="language server log" line="!MESSAGE KONVEYOR_LOG: Got: 0 Number of search matching the query: \"java.lang.Thread.resume\" and location type: 2" provider=java
time="2026-09-23T15:01:06+02:00" level=info msg="Symbols retrieved" cap=referenced conditionInfo="{\"Referenced\":{\"Pattern\":\"java.lang.Thread.stop\",\"Location\":\"METHOD_CALL\",\"annotated\":{\"pattern\":\"\"},\"Filepaths\":null}}" provider=java symbols=0
time="2026-09-23T15:01:06+02:00" level=info msg="Adding Carrier span info to context" worker=6
time="2026-09-23T15:01:06+02:00" level=info msg="rule returned" ruleID=java-20-deprecate-thread-00001
time="2026-09-23T15:01:06+02:00" level=info msg="processed rule" logger=process-rule processed=279 ruleID=java-20-deprecate-thread-00001 total=312
time="2026-09-23T15:01:06+02:00" level=info msg="language server log" line="!MESSAGE KONVEYOR_LOG: Results size: 0" provider=java
time="2026-09-23T15:01:06+02:00" level=info msg="language server log" line="!MESSAGE KONVEYOR_LOG: Results size: 0" provider=java
time="2026-09-23T15:01:06+02:00" level=info msg="language server log" line="!MESSAGE KONVEYOR_LOG: Got: 0 Number of search matching the query: \"java.lang.Enum.finalize\" and location type: 2" provider=java
time="2026-09-23T15:01:06+02:00" level=info msg="Symbols retrieved" cap=referenced conditionInfo="{\"Referenced\":{\"Pattern\":\"java.lang.Enum.finalize\",\"Location\":\"METHOD_CALL\",\"annotated\":{\"pattern\":\"\"},\"Filepaths\":null}}" provider=java symbols=0
time="2026-09-23T15:01:06+02:00" level=info msg="Adding Carrier span info to context" worker=7
time="2026-09-23T15:01:06+02:00" level=info msg="language server log" line="!MESSAGE KONVEYOR_LOG: Results size: 0" provider=java
time="2026-09-23T15:01:06+02:00" level=info msg="language server log" line="!MESSAGE KONVEYOR_LOG: Searching in target project: [Lorg.eclipse.jdt.core.IJavaProject;@6745046f" provider=java
time="2026-09-23T15:01:06+02:00" level=info msg="Symbols retrieved" cap=referenced conditionInfo="{\"Referenced\":{\"Pattern\":\"java.lang.Thread.resume\",\"Location\":\"METHOD_CALL\",\"annotated\":{\"pattern\":\"\"},\"Filepaths\":null}}" provider=java symbols=0
time="2026-09-23T15:01:06+02:00" level=info msg="language server log" line="!MESSAGE KONVEYOR_LOG: source-only analysis mode only scoping to Sources" provider=java
time="2026-09-23T15:01:06+02:00" level=info msg="language server log" line="!MESSAGE KONVEYOR_LOG: found errors: [] warnings: []" provider=java
time="2026-09-23T15:01:06+02:00" level=info msg="rule returned" ruleID=java-18-deprecate-finalize-00001
time="2026-09-23T15:01:06+02:00" level=info msg="processed rule" logger=process-rule processed=280 ruleID=java-18-deprecate-finalize-00001 total=312
time="2026-09-23T15:01:06+02:00" level=info msg="rule returned" ruleID=java-20-deprecate-thread-00000
time="2026-09-23T15:01:06+02:00" level=info msg="processed rule" logger=process-rule processed=281 ruleID=java-20-deprecate-thread-00000 total=312
time="2026-09-23T15:01:06+02:00" level=info msg="Adding Carrier span info to context" worker=2
time="2026-09-23T15:01:06+02:00" level=info msg="Adding Carrier span info to context" worker=6
time="2026-09-23T15:01:06+02:00" level=info msg="language server log" line="!MESSAGE KONVEYOR_LOG: pattern: MethodReferencePattern: javax.management.remote.jmxconnector.getmbeanserverconnection(...), exact match, case insensitive, generic erasure match, fine grain: QUALIFIED_REFERENCE" provider=java
time="2026-09-23T15:01:06+02:00" level=info msg="rule returned" ruleID=java-21-deprecate-property-00000
time="2026-09-23T15:01:06+02:00" level=info msg="processed rule" logger=process-rule processed=282 ruleID=java-21-deprecate-property-00000 total=312
time="2026-09-23T15:01:06+02:00" level=info msg="language server log" line="!MESSAGE KONVEYOR_LOG: Results size: 0" provider=java
time="2026-09-23T15:01:06+02:00" level=info msg="Symbols retrieved" cap=referenced conditionInfo="{\"Referenced\":{\"Pattern\":\"com.sun.nio.file.SensitivityWatchEventModifier*\",\"Location\":\"IMPORT\",\"annotated\":{\"pattern\":\"\"},\"Filepaths\":null}}" provider=java symbols=0
time="2026-09-23T15:01:06+02:00" level=info msg="Adding Carrier span info to context" worker=3
time="2026-09-23T15:01:06+02:00" level=info msg="rule returned" ruleID=java-21-deprecate-file-00001
time="2026-09-23T15:01:06+02:00" level=info msg="processed rule" logger=process-rule processed=283 ruleID=java-21-deprecate-file-00001 total=312
time="2026-09-23T15:01:06+02:00" level=info msg="language server log" line="!MESSAGE KONVEYOR_LOG: Searching in target project: [Lorg.eclipse.jdt.core.IJavaProject;@62b29b03" provider=java
time="2026-09-23T15:01:06+02:00" level=info msg="language server log" line="!MESSAGE KONVEYOR_LOG: source-only analysis mode only scoping to Sources" provider=java
time="2026-09-23T15:01:06+02:00" level=info msg="language server log" line="!MESSAGE KONVEYOR_LOG: found errors: [] warnings: []" provider=java
time="2026-09-23T15:01:06+02:00" level=info msg="language server log" line="!MESSAGE KONVEYOR_LOG: Searching in target project: [Lorg.eclipse.jdt.core.IJavaProject;@20fcae13" provider=java
time="2026-09-23T15:01:06+02:00" level=info msg="language server log" line="!MESSAGE KONVEYOR_LOG: source-only analysis mode only scoping to Sources" provider=java
time="2026-09-23T15:01:06+02:00" level=info msg="language server log" line="!MESSAGE KONVEYOR_LOG: found errors: [] warnings: []" provider=java
time="2026-09-23T15:01:06+02:00" level=info msg="language server log" line="!MESSAGE KONVEYOR_LOG: Searching in target project: [Lorg.eclipse.jdt.core.IJavaProject;@1d822d85" provider=java
time="2026-09-23T15:01:06+02:00" level=info msg="language server log" line="!MESSAGE KONVEYOR_LOG: source-only analysis mode only scoping to Sources" provider=java
time="2026-09-23T15:01:06+02:00" level=info msg="language server log" line="!MESSAGE KONVEYOR_LOG: found errors: [] warnings: []" provider=java
time="2026-09-23T15:01:06+02:00" level=info msg="language server log" line="!MESSAGE KONVEYOR_LOG: Searching in target project: [Lorg.eclipse.jdt.core.IJavaProject;@676b55d6" provider=java
time="2026-09-23T15:01:06+02:00" level=info msg="Symbols retrieved" cap=referenced conditionInfo="{\"Referenced\":{\"Pattern\":\"java.lang.Compiler*\",\"Location\":\"IMPORT\",\"annotated\":{\"pattern\":\"\"},\"Filepaths\":null}}" provider=java symbols=0
time="2026-09-23T15:01:06+02:00" level=info msg="Adding Carrier span info to context" worker=7
time="2026-09-23T15:01:06+02:00" level=info msg="rule returned" ruleID=java-21-deprecate-property-00001
time="2026-09-23T15:01:06+02:00" level=info msg="processed rule" logger=process-rule processed=284 ruleID=java-21-deprecate-property-00001 total=312
time="2026-09-23T15:01:06+02:00" level=info msg="Symbols retrieved" cap=referenced conditionInfo="{\"Referenced\":{\"Pattern\":\"com.sun.jarsigner.ContentSigner\",\"Location\":\"PACKAGE\",\"annotated\":{\"pattern\":\"\"},\"Filepaths\":null}}" provider=java symbols=0
time="2026-09-23T15:01:06+02:00" level=info msg="Adding Carrier span info to context" worker=2
time="2026-09-23T15:01:06+02:00" level=info msg="rule returned" ruleID=java-21-deprecate-signer-00000
time="2026-09-23T15:01:06+02:00" level=info msg="processed rule" logger=process-rule processed=285 ruleID=java-21-deprecate-signer-00000 total=312
time="2026-09-23T15:01:06+02:00" level=info msg="language server log" line="!MESSAGE KONVEYOR_LOG: pattern: TypeDeclarationPattern: qualification<java.lang>, type<compiler*> TypeDeclarationPattern: pkg<*>, enclosing<*>, type<compiler*>, pattern match, case insensitive, generic full match, fine grain: none | TypeReferencePattern: qualification<java.lang>, type<compiler*>, pattern match, case insensitive, generic full match, fine grain: none" provider=java
time="2026-09-23T15:01:06+02:00" level=info msg="language server log" line="!MESSAGE KONVEYOR_LOG: pattern: PackageDeclarationPattern: <com.sun.jarsigner.ContentSigner>, exact match, case insensitive, generic full match, fine grain: none | PackageReferencePattern: <com.sun.jarsigner.contentsigner>, exact match, case insensitive, generic full match, fine grain: none" provider=java
time="2026-09-23T15:01:06+02:00" level=info msg="language server log" line="!MESSAGE KONVEYOR_LOG: Got: 0 Number of search matching the query: \"java.lang.Compiler*\" and location type: 8" provider=java
time="2026-09-23T15:01:06+02:00" level=info msg="language server log" line="!MESSAGE KONVEYOR_LOG: Results size: 0" provider=java
time="2026-09-23T15:01:06+02:00" level=info msg="language server log" line="!MESSAGE KONVEYOR_LOG: Got: 0 Number of search matching the query: \"com.sun.jarsigner.ContentSigner\" and location type: 11" provider=java
time="2026-09-23T15:01:06+02:00" level=info msg="language server log" line="!MESSAGE KONVEYOR_LOG: Results size: 0" provider=java
time="2026-09-23T15:01:06+02:00" level=info msg="language server log" line="!MESSAGE KONVEYOR_LOG: pattern: TypeDeclarationPattern: qualification<javax.swing.plaf.basic.BasicScrollPaneUI>, type<ViewportChangeHandler> TypeDeclarationPattern: pkg<*>, enclosing<*>, type<ViewportChangeHandler>, exact match, case sensitive, generic full match, fine grain: none | TypeReferencePattern: qualification<javax.swing.plaf.basic.BasicScrollPaneUI>, type<ViewportChangeHandler>, exact match, case sensitive, generic full match, fine grain: none | MethodReferencePattern: javax.swing.plaf.basic.basicscrollpaneui.viewportchangehandler(...), exact match, case insensitive, generic erasure match, fine grain: QUALIFIED_REFERENCE | ConstructorCombinedPattern: javax.swing.plaf.basic.BasicScrollPaneUI.ViewportChangeHandler(...), exact match, case sensitive, generic erasure match, fine grain: none" provider=java
time="2026-09-23T15:01:06+02:00" level=info msg="language server log" line="!MESSAGE KONVEYOR_LOG: Searching in target project: [Lorg.eclipse.jdt.core.IJavaProject;@112ef72a" provider=java
time="2026-09-23T15:01:06+02:00" level=info msg="language server log" line="!MESSAGE KONVEYOR_LOG: source-only analysis mode only scoping to Sources" provider=java
time="2026-09-23T15:01:06+02:00" level=info msg="language server log" line="!MESSAGE KONVEYOR_LOG: found errors: [] warnings: []" provider=java
time="2026-09-23T15:01:06+02:00" level=info msg="language server log" line="!MESSAGE KONVEYOR_LOG: pattern: ConstructorCombinedPattern: java.io.filereader*(...), pattern match, case insensitive, generic erasure match, fine grain: none | ConstructorCombinedPattern: java.io.filewriter*(...), pattern match, case insensitive, generic erasure match, fine grain: none | ConstructorCombinedPattern: java.io.inputstreamreader*(...), pattern match, case insensitive, generic erasure match, fine grain: none | ConstructorCombinedPattern: java.io.outputstreamwriter*(...), pattern match, case insensitive, generic erasure match, fine grain: none | ConstructorCombinedPattern: java.io.printstream*(...), pattern match, case insensitive, generic erasure match, fine grain: none" provider=java
time="2026-09-23T15:01:06+02:00" level=info msg="language server log" line="!MESSAGE KONVEYOR_LOG: source-only analysis mode only scoping to Sources" provider=java
time="2026-09-23T15:01:06+02:00" level=info msg="language server log" line="!MESSAGE KONVEYOR_LOG: Got: 0 Number of search matching the query: \"java.io.(FileReader|FileWriter|InputStreamReader|OutputStreamWriter|PrintStream)*\" and location type: 3" provider=java
time="2026-09-23T15:01:06+02:00" level=info msg="language server log" line="!MESSAGE KONVEYOR_LOG: Results size: 0" provider=java
time="2026-09-23T15:01:06+02:00" level=info msg="language server log" line="!MESSAGE KONVEYOR_LOG: found errors: [] warnings: []" provider=java
time="2026-09-23T15:01:06+02:00" level=info msg="Symbols retrieved" cap=referenced conditionInfo="{\"Referenced\":{\"Pattern\":\"java.io.(FileReader|FileWriter|InputStreamReader|OutputStreamWriter|PrintStream)*\",\"Location\":\"CONSTRUCTOR_CALL\",\"annotated\":{\"pattern\":\"\"},\"Filepaths\":null}}" provider=java symbols=0
time="2026-09-23T15:01:06+02:00" level=info msg="Adding Carrier span info to context" worker=3
time="2026-09-23T15:01:06+02:00" level=info msg="rule returned" ruleID=utf-8-by-default-00000
time="2026-09-23T15:01:06+02:00" level=info msg="processed rule" logger=process-rule processed=286 ruleID=utf-8-by-default-00000 total=312
time="2026-09-23T15:01:06+02:00" level=info msg="language server log" line="!MESSAGE KONVEYOR_LOG: Searching in target project: [Lorg.eclipse.jdt.core.IJavaProject;@3ba08875" provider=java
time="2026-09-23T15:01:06+02:00" level=info msg="language server log" line="!MESSAGE KONVEYOR_LOG: pattern: TypeDeclarationPattern: qualification<javax.management.remote.rmi>, type<RMIIIOPServerImpl> TypeDeclarationPattern: pkg<*>, enclosing<*>, type<RMIIIOPServerImpl>, exact match, case sensitive, generic full match, fine grain: none | TypeReferencePattern: qualification<javax.management.remote.rmi>, type<RMIIIOPServerImpl>, exact match, case sensitive, generic full match, fine grain: none" provider=java
time="2026-09-23T15:01:06+02:00" level=info msg="language server log" line="!MESSAGE KONVEYOR_LOG: source-only analysis mode only scoping to Sources" provider=java
time="2026-09-23T15:01:06+02:00" level=info msg="language server log" line="!MESSAGE KONVEYOR_LOG: found errors: [] warnings: []" provider=java
time="2026-09-23T15:01:06+02:00" level=info msg="language server log" line="!MESSAGE KONVEYOR_LOG: Got: 0 Number of search matching the query: \"javax.management.remote.rmi.RMIIIOPServerImpl\" and location type: 8" provider=java
time="2026-09-23T15:01:06+02:00" level=info msg="language server log" line="!MESSAGE KONVEYOR_LOG: Results size: 0" provider=java
time="2026-09-23T15:01:06+02:00" level=info msg="Symbols retrieved" cap=referenced conditionInfo="{\"Referenced\":{\"Pattern\":\"javax.management.remote.rmi.RMIIIOPServerImpl\",\"Location\":\"IMPORT\",\"annotated\":{\"pattern\":\"\"},\"Filepaths\":null}}" provider=java symbols=0
time="2026-09-23T15:01:06+02:00" level=info msg="Adding Carrier span info to context" worker=9
time="2026-09-23T15:01:06+02:00" level=info msg="rule returned" ruleID=java-21-deprecate-jmx-00000
time="2026-09-23T15:01:06+02:00" level=info msg="processed rule" logger=process-rule processed=287 ruleID=java-21-deprecate-jmx-00000 total=312
time="2026-09-23T15:01:06+02:00" level=info msg="language server log" line="!MESSAGE KONVEYOR_LOG: Searching in target project: [Lorg.eclipse.jdt.core.IJavaProject;@7c7d1684" provider=java
time="2026-09-23T15:01:06+02:00" level=info msg="language server log" line="!MESSAGE KONVEYOR_LOG: source-only analysis mode only scoping to Sources" provider=java
time="2026-09-23T15:01:06+02:00" level=info msg="language server log" line="!MESSAGE KONVEYOR_LOG: found errors: [] warnings: []" provider=java
time="2026-09-23T15:01:06+02:00" level=info msg="language server log" line="!MESSAGE KONVEYOR_LOG: pattern: MethodReferencePattern: java.lang.threadgroup.allowthreadsuspension(...), exact match, case insensitive, generic erasure match, fine grain: QUALIFIED_REFERENCE" provider=java
time="2026-09-23T15:01:06+02:00" level=info msg="language server log" line="!MESSAGE KONVEYOR_LOG: Searching in target project: [Lorg.eclipse.jdt.core.IJavaProject;@55d14ea4" provider=java
time="2026-09-23T15:01:06+02:00" level=info msg="language server log" line="!MESSAGE KONVEYOR_LOG: source-only analysis mode only scoping to Sources" provider=java
time="2026-09-23T15:01:06+02:00" level=info msg="language server log" line="!MESSAGE KONVEYOR_LOG: found errors: [] warnings: []" provider=java
time="2026-09-23T15:01:06+02:00" level=info msg="language server log" line="!MESSAGE KONVEYOR_LOG: pattern: ConstructorCombinedPattern: java.util.formatter*(...), pattern match, case insensitive, generic erasure match, fine grain: none | ConstructorCombinedPattern: java.util.scanner*(...), pattern match, case insensitive, generic erasure match, fine grain: none" provider=java
time="2026-09-23T15:01:06+02:00" level=info msg="language server log" line="!MESSAGE KONVEYOR_LOG: pattern: MethodReferencePattern: java.net.urlencoder.encode(...), exact match, case insensitive, generic erasure match, fine grain: QUALIFIED_REFERENCE" provider=java
time="2026-09-23T15:01:06+02:00" level=info msg="language server log" line="!MESSAGE KONVEYOR_LOG: Got: 0 Number of search matching the query: \"java.util.(Formatter|Scanner)*\" and location type: 3" provider=java
time="2026-09-23T15:01:06+02:00" level=info msg="language server log" line="!MESSAGE KONVEYOR_LOG: Results size: 0" provider=java
time="2026-09-23T15:01:06+02:00" level=info msg="Symbols retrieved" cap=referenced conditionInfo="{\"Referenced\":{\"Pattern\":\"java.util.(Formatter|Scanner)*\",\"Location\":\"CONSTRUCTOR_CALL\",\"annotated\":{\"pattern\":\"\"},\"Filepaths\":null}}" provider=java symbols=0
time="2026-09-23T15:01:06+02:00" level=info msg="Adding Carrier span info to context" worker=7
time="2026-09-23T15:01:06+02:00" level=info msg="rule returned" ruleID=utf-8-by-default-00010
time="2026-09-23T15:01:06+02:00" level=info msg="processed rule" logger=process-rule processed=288 ruleID=utf-8-by-default-00010 total=312
time="2026-09-23T15:01:06+02:00" level=info msg="Symbols retrieved" cap=referenced conditionInfo="{\"Referenced\":{\"Pattern\":\"java.io.File.getCanonicalPath\",\"Location\":\"METHOD_CALL\",\"annotated\":{\"pattern\":\"\"},\"Filepaths\":null}}" provider=java symbols=0
time="2026-09-23T15:01:06+02:00" level=info msg="language server log" line="!MESSAGE KONVEYOR_LOG: Got: 0 Number of search matching the query: \"java.io.File.getCanonicalPath\" and location type: 2" provider=java
time="2026-09-23T15:01:06+02:00" level=info msg="language server log" line="!MESSAGE KONVEYOR_LOG: Results size: 0" provider=java
time="2026-09-23T15:01:06+02:00" level=info msg="language server log" line="!MESSAGE KONVEYOR_LOG: Got: 0 Number of search matching the query: \"java.lang.ThreadGroup.setDaemon\" and location type: 2" provider=java
time="2026-09-23T15:01:06+02:00" level=info msg="language server log" line="!MESSAGE KONVEYOR_LOG: Results size: 0" provider=java
time="2026-09-23T15:01:06+02:00" level=info msg="Symbols retrieved" cap=referenced conditionInfo="{\"Referenced\":{\"Pattern\":\"java.lang.ThreadGroup.setDaemon\",\"Location\":\"METHOD_CALL\",\"annotated\":{\"pattern\":\"\"},\"Filepaths\":null}}" provider=java symbols=0
time="2026-09-23T15:01:06+02:00" level=info msg="language server log" line="!MESSAGE KONVEYOR_LOG: Searching in target project: [Lorg.eclipse.jdt.core.IJavaProject;@3666983b" provider=java
time="2026-09-23T15:01:06+02:00" level=info msg="language server log" line="!MESSAGE KONVEYOR_LOG: source-only analysis mode only scoping to Sources" provider=java
time="2026-09-23T15:01:06+02:00" level=info msg="language server log" line="!MESSAGE KONVEYOR_LOG: Searching in target project: [Lorg.eclipse.jdt.core.IJavaProject;@2ab05bf9" provider=java
time="2026-09-23T15:01:06+02:00" level=info msg="language server log" line="!MESSAGE KONVEYOR_LOG: found errors: [] warnings: []" provider=java
time="2026-09-23T15:01:06+02:00" level=info msg="language server log" line="!MESSAGE KONVEYOR_LOG: source-only analysis mode only scoping to Sources" provider=java
time="2026-09-23T15:01:06+02:00" level=info msg="language server log" line="!MESSAGE KONVEYOR_LOG: pattern: MethodReferencePattern: java.net.urldecoder.decode(...), exact match, case insensitive, generic erasure match, fine grain: QUALIFIED_REFERENCE" provider=java
time="2026-09-23T15:01:06+02:00" level=info msg="language server log" line="!MESSAGE KONVEYOR_LOG: found errors: [] warnings: []" provider=java
time="2026-09-23T15:01:06+02:00" level=info msg="language server log" line="!MESSAGE KONVEYOR_LOG: Searching in target project: [Lorg.eclipse.jdt.core.IJavaProject;@6164fa08" provider=java
time="2026-09-23T15:01:06+02:00" level=info msg="language server log" line="!MESSAGE KONVEYOR_LOG: source-only analysis mode only scoping to Sources" provider=java
time="2026-09-23T15:01:06+02:00" level=info msg="language server log" line="!MESSAGE KONVEYOR_LOG: pattern: PackageDeclarationPattern: <jdk.management.resource*>, pattern match, case insensitive, generic full match, fine grain: none | PackageReferencePattern: <jdk.management.resource*>, pattern match, case insensitive, generic full match, fine grain: none" provider=java
time="2026-09-23T15:01:06+02:00" level=info msg="language server log" line="!MESSAGE KONVEYOR_LOG: found errors: [] warnings: []" provider=java
time="2026-09-23T15:01:06+02:00" level=info msg="language server log" line="!MESSAGE KONVEYOR_LOG: pattern: ConstructorCombinedPattern: com.sun.image.codec.jpeg*(...), pattern match, case insensitive, generic erasure match, fine grain: none" provider=java
time="2026-09-23T15:01:06+02:00" level=info msg="Symbols retrieved" cap=referenced conditionInfo="{\"Referenced\":{\"Pattern\":\"com.sun.image.codec.jpeg*\",\"Location\":\"CONSTRUCTOR_CALL\",\"annotated\":{\"pattern\":\"\"},\"Filepaths\":null}}" provider=java symbols=0
time="2026-09-23T15:01:06+02:00" level=info msg="language server log" line="!MESSAGE KONVEYOR_LOG: Got: 0 Number of search matching the query: \"com.sun.image.codec.jpeg*\" and location type: 3" provider=java
time="2026-09-23T15:01:06+02:00" level=info msg="language server log" line="!MESSAGE KONVEYOR_LOG: Results size: 0" provider=java
time="2026-09-23T15:01:06+02:00" level=info msg="language server log" line="!MESSAGE KONVEYOR_LOG: Got: 0 Number of search matching the query: \"jdk.management.resource*\" and location type: 11" provider=java
time="2026-09-23T15:01:06+02:00" level=info msg="language server log" line="!MESSAGE KONVEYOR_LOG: Searching in target project: [Lorg.eclipse.jdt.core.IJavaProject;@7e84f338" provider=java
time="2026-09-23T15:01:06+02:00" level=info msg="language server log" line="!MESSAGE KONVEYOR_LOG: Results size: 0" provider=java
time="2026-09-23T15:01:06+02:00" level=info msg="Symbols retrieved" cap=referenced conditionInfo="{\"Referenced\":{\"Pattern\":\"jdk.management.resource*\",\"Location\":\"PACKAGE\",\"annotated\":{\"pattern\":\"\"},\"Filepaths\":null}}" provider=java symbols=0
time="2026-09-23T15:01:06+02:00" level=info msg="Adding Carrier span info to context" worker=9
time="2026-09-23T15:01:06+02:00" level=info msg="rule returned" ruleID=oracle2openjdk-00002
time="2026-09-23T15:01:06+02:00" level=info msg="language server log" line="!MESSAGE KONVEYOR_LOG: source-only analysis mode only scoping to Sources" provider=java
time="2026-09-23T15:01:06+02:00" level=info msg="processed rule" logger=process-rule processed=289 ruleID=oracle2openjdk-00002 total=312
time="2026-09-23T15:01:06+02:00" level=info msg="language server log" line="!MESSAGE KONVEYOR_LOG: found errors: [] warnings: []" provider=java
time="2026-09-23T15:01:06+02:00" level=info msg="language server log" line="!MESSAGE KONVEYOR_LOG: Searching in target project: [Lorg.eclipse.jdt.core.IJavaProject;@4ae73a2e" provider=java
time="2026-09-23T15:01:06+02:00" level=info msg="language server log" line="!MESSAGE KONVEYOR_LOG: source-only analysis mode only scoping to Sources" provider=java
time="2026-09-23T15:01:06+02:00" level=info msg="language server log" line="!MESSAGE KONVEYOR_LOG: pattern: MethodReferencePattern: java.io.file.getcanonicalfile(...), exact match, case insensitive, generic erasure match, fine grain: QUALIFIED_REFERENCE" provider=java
time="2026-09-23T15:01:06+02:00" level=info msg="language server log" line="!MESSAGE KONVEYOR_LOG: found errors: [] warnings: []" provider=java
time="2026-09-23T15:01:06+02:00" level=info msg="language server log" line="!MESSAGE KONVEYOR_LOG: pattern: MethodReferencePattern: java.lang.threadgroup.isdaemon(...), exact match, case insensitive, generic erasure match, fine grain: QUALIFIED_REFERENCE" provider=java
time="2026-09-23T15:01:06+02:00" level=info msg="language server log" line="!MESSAGE KONVEYOR_LOG: Got: 0 Number of search matching the query: \"javax.management.remote.JMXConnector.getMBeanServerConnection\" and location type: 2" provider=java
time="2026-09-23T15:01:06+02:00" level=info msg="language server log" line="!MESSAGE KONVEYOR_LOG: Got: 0 Number of search matching the query: \"javax.swing.plaf.basic.BasicScrollPaneUI.ViewportChangeHandler\" and location type: 0" provider=java
time="2026-09-23T15:01:06+02:00" level=info msg="Symbols retrieved" cap=referenced conditionInfo="{\"Referenced\":{\"Pattern\":\"javax.swing.plaf.basic.BasicScrollPaneUI.ViewportChangeHandler\",\"Location\":\"\",\"annotated\":{\"pattern\":\"\"},\"Filepaths\":null}}" provider=java symbols=0
time="2026-09-23T15:01:06+02:00" level=info msg="language server log" line="!MESSAGE KONVEYOR_LOG: Results size: 0" provider=java
time="2026-09-23T15:01:06+02:00" level=info msg="language server log" line="!MESSAGE KONVEYOR_LOG: Results size: 0" provider=java
time="2026-09-23T15:01:06+02:00" level=info msg="Symbols retrieved" cap=referenced conditionInfo="{\"Referenced\":{\"Pattern\":\"javax.management.remote.JMXConnector.getMBeanServerConnection\",\"Location\":\"METHOD_CALL\",\"annotated\":{\"pattern\":\"\"},\"Filepaths\":null}}" provider=java symbols=0
time="2026-09-23T15:01:06+02:00" level=info msg="Adding Carrier span info to context" worker=5
time="2026-09-23T15:01:06+02:00" level=info msg="rule returned" ruleID=java-21-deprecate-jmx-00001
time="2026-09-23T15:01:06+02:00" level=info msg="processed rule" logger=process-rule processed=290 ruleID=java-21-deprecate-jmx-00001 total=312
time="2026-09-23T15:01:06+02:00" level=info msg="language server log" line="!MESSAGE KONVEYOR_LOG: Searching in target project: [Lorg.eclipse.jdt.core.IJavaProject;@eb135b9" provider=java
time="2026-09-23T15:01:06+02:00" level=info msg="language server log" line="!MESSAGE KONVEYOR_LOG: Searching in target project: [Lorg.eclipse.jdt.core.IJavaProject;@50e2c70d" provider=java
time="2026-09-23T15:01:06+02:00" level=info msg="language server log" line="!MESSAGE KONVEYOR_LOG: source-only analysis mode only scoping to Sources" provider=java
time="2026-09-23T15:01:06+02:00" level=info msg="language server log" line="!MESSAGE KONVEYOR_LOG: source-only analysis mode only scoping to Sources" provider=java
time="2026-09-23T15:01:06+02:00" level=info msg="language server log" line="!MESSAGE KONVEYOR_LOG: found errors: [] warnings: []" provider=java
time="2026-09-23T15:01:06+02:00" level=info msg="language server log" line="!MESSAGE KONVEYOR_LOG: found errors: [] warnings: []" provider=java
time="2026-09-23T15:01:06+02:00" level=info msg="language server log" line="!MESSAGE KONVEYOR_LOG: pattern: TypeDeclarationPattern: qualification<com.sun.image.codec>, type<jpeg*> TypeDeclarationPattern: pkg<*>, enclosing<*>, type<jpeg*>, pattern match, case insensitive, generic full match, fine grain: none | TypeReferencePattern: qualification<com.sun.image.codec>, type<jpeg*>, pattern match, case insensitive, generic full match, fine grain: none" provider=java
time="2026-09-23T15:01:06+02:00" level=info msg="language server log" line="!MESSAGE KONVEYOR_LOG: pattern: PackageDeclarationPattern: <com.sun.mirror.apt*>, pattern match, case insensitive, generic full match, fine grain: none | PackageReferencePattern: <com.sun.mirror.apt*>, pattern match, case insensitive, generic full match, fine grain: none" provider=java
time="2026-09-23T15:01:06+02:00" level=info msg="language server log" line="!MESSAGE KONVEYOR_LOG: Got: 0 Number of search matching the query: \"com.sun.mirror.apt*\" and location type: 11" provider=java
time="2026-09-23T15:01:06+02:00" level=info msg="language server log" line="!MESSAGE KONVEYOR_LOG: Results size: 0" provider=java
time="2026-09-23T15:01:06+02:00" level=info msg="Symbols retrieved" cap=referenced conditionInfo="{\"Referenced\":{\"Pattern\":\"com.sun.mirror.apt*\",\"Location\":\"PACKAGE\",\"annotated\":{\"pattern\":\"\"},\"Filepaths\":null}}" provider=java symbols=0
time="2026-09-23T15:01:06+02:00" level=info msg="Adding Carrier span info to context" worker=9
time="2026-09-23T15:01:06+02:00" level=info msg="rule returned" ruleID=java-8-deprecate-apt-00001
time="2026-09-23T15:01:06+02:00" level=info msg="language server log" line="!MESSAGE KONVEYOR_LOG: Searching in target project: [Lorg.eclipse.jdt.core.IJavaProject;@ba92046" provider=java
time="2026-09-23T15:01:06+02:00" level=info msg="processed rule" logger=process-rule processed=291 ruleID=java-8-deprecate-apt-00001 total=312
time="2026-09-23T15:01:06+02:00" level=info msg="language server log" line="!MESSAGE KONVEYOR_LOG: source-only analysis mode only scoping to Sources" provider=java
time="2026-09-23T15:01:06+02:00" level=info msg="language server log" line="!MESSAGE KONVEYOR_LOG: found errors: [] warnings: []" provider=java
time="2026-09-23T15:01:06+02:00" level=info msg="language server log" line="!MESSAGE KONVEYOR_LOG: pattern: PackageDeclarationPattern: <com.sun.security.auth.callback.DialogCallbackHandler>, exact match, case insensitive, generic full match, fine grain: none | PackageReferencePattern: <com.sun.security.auth.callback.dialogcallbackhandler>, exact match, case insensitive, generic full match, fine grain: none" provider=java
time="2026-09-23T15:01:06+02:00" level=info msg="language server log" line="!MESSAGE KONVEYOR_LOG: Got: 0 Number of search matching the query: \"com.sun.security.auth.callback.DialogCallbackHandler\" and location type: 11" provider=java
time="2026-09-23T15:01:06+02:00" level=info msg="language server log" line="!MESSAGE KONVEYOR_LOG: Results size: 0" provider=java
time="2026-09-23T15:01:06+02:00" level=info msg="Symbols retrieved" cap=referenced conditionInfo="{\"Referenced\":{\"Pattern\":\"com.sun.security.auth.callback.DialogCallbackHandler\",\"Location\":\"PACKAGE\",\"annotated\":{\"pattern\":\"\"},\"Filepaths\":null}}" provider=java symbols=0
time="2026-09-23T15:01:06+02:00" level=info msg="Adding Carrier span info to context" worker=5
time="2026-09-23T15:01:06+02:00" level=info msg="rule returned" ruleID=java-8-deprecate-callback-00001
time="2026-09-23T15:01:06+02:00" level=info msg="processed rule" logger=process-rule processed=292 ruleID=java-8-deprecate-callback-00001 total=312
time="2026-09-23T15:01:06+02:00" level=info msg="language server log" line="!MESSAGE KONVEYOR_LOG: Searching in target project: [Lorg.eclipse.jdt.core.IJavaProject;@598ce48a" provider=java
time="2026-09-23T15:01:06+02:00" level=info msg="language server log" line="!MESSAGE KONVEYOR_LOG: source-only analysis mode only scoping to Sources" provider=java
time="2026-09-23T15:01:06+02:00" level=info msg="language server log" line="!MESSAGE KONVEYOR_LOG: found errors: [] warnings: []" provider=java
time="2026-09-23T15:01:06+02:00" level=info msg="language server log" line="!MESSAGE KONVEYOR_LOG: pattern: TypeDeclarationPattern: qualification<javax.swing.plaf.basic.BasicScrollPaneUI>, type<VSBChangeListener> TypeDeclarationPattern: pkg<*>, enclosing<*>, type<VSBChangeListener>, exact match, case sensitive, generic full match, fine grain: none | TypeReferencePattern: qualification<javax.swing.plaf.basic.BasicScrollPaneUI>, type<VSBChangeListener>, exact match, case sensitive, generic full match, fine grain: none | MethodReferencePattern: javax.swing.plaf.basic.basicscrollpaneui.vsbchangelistener(...), exact match, case insensitive, generic erasure match, fine grain: QUALIFIED_REFERENCE | ConstructorCombinedPattern: javax.swing.plaf.basic.BasicScrollPaneUI.VSBChangeListener(...), exact match, case sensitive, generic erasure match, fine grain: none" provider=java
time="2026-09-23T15:01:06+02:00" level=info msg="Symbols retrieved" cap=referenced conditionInfo="{\"Referenced\":{\"Pattern\":\"java.net.URLDecoder.decode\",\"Location\":\"METHOD_CALL\",\"annotated\":{\"pattern\":\"\"},\"Filepaths\":null}}" provider=java symbols=0
time="2026-09-23T15:01:06+02:00" level=info msg="Adding Carrier span info to context" worker=3
time="2026-09-23T15:01:06+02:00" level=info msg="rule returned" ruleID=utf-8-by-default-00030
time="2026-09-23T15:01:06+02:00" level=info msg="processed rule" logger=process-rule processed=293 ruleID=utf-8-by-default-00030 total=312
time="2026-09-23T15:01:06+02:00" level=info msg="Symbols retrieved" cap=referenced conditionInfo="{\"Referenced\":{\"Pattern\":\"java.lang.ThreadGroup.isDaemon\",\"Location\":\"METHOD_CALL\",\"annotated\":{\"pattern\":\"\"},\"Filepaths\":null}}" provider=java symbols=0
time="2026-09-23T15:01:06+02:00" level=info msg="Symbols retrieved" cap=referenced conditionInfo="{\"Referenced\":{\"Pattern\":\"java.lang.ThreadGroup.allowThreadSuspension\",\"Location\":\"METHOD_CALL\",\"annotated\":{\"pattern\":\"\"},\"Filepaths\":null}}" provider=java symbols=0
time="2026-09-23T15:01:06+02:00" level=info msg="Adding Carrier span info to context" worker=6
time="2026-09-23T15:01:06+02:00" level=info msg="rule returned" ruleID=java-21-deprecate-thread-00000
time="2026-09-23T15:01:06+02:00" level=info msg="processed rule" logger=process-rule processed=294 ruleID=java-21-deprecate-thread-00000 total=312
time="2026-09-23T15:01:06+02:00" level=info msg="Symbols retrieved" cap=referenced conditionInfo="{\"Referenced\":{\"Pattern\":\"java.io.File.getCanonicalFile\",\"Location\":\"METHOD_CALL\",\"annotated\":{\"pattern\":\"\"},\"Filepaths\":null}}" provider=java symbols=0
time="2026-09-23T15:01:06+02:00" level=info msg="Symbols retrieved" cap=referenced conditionInfo="{\"Referenced\":{\"Pattern\":\"javafx.scene.*Builder\",\"Location\":\"IMPORT\",\"annotated\":{\"pattern\":\"\"},\"Filepaths\":null}}" provider=java symbols=0
time="2026-09-23T15:01:06+02:00" level=info msg="Adding Carrier span info to context" worker=5
time="2026-09-23T15:01:06+02:00" level=info msg="rule returned" ruleID=java-8-deprecate-javafx-builder-00001
time="2026-09-23T15:01:06+02:00" level=info msg="processed rule" logger=process-rule processed=295 ruleID=java-8-deprecate-javafx-builder-00001 total=312
time="2026-09-23T15:01:06+02:00" level=info msg="Adding Carrier span info to context" worker=4
time="2026-09-23T15:01:06+02:00" level=info msg="rule returned" ruleID=java-21-deprecate-file-00000
time="2026-09-23T15:01:06+02:00" level=info msg="processed rule" logger=process-rule processed=296 ruleID=java-21-deprecate-file-00000 total=312
time="2026-09-23T15:01:06+02:00" level=info msg="Symbols retrieved" cap=referenced conditionInfo="{\"Referenced\":{\"Pattern\":\"com.sun.corba*\",\"Location\":\"IMPORT\",\"annotated\":{\"pattern\":\"\"},\"Filepaths\":null}}" provider=java symbols=0
time="2026-09-23T15:01:06+02:00" level=info msg="Adding Carrier span info to context" worker=9
time="2026-09-23T15:01:06+02:00" level=info msg="rule returned" ruleID=java-8-deprecate-corba-00001
time="2026-09-23T15:01:06+02:00" level=info msg="processed rule" logger=process-rule processed=297 ruleID=java-8-deprecate-corba-00001 total=312
time="2026-09-23T15:01:06+02:00" level=info msg="Adding Carrier span info to context" worker=6
time="2026-09-23T15:01:06+02:00" level=info msg="rule returned" ruleID=java-8-deprecate-odbc-00001
time="2026-09-23T15:01:06+02:00" level=info msg="processed rule" logger=process-rule processed=298 ruleID=java-8-deprecate-odbc-00001 total=312
time="2026-09-23T15:01:06+02:00" level=info msg="language server log" line="!MESSAGE KONVEYOR_LOG: Got: 0 Number of search matching the query: \"java.net.URLDecoder.decode\" and location type: 2" provider=java
time="2026-09-23T15:01:06+02:00" level=info msg="language server log" line="!MESSAGE KONVEYOR_LOG: Results size: 0" provider=java
time="2026-09-23T15:01:06+02:00" level=info msg="language server log" line="!MESSAGE KONVEYOR_LOG: Got: 0 Number of search matching the query: \"java.lang.ThreadGroup.isDaemon\" and location type: 2" provider=java
time="2026-09-23T15:01:06+02:00" level=info msg="language server log" line="!MESSAGE KONVEYOR_LOG: Results size: 0" provider=java
time="2026-09-23T15:01:06+02:00" level=info msg="language server log" line="!MESSAGE KONVEYOR_LOG: Got: 0 Number of search matching the query: \"java.lang.ThreadGroup.allowThreadSuspension\" and location type: 2" provider=java
time="2026-09-23T15:01:06+02:00" level=info msg="language server log" line="!MESSAGE KONVEYOR_LOG: Results size: 0" provider=java
time="2026-09-23T15:01:06+02:00" level=info msg="language server log" line="!MESSAGE KONVEYOR_LOG: Searching in target project: [Lorg.eclipse.jdt.core.IJavaProject;@4f185634" provider=java
time="2026-09-23T15:01:06+02:00" level=info msg="language server log" line="!MESSAGE KONVEYOR_LOG: source-only analysis mode only scoping to Sources" provider=java
time="2026-09-23T15:01:06+02:00" level=info msg="language server log" line="!MESSAGE KONVEYOR_LOG: found errors: [] warnings: []" provider=java
time="2026-09-23T15:01:06+02:00" level=info msg="language server log" line="!MESSAGE KONVEYOR_LOG: pattern: TypeDeclarationPattern: qualification<com.sun>, type<corba*> TypeDeclarationPattern: pkg<*>, enclosing<*>, type<corba*>, pattern match, case insensitive, generic full match, fine grain: none | TypeReferencePattern: qualification<com.sun>, type<corba*>, pattern match, case insensitive, generic full match, fine grain: none" provider=java
time="2026-09-23T15:01:06+02:00" level=info msg="language server log" line="!MESSAGE KONVEYOR_LOG: Searching in target project: [Lorg.eclipse.jdt.core.IJavaProject;@5f2ff098" provider=java
time="2026-09-23T15:01:06+02:00" level=info msg="language server log" line="!MESSAGE KONVEYOR_LOG: source-only analysis mode only scoping to Sources" provider=java
time="2026-09-23T15:01:06+02:00" level=info msg="language server log" line="!MESSAGE KONVEYOR_LOG: found errors: [] warnings: []" provider=java
time="2026-09-23T15:01:06+02:00" level=info msg="language server log" line="!MESSAGE KONVEYOR_LOG: Searching in target project: [Lorg.eclipse.jdt.core.IJavaProject;@5d2aaaa8" provider=java
time="2026-09-23T15:01:06+02:00" level=info msg="Symbols retrieved" cap=referenced conditionInfo="{\"Referenced\":{\"Pattern\":\"javax.swing.plaf.basic.BasicScrollPaneUI.VSBChangeListener\",\"Location\":\"\",\"annotated\":{\"pattern\":\"\"},\"Filepaths\":null}}" provider=java symbols=0
time="2026-09-23T15:01:06+02:00" level=info msg="language server log" line="!MESSAGE KONVEYOR_LOG: source-only analysis mode only scoping to Sources" provider=java
time="2026-09-23T15:01:06+02:00" level=info msg="language server log" line="!MESSAGE KONVEYOR_LOG: found errors: [] warnings: []" provider=java
time="2026-09-23T15:01:06+02:00" level=info msg="language server log" line="!MESSAGE KONVEYOR_LOG: pattern: TypeDeclarationPattern: qualification<javafx.scene>, type<*builder> TypeDeclarationPattern: pkg<*>, enclosing<*>, type<*builder>, pattern match, case insensitive, generic full match, fine grain: none | TypeReferencePattern: qualification<javafx.scene>, type<*builder>, pattern match, case insensitive, generic full match, fine grain: none" provider=java
time="2026-09-23T15:01:06+02:00" level=info msg="Symbols retrieved" cap=referenced conditionInfo="{\"Referenced\":{\"Pattern\":\"java.util.jar.Pack200.Packer.addPropertyChangeListener\",\"Location\":\"METHOD_CALL\",\"annotated\":{\"pattern\":\"\"},\"Filepaths\":null}}" provider=java symbols=0
time="2026-09-23T15:01:06+02:00" level=info msg="language server log" line="!MESSAGE KONVEYOR_LOG: Got: 0 Number of search matching the query: \"javafx.scene.*Builder\" and location type: 8" provider=java
time="2026-09-23T15:01:06+02:00" level=info msg="language server log" line="!MESSAGE KONVEYOR_LOG: Results size: 0" provider=java
time="2026-09-23T15:01:06+02:00" level=info msg="language server log" line="!MESSAGE KONVEYOR_LOG: pattern: MethodReferencePattern: java.util.logging.logmanager.addpropertychangelistener(...), exact match, case insensitive, generic erasure match, fine grain: QUALIFIED_REFERENCE" provider=java
time="2026-09-23T15:01:06+02:00" level=info msg="language server log" line="!MESSAGE KONVEYOR_LOG: Got: 0 Number of search matching the query: \"java.io.File.getCanonicalFile\" and location type: 2" provider=java
time="2026-09-23T15:01:06+02:00" level=info msg="language server log" line="!MESSAGE KONVEYOR_LOG: Results size: 0" provider=java
time="2026-09-23T15:01:06+02:00" level=info msg="language server log" line="!MESSAGE KONVEYOR_LOG: Searching in target project: [Lorg.eclipse.jdt.core.IJavaProject;@1d2e2540" provider=java
time="2026-09-23T15:01:06+02:00" level=info msg="language server log" line="!MESSAGE KONVEYOR_LOG: source-only analysis mode only scoping to Sources" provider=java
time="2026-09-23T15:01:06+02:00" level=info msg="language server log" line="!MESSAGE KONVEYOR_LOG: Searching in target project: [Lorg.eclipse.jdt.core.IJavaProject;@7a34444d" provider=java
time="2026-09-23T15:01:06+02:00" level=info msg="language server log" line="!MESSAGE KONVEYOR_LOG: Got: 0 Number of search matching the query: \"com.sun.corba*\" and location type: 8" provider=java
time="2026-09-23T15:01:06+02:00" level=info msg="language server log" line="!MESSAGE KONVEYOR_LOG: found errors: [] warnings: []" provider=java
time="2026-09-23T15:01:06+02:00" level=info msg="language server log" line="!MESSAGE KONVEYOR_LOG: Results size: 0" provider=java
time="2026-09-23T15:01:06+02:00" level=info msg="language server log" line="!MESSAGE KONVEYOR_LOG: source-only analysis mode only scoping to Sources" provider=java
time="2026-09-23T15:01:06+02:00" level=info msg="language server log" line="!MESSAGE KONVEYOR_LOG: found errors: [] warnings: []" provider=java
time="2026-09-23T15:01:06+02:00" level=info msg="language server log" line="!MESSAGE KONVEYOR_LOG: pattern: MethodReferencePattern: java.util.jar.pack200.packer.addpropertychangelistener(...), exact match, case insensitive, generic erasure match, fine grain: QUALIFIED_REFERENCE" provider=java
time="2026-09-23T15:01:06+02:00" level=info msg="language server log" line="!MESSAGE KONVEYOR_LOG: pattern: MethodReferencePattern: java.lang.threadgroup.suspend(...), exact match, case insensitive, generic erasure match, fine grain: QUALIFIED_REFERENCE" provider=java
time="2026-09-23T15:01:06+02:00" level=info msg="language server log" line="!MESSAGE KONVEYOR_LOG: Searching in target project: [Lorg.eclipse.jdt.core.IJavaProject;@585d0dde" provider=java
time="2026-09-23T15:01:06+02:00" level=info msg="language server log" line="!MESSAGE KONVEYOR_LOG: source-only analysis mode only scoping to Sources" provider=java
time="2026-09-23T15:01:06+02:00" level=info msg="language server log" line="!MESSAGE KONVEYOR_LOG: found errors: [] warnings: []" provider=java
time="2026-09-23T15:01:06+02:00" level=info msg="language server log" line="!MESSAGE KONVEYOR_LOG: pattern: MethodReferencePattern: java.util.jar.pack200.unpacker.addpropertychangelistener(...), exact match, case insensitive, generic erasure match, fine grain: QUALIFIED_REFERENCE" provider=java
time="2026-09-23T15:01:06+02:00" level=info msg="Symbols retrieved" cap=referenced conditionInfo="{\"Referenced\":{\"Pattern\":\"java.util.jar.Pack200.Unpacker.addPropertyChangeListener\",\"Location\":\"METHOD_CALL\",\"annotated\":{\"pattern\":\"\"},\"Filepaths\":null}}" provider=java symbols=0
time="2026-09-23T15:01:06+02:00" level=info msg="language server log" line="!MESSAGE KONVEYOR_LOG: Got: 0 Number of search matching the query: \"javax.swing.plaf.basic.BasicScrollPaneUI.VSBChangeListener\" and location type: 0" provider=java
time="2026-09-23T15:01:06+02:00" level=info msg="language server log" line="!MESSAGE KONVEYOR_LOG: Results size: 0" provider=java
time="2026-09-23T15:01:06+02:00" level=info msg="language server log" line="!MESSAGE KONVEYOR_LOG: Got: 0 Number of search matching the query: \"java.util.jar.Pack200.Packer.addPropertyChangeListener\" and location type: 2" provider=java
time="2026-09-23T15:01:06+02:00" level=info msg="language server log" line="!MESSAGE KONVEYOR_LOG: Results size: 0" provider=java
time="2026-09-23T15:01:06+02:00" level=info msg="Symbols retrieved" cap=referenced conditionInfo="{\"Referenced\":{\"Pattern\":\"java.util.logging.LogManager.addPropertyChangeListener\",\"Location\":\"METHOD_CALL\",\"annotated\":{\"pattern\":\"\"},\"Filepaths\":null}}" provider=java symbols=0
time="2026-09-23T15:01:06+02:00" level=info msg="language server log" line="!MESSAGE KONVEYOR_LOG: Searching in target project: [Lorg.eclipse.jdt.core.IJavaProject;@16a5f5a8" provider=java
time="2026-09-23T15:01:06+02:00" level=info msg="language server log" line="!MESSAGE KONVEYOR_LOG: source-only analysis mode only scoping to Sources" provider=java
time="2026-09-23T15:01:06+02:00" level=info msg="language server log" line="!MESSAGE KONVEYOR_LOG: Got: 0 Number of search matching the query: \"java.util.jar.Pack200.Unpacker.addPropertyChangeListener\" and location type: 2" provider=java
time="2026-09-23T15:01:06+02:00" level=info msg="language server log" line="!MESSAGE KONVEYOR_LOG: Got: 0 Number of search matching the query: \"java.net.URLEncoder.encode\" and location type: 2" provider=java
time="2026-09-23T15:01:06+02:00" level=info msg="language server log" line="!MESSAGE KONVEYOR_LOG: Results size: 0" provider=java
time="2026-09-23T15:01:06+02:00" level=info msg="language server log" line="!MESSAGE KONVEYOR_LOG: Results size: 0" provider=java
time="2026-09-23T15:01:06+02:00" level=info msg="language server log" line="!MESSAGE KONVEYOR_LOG: Got: 0 Number of search matching the query: \"java.util.logging.LogManager.addPropertyChangeListener\" and location type: 2" provider=java
time="2026-09-23T15:01:06+02:00" level=info msg="language server log" line="!MESSAGE KONVEYOR_LOG: Results size: 0" provider=java
time="2026-09-23T15:01:06+02:00" level=info msg="Symbols retrieved" cap=referenced conditionInfo="{\"Referenced\":{\"Pattern\":\"java.net.URLEncoder.encode\",\"Location\":\"METHOD_CALL\",\"annotated\":{\"pattern\":\"\"},\"Filepaths\":null}}" provider=java symbols=0
time="2026-09-23T15:01:06+02:00" level=info msg="Adding Carrier span info to context" worker=2
time="2026-09-23T15:01:06+02:00" level=info msg="language server log" line="!MESSAGE KONVEYOR_LOG: found errors: [] warnings: []" provider=java
time="2026-09-23T15:01:06+02:00" level=info msg="rule returned" ruleID=utf-8-by-default-00020
time="2026-09-23T15:01:06+02:00" level=info msg="processed rule" logger=process-rule processed=299 ruleID=utf-8-by-default-00020 total=312
time="2026-09-23T15:01:06+02:00" level=info msg="language server log" line="!MESSAGE KONVEYOR_LOG: Searching in target project: [Lorg.eclipse.jdt.core.IJavaProject;@50cc0bee" provider=java
time="2026-09-23T15:01:06+02:00" level=info msg="language server log" line="!MESSAGE KONVEYOR_LOG: source-only analysis mode only scoping to Sources" provider=java
time="2026-09-23T15:01:06+02:00" level=info msg="language server log" line="!MESSAGE KONVEYOR_LOG: Searching in target project: [Lorg.eclipse.jdt.core.IJavaProject;@11938de" provider=java
time="2026-09-23T15:01:06+02:00" level=info msg="language server log" line="!MESSAGE KONVEYOR_LOG: Searching in target project: [Lorg.eclipse.jdt.core.IJavaProject;@3f0abe2e" provider=java
time="2026-09-23T15:01:06+02:00" level=info msg="language server log" line="!MESSAGE KONVEYOR_LOG: source-only analysis mode only scoping to Sources" provider=java
time="2026-09-23T15:01:06+02:00" level=info msg="language server log" line="!MESSAGE KONVEYOR_LOG: pattern: MethodReferencePattern: java.security.security.insertproviderat(...), exact match, case insensitive, generic erasure match, fine grain: QUALIFIED_REFERENCE" provider=java
time="2026-09-23T15:01:06+02:00" level=info msg="language server log" line="!MESSAGE KONVEYOR_LOG: found errors: [] warnings: []" provider=java
time="2026-09-23T15:01:06+02:00" level=info msg="language server log" line="!MESSAGE KONVEYOR_LOG: Searching in target project: [Lorg.eclipse.jdt.core.IJavaProject;@2888cdf8" provider=java
time="2026-09-23T15:01:06+02:00" level=info msg="language server log" line="!MESSAGE KONVEYOR_LOG: source-only analysis mode only scoping to Sources" provider=java
time="2026-09-23T15:01:06+02:00" level=info msg="language server log" line="!MESSAGE KONVEYOR_LOG: found errors: [] warnings: []" provider=java
time="2026-09-23T15:01:06+02:00" level=info msg="language server log" line="!MESSAGE KONVEYOR_LOG: pattern: MethodReferencePattern: java.util.jar.pack200.unpacker.removepropertychangelistener(...), exact match, case insensitive, generic erasure match, fine grain: QUALIFIED_REFERENCE" provider=java
time="2026-09-23T15:01:06+02:00" level=info msg="language server log" line="!MESSAGE KONVEYOR_LOG: Got: 0 Number of search matching the query: \"com.sun.image.codec.jpeg*\" and location type: 8" provider=java
time="2026-09-23T15:01:06+02:00" level=info msg="language server log" line="!MESSAGE KONVEYOR_LOG: found errors: [] warnings: []" provider=java
time="2026-09-23T15:01:06+02:00" level=info msg="Symbols retrieved" cap=referenced conditionInfo="{\"Referenced\":{\"Pattern\":\"java.util.jar.Pack200.Unpacker.removePropertyChangeListener\",\"Location\":\"METHOD_CALL\",\"annotated\":{\"pattern\":\"\"},\"Filepaths\":null}}" provider=java symbols=0
time="2026-09-23T15:01:06+02:00" level=info msg="Adding Carrier span info to context" worker=4
time="2026-09-23T15:01:06+02:00" level=info msg="language server log" line="!MESSAGE KONVEYOR_LOG: source-only analysis mode only scoping to Sources" provider=java
time="2026-09-23T15:01:06+02:00" level=info msg="rule returned" ruleID=java-8-deprecate-pack-00002
time="2026-09-23T15:01:06+02:00" level=info msg="processed rule" logger=process-rule processed=300 ruleID=java-8-deprecate-pack-00002 total=312
time="2026-09-23T15:01:06+02:00" level=info msg="language server log" line="!MESSAGE KONVEYOR_LOG: pattern: MethodReferencePattern: java.util.jar.pack200.packer.removepropertychangelistener(...), exact match, case insensitive, generic erasure match, fine grain: QUALIFIED_REFERENCE" provider=java
time="2026-09-23T15:01:06+02:00" level=info msg="language server log" line="!MESSAGE KONVEYOR_LOG: Got: 0 Number of search matching the query: \"java.util.jar.Pack200.Unpacker.removePropertyChangeListener\" and location type: 2" provider=java
time="2026-09-23T15:01:06+02:00" level=info msg="Symbols retrieved" cap=referenced conditionInfo="{\"Referenced\":{\"Pattern\":\"com.sun.image.codec.jpeg*\",\"Location\":\"IMPORT\",\"annotated\":{\"pattern\":\"\"},\"Filepaths\":null}}" provider=java symbols=0
time="2026-09-23T15:01:06+02:00" level=info msg="language server log" line="!MESSAGE KONVEYOR_LOG: Results size: 0" provider=java
time="2026-09-23T15:01:06+02:00" level=info msg="language server log" line="!MESSAGE KONVEYOR_LOG: Results size: 0" provider=java
time="2026-09-23T15:01:06+02:00" level=info msg="language server log" line="!MESSAGE KONVEYOR_LOG: pattern: PackageDeclarationPattern: <com.sun.media.sound*>, pattern match, case insensitive, generic full match, fine grain: none | PackageReferencePattern: <com.sun.media.sound*>, pattern match, case insensitive, generic full match, fine grain: none" provider=java
time="2026-09-23T15:01:06+02:00" level=info msg="language server log" line="!MESSAGE KONVEYOR_LOG: Got: 0 Number of search matching the query: \"java.util.jar.Pack200.Packer.removePropertyChangeListener\" and location type: 2" provider=java
time="2026-09-23T15:01:06+02:00" level=info msg="language server log" line="!MESSAGE KONVEYOR_LOG: found errors: [] warnings: []" provider=java
time="2026-09-23T15:01:06+02:00" level=info msg="language server log" line="!MESSAGE KONVEYOR_LOG: Results size: 0" provider=java
time="2026-09-23T15:01:06+02:00" level=info msg="Symbols retrieved" cap=referenced conditionInfo="{\"Referenced\":{\"Pattern\":\"java.util.jar.Pack200.Packer.removePropertyChangeListener\",\"Location\":\"METHOD_CALL\",\"annotated\":{\"pattern\":\"\"},\"Filepaths\":null}}" provider=java symbols=0
time="2026-09-23T15:01:06+02:00" level=info msg="Adding Carrier span info to context" worker=5
time="2026-09-23T15:01:06+02:00" level=info msg="rule returned" ruleID=java-8-deprecate-pack-00001
time="2026-09-23T15:01:06+02:00" level=info msg="processed rule" logger=process-rule processed=301 ruleID=java-8-deprecate-pack-00001 total=312
time="2026-09-23T15:01:06+02:00" level=info msg="language server log" line="!MESSAGE KONVEYOR_LOG: Searching in target project: [Lorg.eclipse.jdt.core.IJavaProject;@44b316e1" provider=java
time="2026-09-23T15:01:06+02:00" level=info msg="language server log" line="!MESSAGE KONVEYOR_LOG: Got: 0 Number of search matching the query: \"com.sun.media.sound*\" and location type: 11" provider=java
time="2026-09-23T15:01:06+02:00" level=info msg="language server log" line="!MESSAGE KONVEYOR_LOG: Searching in target project: [Lorg.eclipse.jdt.core.IJavaProject;@45a9639d" provider=java
time="2026-09-23T15:01:06+02:00" level=info msg="language server log" line="!MESSAGE KONVEYOR_LOG: Results size: 0" provider=java
time="2026-09-23T15:01:06+02:00" level=info msg="language server log" line="!MESSAGE KONVEYOR_LOG: source-only analysis mode only scoping to Sources" provider=java
time="2026-09-23T15:01:06+02:00" level=info msg="Symbols retrieved" cap=referenced conditionInfo="{\"Referenced\":{\"Pattern\":\"com.sun.media.sound*\",\"Location\":\"PACKAGE\",\"annotated\":{\"pattern\":\"\"},\"Filepaths\":null}}" provider=java symbols=0
time="2026-09-23T15:01:06+02:00" level=info msg="Adding Carrier span info to context" worker=9
time="2026-09-23T15:01:06+02:00" level=info msg="rule returned" ruleID=java-8-deprecate-security-00001
time="2026-09-23T15:01:06+02:00" level=info msg="processed rule" logger=process-rule processed=302 ruleID=java-8-deprecate-security-00001 total=312
time="2026-09-23T15:01:06+02:00" level=info msg="language server log" line="!MESSAGE KONVEYOR_LOG: found errors: [] warnings: []" provider=java
time="2026-09-23T15:01:06+02:00" level=info msg="language server log" line="!MESSAGE KONVEYOR_LOG: pattern: MethodReferencePattern: checkmemberaccess(...), exact match, case insensitive, generic erasure match, fine grain: none" provider=java
time="2026-09-23T15:01:06+02:00" level=info msg="language server log" line="!MESSAGE KONVEYOR_LOG: Searching in target project: [Lorg.eclipse.jdt.core.IJavaProject;@64e44f" provider=java
time="2026-09-23T15:01:06+02:00" level=info msg="language server log" line="!MESSAGE KONVEYOR_LOG: Got: 0 Number of search matching the query: \"checkMemberAccess\" and location type: 2" provider=java
time="2026-09-23T15:01:06+02:00" level=info msg="language server log" line="!MESSAGE KONVEYOR_LOG: Searching in target project: [Lorg.eclipse.jdt.core.IJavaProject;@1d24d928" provider=java
time="2026-09-23T15:01:06+02:00" level=info msg="language server log" line="!MESSAGE KONVEYOR_LOG: source-only analysis mode only scoping to Sources" provider=java
time="2026-09-23T15:01:06+02:00" level=info msg="language server log" line="!MESSAGE KONVEYOR_LOG: found errors: [] warnings: []" provider=java
time="2026-09-23T15:01:06+02:00" level=info msg="language server log" line="!MESSAGE KONVEYOR_LOG: source-only analysis mode only scoping to Sources" provider=java
time="2026-09-23T15:01:06+02:00" level=info msg="language server log" line="!MESSAGE KONVEYOR_LOG: Results size: 0" provider=java
time="2026-09-23T15:01:06+02:00" level=info msg="Symbols retrieved" cap=referenced conditionInfo="{\"Referenced\":{\"Pattern\":\"checkMemberAccess\",\"Location\":\"METHOD_CALL\",\"annotated\":{\"pattern\":\"\"},\"Filepaths\":null}}" provider=java symbols=0
time="2026-09-23T15:01:06+02:00" level=info msg="rule returned" ruleID=java-8-deprecate-security-manager-00001
time="2026-09-23T15:01:06+02:00" level=info msg="processed rule" logger=process-rule processed=303 ruleID=java-8-deprecate-security-manager-00001 total=312
time="2026-09-23T15:01:06+02:00" level=info msg="language server log" line="!MESSAGE KONVEYOR_LOG: source-only analysis mode only scoping to Sources" provider=java
time="2026-09-23T15:01:06+02:00" level=info msg="language server log" line="!MESSAGE KONVEYOR_LOG: found errors: [] warnings: []" provider=java
time="2026-09-23T15:01:06+02:00" level=info msg="language server log" line="!MESSAGE KONVEYOR_LOG: pattern: MethodReferencePattern: javax.swing.plaf.basic.basicdirectorymodel.intervaladded(...), exact match, case insensitive, generic erasure match, fine grain: QUALIFIED_REFERENCE" provider=java
time="2026-09-23T15:01:06+02:00" level=info msg="language server log" line="!MESSAGE KONVEYOR_LOG: Searching in target project: [Lorg.eclipse.jdt.core.IJavaProject;@6cf4e21d" provider=java
time="2026-09-23T15:01:06+02:00" level=info msg="language server log" line="!MESSAGE KONVEYOR_LOG: pattern: SuperInterfaceReferencePattern: <jpeg*>, pattern match, case insensitive, generic full match, fine grain: none" provider=java
time="2026-09-23T15:01:06+02:00" level=info msg="Symbols retrieved" cap=referenced conditionInfo="{\"Referenced\":{\"Pattern\":\"com.sun.image.codec.jpeg*\",\"Location\":\"INHERITANCE\",\"annotated\":{\"pattern\":\"\"},\"Filepaths\":null}}" provider=java symbols=0
time="2026-09-23T15:01:06+02:00" level=info msg="language server log" line="!MESSAGE KONVEYOR_LOG: Got: 0 Number of search matching the query: \"com.sun.image.codec.jpeg*\" and location type: 1" provider=java
time="2026-09-23T15:01:06+02:00" level=info msg="language server log" line="!MESSAGE KONVEYOR_LOG: Results size: 0" provider=java
time="2026-09-23T15:01:06+02:00" level=info msg="language server log" line="!MESSAGE KONVEYOR_LOG: found errors: [] warnings: []" provider=java
time="2026-09-23T15:01:06+02:00" level=info msg="language server log" line="!MESSAGE KONVEYOR_LOG: source-only analysis mode only scoping to Sources" provider=java
time="2026-09-23T15:01:06+02:00" level=info msg="language server log" line="!MESSAGE KONVEYOR_LOG: pattern: MethodReferencePattern: checktoplevelwindow(...), exact match, case insensitive, generic erasure match, fine grain: none" provider=java
time="2026-09-23T15:01:06+02:00" level=info msg="language server log" line="!MESSAGE KONVEYOR_LOG: found errors: [] warnings: []" provider=java
time="2026-09-23T15:01:06+02:00" level=info msg="language server log" line="!MESSAGE KONVEYOR_LOG: Searching in target project: [Lorg.eclipse.jdt.core.IJavaProject;@4c19aa15" provider=java
time="2026-09-23T15:01:06+02:00" level=info msg="language server log" line="!MESSAGE KONVEYOR_LOG: Got: 0 Number of search matching the query: \"checkTopLevelWindow\" and location type: 2" provider=java
time="2026-09-23T15:01:06+02:00" level=info msg="language server log" line="!MESSAGE KONVEYOR_LOG: source-only analysis mode only scoping to Sources" provider=java
time="2026-09-23T15:01:06+02:00" level=info msg="language server log" line="!MESSAGE KONVEYOR_LOG: pattern: MethodReferencePattern: java.util.logging.logmanager.removepropertychangelistener(...), exact match, case insensitive, generic erasure match, fine grain: QUALIFIED_REFERENCE" provider=java
time="2026-09-23T15:01:06+02:00" level=info msg="language server log" line="!MESSAGE KONVEYOR_LOG: found errors: [] warnings: []" provider=java
time="2026-09-23T15:01:06+02:00" level=info msg="Symbols retrieved" cap=referenced conditionInfo="{\"Referenced\":{\"Pattern\":\"checkTopLevelWindow\",\"Location\":\"METHOD_CALL\",\"annotated\":{\"pattern\":\"\"},\"Filepaths\":null}}" provider=java symbols=0
time="2026-09-23T15:01:06+02:00" level=info msg="language server log" line="!MESSAGE KONVEYOR_LOG: pattern: MethodReferencePattern: java.lang.thread.stop*(...), pattern match, case insensitive, generic erasure match, fine grain: QUALIFIED_REFERENCE" provider=java
time="2026-09-23T15:01:06+02:00" level=info msg="language server log" line="!MESSAGE KONVEYOR_LOG: pattern: MethodReferencePattern: javax.xml.stream.xmlinputfactory.newfactory(string, classloader), exact match, case insensitive, generic erasure match, fine grain: QUALIFIED_REFERENCE" provider=java
time="2026-09-23T15:01:06+02:00" level=info msg="language server log" line="!MESSAGE KONVEYOR_LOG: Results size: 0" provider=java
time="2026-09-23T15:01:06+02:00" level=info msg="language server log" line="!MESSAGE KONVEYOR_LOG: Searching in target project: [Lorg.eclipse.jdt.core.IJavaProject;@a28ae66" provider=java
time="2026-09-23T15:01:06+02:00" level=info msg="language server log" line="!MESSAGE KONVEYOR_LOG: source-only analysis mode only scoping to Sources" provider=java
time="2026-09-23T15:01:06+02:00" level=info msg="language server log" line="!MESSAGE KONVEYOR_LOG: found errors: [] warnings: []" provider=java
time="2026-09-23T15:01:06+02:00" level=info msg="language server log" line="!MESSAGE KONVEYOR_LOG: Got: 0 Number of search matching the query: \"java.lang.ThreadGroup.suspend\" and location type: 2" provider=java
time="2026-09-23T15:01:06+02:00" level=info msg="Symbols retrieved" cap=referenced conditionInfo="{\"Referenced\":{\"Pattern\":\"java.lang.ThreadGroup.suspend\",\"Location\":\"METHOD_CALL\",\"annotated\":{\"pattern\":\"\"},\"Filepaths\":null}}" provider=java symbols=0
time="2026-09-23T15:01:06+02:00" level=info msg="language server log" line="!MESSAGE KONVEYOR_LOG: pattern: MethodReferencePattern: com.sun.image.codec.jpeg*(...), pattern match, case insensitive, generic erasure match, fine grain: QUALIFIED_REFERENCE" provider=java
time="2026-09-23T15:01:06+02:00" level=info msg="language server log" line="!MESSAGE KONVEYOR_LOG: Results size: 0" provider=java
time="2026-09-23T15:01:06+02:00" level=info msg="language server log" line="!MESSAGE KONVEYOR_LOG: Got: 0 Number of search matching the query: \"java.security.Security.insertProviderAt\" and location type: 2" provider=java
time="2026-09-23T15:01:06+02:00" level=info msg="language server log" line="!MESSAGE KONVEYOR_LOG: Results size: 0" provider=java
time="2026-09-23T15:01:06+02:00" level=info msg="Symbols retrieved" cap=referenced conditionInfo="{\"Referenced\":{\"Pattern\":\"java.security.Security.insertProviderAt\",\"Location\":\"METHOD_CALL\",\"annotated\":{\"pattern\":\"\"},\"Filepaths\":null}}" provider=java symbols=0
time="2026-09-23T15:01:06+02:00" level=info msg="language server log" line="!MESSAGE KONVEYOR_LOG: Searching in target project: [Lorg.eclipse.jdt.core.IJavaProject;@56692be" provider=java
time="2026-09-23T15:01:06+02:00" level=info msg="language server log" line="!MESSAGE KONVEYOR_LOG: source-only analysis mode only scoping to Sources" provider=java
time="2026-09-23T15:01:06+02:00" level=info msg="language server log" line="!MESSAGE KONVEYOR_LOG: found errors: [] warnings: []" provider=java
time="2026-09-23T15:01:06+02:00" level=info msg="language server log" line="!MESSAGE KONVEYOR_LOG: pattern: MethodReferencePattern: checksystemclipboardaccess(...), exact match, case insensitive, generic erasure match, fine grain: none" provider=java
time="2026-09-23T15:01:06+02:00" level=info msg="language server log" line="!MESSAGE KONVEYOR_LOG: Got: 0 Number of search matching the query: \"checkSystemClipboardAccess\" and location type: 2" provider=java
time="2026-09-23T15:01:06+02:00" level=info msg="language server log" line="!MESSAGE KONVEYOR_LOG: Results size: 0" provider=java
time="2026-09-23T15:01:06+02:00" level=info msg="Symbols retrieved" cap=referenced conditionInfo="{\"Referenced\":{\"Pattern\":\"checkSystemClipboardAccess\",\"Location\":\"METHOD_CALL\",\"annotated\":{\"pattern\":\"\"},\"Filepaths\":null}}" provider=java symbols=0
time="2026-09-23T15:01:06+02:00" level=info msg="language server log" line="!MESSAGE KONVEYOR_LOG: Searching in target project: [Lorg.eclipse.jdt.core.IJavaProject;@4159b54e" provider=java
time="2026-09-23T15:01:06+02:00" level=info msg="language server log" line="!MESSAGE KONVEYOR_LOG: source-only analysis mode only scoping to Sources" provider=java
time="2026-09-23T15:01:06+02:00" level=info msg="language server log" line="!MESSAGE KONVEYOR_LOG: found errors: [] warnings: []" provider=java
time="2026-09-23T15:01:06+02:00" level=info msg="language server log" line="!MESSAGE KONVEYOR_LOG: Searching in target project: [Lorg.eclipse.jdt.core.IJavaProject;@66eb245f" provider=java
time="2026-09-23T15:01:06+02:00" level=info msg="language server log" line="!MESSAGE KONVEYOR_LOG: source-only analysis mode only scoping to Sources" provider=java
time="2026-09-23T15:01:06+02:00" level=info msg="language server log" line="!MESSAGE KONVEYOR_LOG: found errors: [] warnings: []" provider=java
time="2026-09-23T15:01:06+02:00" level=info msg="language server log" line="!MESSAGE KONVEYOR_LOG: pattern: MethodReferencePattern: java.lang.threadgroup.resume(...), exact match, case insensitive, generic erasure match, fine grain: QUALIFIED_REFERENCE" provider=java
time="2026-09-23T15:01:06+02:00" level=info msg="language server log" line="!MESSAGE KONVEYOR_LOG: pattern: TypeDeclarationPattern: qualification<java.security>, type<Provider> TypeDeclarationPattern: pkg<*>, enclosing<*>, type<Provider>, exact match, case sensitive, generic full match, fine grain: none | TypeReferencePattern: qualification<java.security>, type<Provider>, exact match, case sensitive, generic full match, fine grain: none" provider=java
time="2026-09-23T15:01:06+02:00" level=info msg="language server log" line="!MESSAGE KONVEYOR_LOG: Got: 0 Number of search matching the query: \"java.security.Provider\" and location type: 8" provider=java
time="2026-09-23T15:01:06+02:00" level=info msg="language server log" line="!MESSAGE KONVEYOR_LOG: Results size: 0" provider=java
time="2026-09-23T15:01:06+02:00" level=info msg="Symbols retrieved" cap=referenced conditionInfo="{\"Referenced\":{\"Pattern\":\"java.security.Provider\",\"Location\":\"IMPORT\",\"annotated\":{\"pattern\":\"\"},\"Filepaths\":null}}" provider=java symbols=0
time="2026-09-23T15:01:06+02:00" level=info msg="rule returned" ruleID=java-8-deprecate-security-00002
time="2026-09-23T15:01:06+02:00" level=info msg="processed rule" logger=process-rule processed=304 ruleID=java-8-deprecate-security-00002 total=312
time="2026-09-23T15:01:06+02:00" level=info msg="language server log" line="!MESSAGE KONVEYOR_LOG: Got: 0 Number of search matching the query: \"com.sun.image.codec.jpeg*\" and location type: 2" provider=java
time="2026-09-23T15:01:06+02:00" level=info msg="language server log" line="!MESSAGE KONVEYOR_LOG: Searching in target project: [Lorg.eclipse.jdt.core.IJavaProject;@615e386e" provider=java
time="2026-09-23T15:01:06+02:00" level=info msg="language server log" line="!MESSAGE KONVEYOR_LOG: source-only analysis mode only scoping to Sources" provider=java
time="2026-09-23T15:01:06+02:00" level=info msg="language server log" line="!MESSAGE KONVEYOR_LOG: found errors: [] warnings: []" provider=java
time="2026-09-23T15:01:06+02:00" level=info msg="language server log" line="!MESSAGE KONVEYOR_LOG: Results size: 0" provider=java
time="2026-09-23T15:01:06+02:00" level=info msg="Symbols retrieved" cap=referenced conditionInfo="{\"Referenced\":{\"Pattern\":\"com.sun.image.codec.jpeg*\",\"Location\":\"METHOD_CALL\",\"annotated\":{\"pattern\":\"\"},\"Filepaths\":null}}" provider=java symbols=0
time="2026-09-23T15:01:06+02:00" level=info msg="language server log" line="!MESSAGE KONVEYOR_LOG: pattern: MethodReferencePattern: checkawteventqueueaccess(...), exact match, case insensitive, generic erasure match, fine grain: none" provider=java
time="2026-09-23T15:01:06+02:00" level=info msg="language server log" line="!MESSAGE KONVEYOR_LOG: Got: 0 Number of search matching the query: \"checkAwtEventQueueAccess\" and location type: 2" provider=java
time="2026-09-23T15:01:06+02:00" level=info msg="Symbols retrieved" cap=referenced conditionInfo="{\"Referenced\":{\"Pattern\":\"checkAwtEventQueueAccess\",\"Location\":\"METHOD_CALL\",\"annotated\":{\"pattern\":\"\"},\"Filepaths\":null}}" provider=java symbols=0
time="2026-09-23T15:01:06+02:00" level=info msg="rule returned" ruleID=java-8-deprecate-security-manager-00002
time="2026-09-23T15:01:06+02:00" level=info msg="processed rule" logger=process-rule processed=305 ruleID=java-8-deprecate-security-manager-00002 total=312
time="2026-09-23T15:01:06+02:00" level=info msg="language server log" line="!MESSAGE KONVEYOR_LOG: Results size: 0" provider=java
time="2026-09-23T15:01:06+02:00" level=info msg="language server log" line="!MESSAGE KONVEYOR_LOG: Searching in target project: [Lorg.eclipse.jdt.core.IJavaProject;@2c011c24" provider=java
time="2026-09-23T15:01:06+02:00" level=info msg="language server log" line="!MESSAGE KONVEYOR_LOG: source-only analysis mode only scoping to Sources" provider=java
time="2026-09-23T15:01:06+02:00" level=info msg="language server log" line="!MESSAGE KONVEYOR_LOG: found errors: [] warnings: []" provider=java
time="2026-09-23T15:01:06+02:00" level=info msg="language server log" line="!MESSAGE KONVEYOR_LOG: pattern: TypeReferencePattern: qualification<com.sun.image.codec>, type<jpeg*>, pattern match, case insensitive, generic erasure match, fine grain: none" provider=java
time="2026-09-23T15:01:06+02:00" level=info msg="language server log" line="!MESSAGE KONVEYOR_LOG: Got: 0 Number of search matching the query: \"com.sun.image.codec.jpeg*\" and location type: 9" provider=java
time="2026-09-23T15:01:06+02:00" level=info msg="language server log" line="!MESSAGE KONVEYOR_LOG: Results size: 0" provider=java
time="2026-09-23T15:01:06+02:00" level=info msg="Symbols retrieved" cap=referenced conditionInfo="{\"Referenced\":{\"Pattern\":\"com.sun.image.codec.jpeg*\",\"Location\":\"VARIABLE_DECLARATION\",\"annotated\":{\"pattern\":\"\"},\"Filepaths\":null}}" provider=java symbols=0
time="2026-09-23T15:01:06+02:00" level=info msg="rule returned" ruleID=oracle2openjdk-00006
time="2026-09-23T15:01:06+02:00" level=info msg="processed rule" logger=process-rule processed=306 ruleID=oracle2openjdk-00006 total=312
time="2026-09-23T15:01:06+02:00" level=info msg="language server log" line="!MESSAGE KONVEYOR_LOG: Got: 0 Number of search matching the query: \"javax.xml.stream.XMLInputFactory.newFactory(String,ClassLoader)\" and location type: 2" provider=java
time="2026-09-23T15:01:06+02:00" level=info msg="language server log" line="!MESSAGE KONVEYOR_LOG: Got: 0 Number of search matching the query: \"java.lang.ThreadGroup.resume\" and location type: 2" provider=java
time="2026-09-23T15:01:06+02:00" level=info msg="language server log" line="!MESSAGE KONVEYOR_LOG: Got: 0 Number of search matching the query: \"javax.swing.plaf.basic.BasicDirectoryModel.intervalAdded\" and location type: 2" provider=java
time="2026-09-23T15:01:06+02:00" level=info msg="language server log" line="!MESSAGE KONVEYOR_LOG: Results size: 0" provider=java
time="2026-09-23T15:01:06+02:00" level=info msg="language server log" line="!MESSAGE KONVEYOR_LOG: Results size: 0" provider=java
time="2026-09-23T15:01:06+02:00" level=info msg="Symbols retrieved" cap=referenced conditionInfo="{\"Referenced\":{\"Pattern\":\"javax.xml.stream.XMLInputFactory.newFactory(String,ClassLoader)\",\"Location\":\"METHOD_CALL\",\"annotated\":{\"pattern\":\"\"},\"Filepaths\":null}}" provider=java symbols=0
time="2026-09-23T15:01:06+02:00" level=info msg="Symbols retrieved" cap=referenced conditionInfo="{\"Referenced\":{\"Pattern\":\"javax.swing.plaf.basic.BasicDirectoryModel.intervalAdded\",\"Location\":\"METHOD_CALL\",\"annotated\":{\"pattern\":\"\"},\"Filepaths\":null}}" provider=java symbols=0
time="2026-09-23T15:01:06+02:00" level=info msg="Symbols retrieved" cap=referenced conditionInfo="{\"Referenced\":{\"Pattern\":\"java.lang.ThreadGroup.resume\",\"Location\":\"METHOD_CALL\",\"annotated\":{\"pattern\":\"\"},\"Filepaths\":null}}" provider=java symbols=0
time="2026-09-23T15:01:06+02:00" level=info msg="language server log" line="!MESSAGE KONVEYOR_LOG: Results size: 0" provider=java
time="2026-09-23T15:01:06+02:00" level=info msg="language server log" line="!MESSAGE KONVEYOR_LOG: Got: 0 Number of search matching the query: \"java.util.logging.LogManager.removePropertyChangeListener\" and location type: 2" provider=java
time="2026-09-23T15:01:06+02:00" level=info msg="language server log" line="!MESSAGE KONVEYOR_LOG: Results size: 0" provider=java
time="2026-09-23T15:01:06+02:00" level=info msg="Symbols retrieved" cap=referenced conditionInfo="{\"Referenced\":{\"Pattern\":\"java.util.logging.LogManager.removePropertyChangeListener\",\"Location\":\"METHOD_CALL\",\"annotated\":{\"pattern\":\"\"},\"Filepaths\":null}}" provider=java symbols=0
time="2026-09-23T15:01:06+02:00" level=info msg="rule returned" ruleID=java-8-deprecate-log-00001
time="2026-09-23T15:01:06+02:00" level=info msg="processed rule" logger=process-rule processed=307 ruleID=java-8-deprecate-log-00001 total=312
time="2026-09-23T15:01:06+02:00" level=info msg="language server log" line="!MESSAGE KONVEYOR_LOG: Got: 0 Number of search matching the query: \"java.lang.Thread.stop*\" and location type: 2" provider=java
time="2026-09-23T15:01:06+02:00" level=info msg="language server log" line="!MESSAGE KONVEYOR_LOG: Results size: 0" provider=java
time="2026-09-23T15:01:06+02:00" level=info msg="Symbols retrieved" cap=referenced conditionInfo="{\"Referenced\":{\"Pattern\":\"java.lang.Thread.stop*\",\"Location\":\"METHOD_CALL\",\"annotated\":{\"pattern\":\"\"},\"Filepaths\":null}}" provider=java symbols=0
time="2026-09-23T15:01:06+02:00" level=info msg="rule returned" ruleID=java-8-deprecate-thread-00001
time="2026-09-23T15:01:06+02:00" level=info msg="processed rule" logger=process-rule processed=308 ruleID=java-8-deprecate-thread-00001 total=312
time="2026-09-23T15:01:06+02:00" level=info msg="language server log" line="!MESSAGE KONVEYOR_LOG: Searching in target project: [Lorg.eclipse.jdt.core.IJavaProject;@25520510" provider=java
time="2026-09-23T15:01:06+02:00" level=info msg="language server log" line="!MESSAGE KONVEYOR_LOG: Searching in target project: [Lorg.eclipse.jdt.core.IJavaProject;@3e17f7c3" provider=java
time="2026-09-23T15:01:06+02:00" level=info msg="language server log" line="!MESSAGE KONVEYOR_LOG: Searching in target project: [Lorg.eclipse.jdt.core.IJavaProject;@149f1b5d" provider=java
time="2026-09-23T15:01:06+02:00" level=info msg="language server log" line="!MESSAGE KONVEYOR_LOG: source-only analysis mode only scoping to Sources" provider=java
time="2026-09-23T15:01:06+02:00" level=info msg="language server log" line="!MESSAGE KONVEYOR_LOG: source-only analysis mode only scoping to Sources" provider=java
time="2026-09-23T15:01:06+02:00" level=info msg="language server log" line="!MESSAGE KONVEYOR_LOG: found errors: [] warnings: []" provider=java
time="2026-09-23T15:01:06+02:00" level=info msg="language server log" line="!MESSAGE KONVEYOR_LOG: source-only analysis mode only scoping to Sources" provider=java
time="2026-09-23T15:01:06+02:00" level=info msg="language server log" line="!MESSAGE KONVEYOR_LOG: found errors: [] warnings: []" provider=java
time="2026-09-23T15:01:06+02:00" level=info msg="language server log" line="!MESSAGE KONVEYOR_LOG: found errors: [] warnings: []" provider=java
time="2026-09-23T15:01:06+02:00" level=info msg="language server log" line="!MESSAGE KONVEYOR_LOG: pattern: MethodReferencePattern: java.lang.threadgroup.stop(...), exact match, case insensitive, generic erasure match, fine grain: QUALIFIED_REFERENCE" provider=java
time="2026-09-23T15:01:06+02:00" level=info msg="language server log" line="!MESSAGE KONVEYOR_LOG: pattern: MethodReferencePattern: javax.xml.stream.xmloutputfactory.newfactory(string, classloader), exact match, case insensitive, generic erasure match, fine grain: QUALIFIED_REFERENCE" provider=java
time="2026-09-23T15:01:06+02:00" level=info msg="language server log" line="!MESSAGE KONVEYOR_LOG: pattern: MethodReferencePattern: javax.swing.plaf.basic.basicdirectorymodel.intervalremoved(...), exact match, case insensitive, generic erasure match, fine grain: QUALIFIED_REFERENCE" provider=java
time="2026-09-23T15:01:06+02:00" level=info msg="language server log" line="!MESSAGE KONVEYOR_LOG: Got: 0 Number of search matching the query: \"javax.xml.stream.XMLOutputFactory.newFactory(String,ClassLoader)\" and location type: 2" provider=java
time="2026-09-23T15:01:06+02:00" level=info msg="language server log" line="!MESSAGE KONVEYOR_LOG: Got: 0 Number of search matching the query: \"javax.swing.plaf.basic.BasicDirectoryModel.intervalRemoved\" and location type: 2" provider=java
time="2026-09-23T15:01:06+02:00" level=info msg="language server log" line="!MESSAGE KONVEYOR_LOG: Results size: 0" provider=java
time="2026-09-23T15:01:06+02:00" level=info msg="Symbols retrieved" cap=referenced conditionInfo="{\"Referenced\":{\"Pattern\":\"javax.xml.stream.XMLOutputFactory.newFactory(String,ClassLoader)\",\"Location\":\"METHOD_CALL\",\"annotated\":{\"pattern\":\"\"},\"Filepaths\":null}}" provider=java symbols=0
time="2026-09-23T15:01:06+02:00" level=info msg="language server log" line="!MESSAGE KONVEYOR_LOG: Results size: 0" provider=java
time="2026-09-23T15:01:06+02:00" level=info msg="language server log" line="!MESSAGE KONVEYOR_LOG: Got: 0 Number of search matching the query: \"java.lang.ThreadGroup.stop\" and location type: 2" provider=java
time="2026-09-23T15:01:06+02:00" level=info msg="Symbols retrieved" cap=referenced conditionInfo="{\"Referenced\":{\"Pattern\":\"javax.swing.plaf.basic.BasicDirectoryModel.intervalRemoved\",\"Location\":\"METHOD_CALL\",\"annotated\":{\"pattern\":\"\"},\"Filepaths\":null}}" provider=java symbols=0
time="2026-09-23T15:01:06+02:00" level=info msg="language server log" line="!MESSAGE KONVEYOR_LOG: Results size: 0" provider=java
time="2026-09-23T15:01:06+02:00" level=info msg="Symbols retrieved" cap=referenced conditionInfo="{\"Referenced\":{\"Pattern\":\"java.lang.ThreadGroup.stop\",\"Location\":\"METHOD_CALL\",\"annotated\":{\"pattern\":\"\"},\"Filepaths\":null}}" provider=java symbols=0
time="2026-09-23T15:01:06+02:00" level=info msg="rule returned" ruleID=java-19-deprecate-thread-00000
time="2026-09-23T15:01:06+02:00" level=info msg="processed rule" logger=process-rule processed=309 ruleID=java-19-deprecate-thread-00000 total=312
time="2026-09-23T15:01:06+02:00" level=info msg="language server log" line="!MESSAGE KONVEYOR_LOG: Searching in target project: [Lorg.eclipse.jdt.core.IJavaProject;@107c83b" provider=java
time="2026-09-23T15:01:06+02:00" level=info msg="language server log" line="!MESSAGE KONVEYOR_LOG: Searching in target project: [Lorg.eclipse.jdt.core.IJavaProject;@4167dd00" provider=java
time="2026-09-23T15:01:06+02:00" level=info msg="language server log" line="!MESSAGE KONVEYOR_LOG: source-only analysis mode only scoping to Sources" provider=java
time="2026-09-23T15:01:06+02:00" level=info msg="language server log" line="!MESSAGE KONVEYOR_LOG: source-only analysis mode only scoping to Sources" provider=java
time="2026-09-23T15:01:06+02:00" level=info msg="language server log" line="!MESSAGE KONVEYOR_LOG: found errors: [] warnings: []" provider=java
time="2026-09-23T15:01:06+02:00" level=info msg="language server log" line="!MESSAGE KONVEYOR_LOG: found errors: [] warnings: []" provider=java
time="2026-09-23T15:01:06+02:00" level=info msg="language server log" line="!MESSAGE KONVEYOR_LOG: pattern: MethodReferencePattern: javax.xml.stream.xmleventfactory.newfactory(string, classloader), exact match, case insensitive, generic erasure match, fine grain: QUALIFIED_REFERENCE" provider=java
time="2026-09-23T15:01:06+02:00" level=info msg="language server log" line="!MESSAGE KONVEYOR_LOG: pattern: MethodReferencePattern: javax.swing.plaf.basic.basicdirectorymodel.lt(...), exact match, case insensitive, generic erasure match, fine grain: QUALIFIED_REFERENCE" provider=java
time="2026-09-23T15:01:06+02:00" level=info msg="language server log" line="!MESSAGE KONVEYOR_LOG: Got: 0 Number of search matching the query: \"javax.swing.plaf.basic.BasicDirectoryModel.lt\" and location type: 2" provider=java
time="2026-09-23T15:01:06+02:00" level=info msg="language server log" line="!MESSAGE KONVEYOR_LOG: Results size: 0" provider=java
time="2026-09-23T15:01:06+02:00" level=info msg="Symbols retrieved" cap=referenced conditionInfo="{\"Referenced\":{\"Pattern\":\"javax.swing.plaf.basic.BasicDirectoryModel.lt\",\"Location\":\"METHOD_CALL\",\"annotated\":{\"pattern\":\"\"},\"Filepaths\":null}}" provider=java symbols=0
time="2026-09-23T15:01:06+02:00" level=info msg="Symbols retrieved" cap=referenced conditionInfo="{\"Referenced\":{\"Pattern\":\"javax.xml.stream.XMLEventFactory.newFactory(String,ClassLoader)\",\"Location\":\"METHOD_CALL\",\"annotated\":{\"pattern\":\"\"},\"Filepaths\":null}}" provider=java symbols=0
time="2026-09-23T15:01:06+02:00" level=info msg="rule returned" ruleID=java-8-deprecate-stream-00001
time="2026-09-23T15:01:06+02:00" level=info msg="processed rule" logger=process-rule processed=310 ruleID=java-8-deprecate-stream-00001 total=312
time="2026-09-23T15:01:06+02:00" level=info msg="language server log" line="!MESSAGE KONVEYOR_LOG: Got: 0 Number of search matching the query: \"javax.xml.stream.XMLEventFactory.newFactory(String,ClassLoader)\" and location type: 2" provider=java
time="2026-09-23T15:01:06+02:00" level=info msg="language server log" line="!MESSAGE KONVEYOR_LOG: Results size: 0" provider=java
time="2026-09-23T15:01:06+02:00" level=info msg="language server log" line="!MESSAGE KONVEYOR_LOG: Searching in target project: [Lorg.eclipse.jdt.core.IJavaProject;@702544f0" provider=java
time="2026-09-23T15:01:06+02:00" level=info msg="language server log" line="!MESSAGE KONVEYOR_LOG: source-only analysis mode only scoping to Sources" provider=java
time="2026-09-23T15:01:06+02:00" level=info msg="language server log" line="!MESSAGE KONVEYOR_LOG: found errors: [] warnings: []" provider=java
time="2026-09-23T15:01:06+02:00" level=info msg="language server log" line="!MESSAGE KONVEYOR_LOG: pattern: MethodReferencePattern: javax.swing.plaf.basic.basictoolbarui.createfloatingframe(...), exact match, case insensitive, generic erasure match, fine grain: QUALIFIED_REFERENCE" provider=java
time="2026-09-23T15:01:06+02:00" level=info msg="language server log" line="!MESSAGE KONVEYOR_LOG: Got: 0 Number of search matching the query: \"javax.swing.plaf.basic.BasicToolBarUI.createFloatingFrame\" and location type: 2" provider=java
time="2026-09-23T15:01:06+02:00" level=info msg="language server log" line="!MESSAGE KONVEYOR_LOG: Results size: 0" provider=java
time="2026-09-23T15:01:06+02:00" level=info msg="Symbols retrieved" cap=referenced conditionInfo="{\"Referenced\":{\"Pattern\":\"javax.swing.plaf.basic.BasicToolBarUI.createFloatingFrame\",\"Location\":\"METHOD_CALL\",\"annotated\":{\"pattern\":\"\"},\"Filepaths\":null}}" provider=java symbols=0
time="2026-09-23T15:01:06+02:00" level=info msg="rule returned" ruleID=java-19-deprecate-class-00010
time="2026-09-23T15:01:06+02:00" level=info msg="processed rule" logger=process-rule processed=311 ruleID=java-19-deprecate-class-00010 total=312
time="2026-09-23T15:01:06+02:00" level=info msg="rule returned" ruleID=cra-insecure-tls-config-02000
time="2026-09-23T15:01:06+02:00" level=info msg="processed rule" logger=process-rule processed=312 ruleID=cra-insecure-tls-config-02000 total=312
time="2026-09-23T15:01:06+02:00" level=info msg="language server context cancelled closing pipes" provider=java
time="2026-09-23T15:01:06+02:00" level=info msg="log follower context cancelled" provider=java
time="2026-09-23T15:01:06+02:00" level=info msg="RPC connection closed after context cancellation" error="{}" provider=java
time="2026-09-23T15:01:06+02:00" level=info msg="java provider shutdown complete" exitCode=-1 provider=java
